#! /usr/local/iverilog/bin/vvp
:ivl_version "11.0 (devel)" "(s20150603-642-g3bdb50da)";
:ivl_delay_selection "TYPICAL";
:vpi_time_precision - 9;
:vpi_module "system";
:vpi_module "vhdl_sys";
:vpi_module "vhdl_textio";
:vpi_module "v2005_math";
:vpi_module "va_math";
S_00000000016719e0 .scope module, "create_number" "create_number" 2 19;
 .timescale 0 0;
    .port_info 0 /INPUT 1 "clk";
    .port_info 1 /INPUT 4 "btn";
    .port_info 2 /OUTPUT 4 "n0";
    .port_info 3 /OUTPUT 4 "n1";
    .port_info 4 /OUTPUT 4 "n2";
    .port_info 5 /OUTPUT 4 "n3";
L_0000000001714818 .functor BUFT 1, C4<0001>, C4<0>, C4<0>, C4<0>;
v0000000001637080_0 .net/2u *"_s0", 3 0, L_0000000001714818;  1 drivers
L_00000000017148f0 .functor BUFT 1, C4<0001>, C4<0>, C4<0>, C4<0>;
v0000000001638160_0 .net/2u *"_s12", 3 0, L_00000000017148f0;  1 drivers
v0000000001637bc0_0 .net *"_s35", 0 0, L_0000000001709ec0;  1 drivers
v0000000001635be0_0 .net *"_s39", 0 0, L_0000000001709f60;  1 drivers
L_0000000001714860 .functor BUFT 1, C4<0001>, C4<0>, C4<0>, C4<0>;
v0000000001635c80_0 .net/2u *"_s4", 3 0, L_0000000001714860;  1 drivers
v0000000001637c60_0 .net *"_s43", 0 0, L_000000000170bae0;  1 drivers
v0000000001637d00_0 .net *"_s47", 0 0, L_0000000001709880;  1 drivers
L_00000000017148a8 .functor BUFT 1, C4<0001>, C4<0>, C4<0>, C4<0>;
v0000000001637da0_0 .net/2u *"_s8", 3 0, L_00000000017148a8;  1 drivers
o0000000001672438 .functor BUFZ 4, C4<zzzz>; HiZ drive
v00000000016367c0_0 .net "btn", 3 0, o0000000001672438;  0 drivers
o0000000001671e68 .functor BUFZ 1, C4<z>; HiZ drive
v0000000001635d20_0 .net "clk", 0 0, o0000000001671e68;  0 drivers
v0000000001636360_0 .var "n0", 3 0;
v0000000001636400_0 .var "n1", 3 0;
v0000000001636860_0 .var "n2", 3 0;
v0000000001636900_0 .var "n3", 3 0;
v00000000016369a0_0 .net "t0", 3 0, L_0000000001709c40;  1 drivers
v00000000016371c0_0 .net "t1", 3 0, L_000000000170a500;  1 drivers
v0000000001636ae0_0 .net "t2", 3 0, L_000000000170a780;  1 drivers
v0000000001638e80_0 .net "t3", 3 0, L_000000000170b7c0;  1 drivers
v0000000001639e20_0 .net "tbtn", 3 0, L_000000000170b400;  1 drivers
E_0000000001658e20 .event posedge, L_0000000001709880;
E_0000000001658fe0 .event posedge, L_000000000170bae0;
E_0000000001658420 .event posedge, L_0000000001709f60;
E_0000000001658560 .event posedge, L_0000000001709ec0;
L_0000000001709c40 .arith/sum 4, v0000000001636360_0, L_0000000001714818;
L_000000000170a500 .arith/sum 4, v0000000001636400_0, L_0000000001714860;
L_000000000170a780 .arith/sum 4, v0000000001636860_0, L_00000000017148a8;
L_000000000170b7c0 .arith/sum 4, v0000000001636900_0, L_00000000017148f0;
L_000000000170a460 .part o0000000001672438, 0, 1;
L_000000000170ba40 .part o0000000001672438, 1, 1;
L_000000000170bd60 .part o0000000001672438, 2, 1;
L_0000000001709920 .part o0000000001672438, 3, 1;
L_000000000170b400 .concat8 [ 1 1 1 1], v0000000001637940_0, v0000000001635fa0_0, v0000000001636f40_0, v0000000001636fe0_0;
L_0000000001709ec0 .part L_000000000170b400, 0, 1;
L_0000000001709f60 .part L_000000000170b400, 1, 1;
L_000000000170bae0 .part L_000000000170b400, 2, 1;
L_0000000001709880 .part L_000000000170b400, 3, 1;
S_0000000001185b40 .scope module, "db0" "pbdebounce" 2 39, 2 1 0, S_00000000016719e0;
 .timescale 0 0;
    .port_info 0 /INPUT 1 "clk_1ms";
    .port_info 1 /INPUT 1 "I";
    .port_info 2 /OUTPUT 1 "O";
v0000000001635dc0_0 .net "I", 0 0, L_000000000170a460;  1 drivers
v0000000001637940_0 .var "O", 0 0;
v0000000001636a40_0 .net "clk_1ms", 0 0, o0000000001671e68;  alias, 0 drivers
v0000000001636ea0_0 .var "pbshift", 7 0;
E_0000000001658620 .event posedge, v0000000001636a40_0;
S_0000000001185cd0 .scope module, "db1" "pbdebounce" 2 40, 2 1 0, S_00000000016719e0;
 .timescale 0 0;
    .port_info 0 /INPUT 1 "clk_1ms";
    .port_info 1 /INPUT 1 "I";
    .port_info 2 /OUTPUT 1 "O";
v00000000016364a0_0 .net "I", 0 0, L_000000000170ba40;  1 drivers
v0000000001635fa0_0 .var "O", 0 0;
v0000000001638020_0 .net "clk_1ms", 0 0, o0000000001671e68;  alias, 0 drivers
v00000000016360e0_0 .var "pbshift", 7 0;
S_00000000011a05f0 .scope module, "db2" "pbdebounce" 2 41, 2 1 0, S_00000000016719e0;
 .timescale 0 0;
    .port_info 0 /INPUT 1 "clk_1ms";
    .port_info 1 /INPUT 1 "I";
    .port_info 2 /OUTPUT 1 "O";
v0000000001635e60_0 .net "I", 0 0, L_000000000170bd60;  1 drivers
v0000000001636f40_0 .var "O", 0 0;
v0000000001636040_0 .net "clk_1ms", 0 0, o0000000001671e68;  alias, 0 drivers
v00000000016380c0_0 .var "pbshift", 7 0;
S_00000000011a0780 .scope module, "db3" "pbdebounce" 2 42, 2 1 0, S_00000000016719e0;
 .timescale 0 0;
    .port_info 0 /INPUT 1 "clk_1ms";
    .port_info 1 /INPUT 1 "I";
    .port_info 2 /OUTPUT 1 "O";
v0000000001636b80_0 .net "I", 0 0, L_0000000001709920;  1 drivers
v0000000001636fe0_0 .var "O", 0 0;
v0000000001636680_0 .net "clk_1ms", 0 0, o0000000001671e68;  alias, 0 drivers
v0000000001637a80_0 .var "pbshift", 7 0;
S_00000000011c0360 .scope module, "display_sync" "display_sync" 3 1;
 .timescale 0 0;
    .port_info 0 /INPUT 4 "I0";
    .port_info 1 /INPUT 4 "I1";
    .port_info 2 /INPUT 4 "I2";
    .port_info 3 /INPUT 4 "I3";
    .port_info 4 /INPUT 4 "points";
    .port_info 5 /INPUT 4 "LES";
    .port_info 6 /INPUT 2 "scan";
    .port_info 7 /OUTPUT 4 "Hex";
    .port_info 8 /OUTPUT 4 "AN";
    .port_info 9 /OUTPUT 1 "p";
    .port_info 10 /OUTPUT 1 "LE";
L_0000000001655110 .functor AND 1, L_000000000170cd00, L_000000000170d200, C4<1>, C4<1>;
L_0000000001655a40 .functor AND 1, L_000000000170c1c0, L_000000000170d5c0, C4<1>, C4<1>;
L_0000000001655ab0 .functor OR 1, L_0000000001655110, L_0000000001655a40, C4<0>, C4<0>;
L_0000000001655b20 .functor AND 1, L_000000000170dca0, L_000000000170cbc0, C4<1>, C4<1>;
L_0000000001657170 .functor OR 1, L_0000000001655ab0, L_0000000001655b20, C4<0>, C4<0>;
L_0000000001656b50 .functor AND 1, L_000000000170d2a0, L_000000000170cc60, C4<1>, C4<1>;
L_00000000016571e0 .functor OR 1, L_0000000001657170, L_0000000001656b50, C4<0>, C4<0>;
L_0000000001657020 .functor AND 1, L_000000000170c120, L_000000000170cda0, C4<1>, C4<1>;
L_0000000001656e60 .functor AND 1, L_000000000170ce40, L_000000000170d8e0, C4<1>, C4<1>;
L_0000000001656ae0 .functor OR 1, L_0000000001657020, L_0000000001656e60, C4<0>, C4<0>;
L_0000000001656c30 .functor AND 1, L_000000000170dd40, L_000000000170c620, C4<1>, C4<1>;
L_0000000001656d10 .functor OR 1, L_0000000001656ae0, L_0000000001656c30, C4<0>, C4<0>;
L_0000000001656ed0 .functor AND 1, L_000000000170c940, L_000000000170d340, C4<1>, C4<1>;
L_0000000001657090 .functor OR 1, L_0000000001656d10, L_0000000001656ed0, C4<0>, C4<0>;
L_0000000001656ca0 .functor NOT 4, L_000000000170dc00, C4<0000>, C4<0000>, C4<0000>;
v00000000016ce400_0 .net "AN", 3 0, L_0000000001656ca0;  1 drivers
v00000000016cd280_0 .net "Hex", 3 0, L_000000000170ad20;  1 drivers
o0000000001672af8 .functor BUFZ 4, C4<zzzz>; HiZ drive
v00000000016ce4a0_0 .net "I0", 3 0, o0000000001672af8;  0 drivers
o0000000001672b28 .functor BUFZ 4, C4<zzzz>; HiZ drive
v00000000016cbf20_0 .net "I1", 3 0, o0000000001672b28;  0 drivers
o0000000001672b58 .functor BUFZ 4, C4<zzzz>; HiZ drive
v00000000016cd960_0 .net "I2", 3 0, o0000000001672b58;  0 drivers
o0000000001672b88 .functor BUFZ 4, C4<zzzz>; HiZ drive
v00000000016ce180_0 .net "I3", 3 0, o0000000001672b88;  0 drivers
v00000000016cbfc0_0 .net "LE", 0 0, L_0000000001657090;  1 drivers
o0000000001673c38 .functor BUFZ 4, C4<zzzz>; HiZ drive
v00000000016ce540_0 .net "LES", 3 0, o0000000001673c38;  0 drivers
v00000000016cdbe0_0 .net "M", 3 0, L_000000000170dc00;  1 drivers
v00000000016ccc40_0 .net *"_s1", 0 0, L_000000000170cd00;  1 drivers
v00000000016cde60_0 .net *"_s10", 0 0, L_0000000001655a40;  1 drivers
v00000000016cd320_0 .net *"_s12", 0 0, L_0000000001655ab0;  1 drivers
v00000000016ce680_0 .net *"_s15", 0 0, L_000000000170dca0;  1 drivers
v00000000016cda00_0 .net *"_s17", 0 0, L_000000000170cbc0;  1 drivers
v00000000016cdd20_0 .net *"_s18", 0 0, L_0000000001655b20;  1 drivers
v00000000016cdc80_0 .net *"_s20", 0 0, L_0000000001657170;  1 drivers
v00000000016cc060_0 .net *"_s23", 0 0, L_000000000170d2a0;  1 drivers
v00000000016ccce0_0 .net *"_s25", 0 0, L_000000000170cc60;  1 drivers
v00000000016cca60_0 .net *"_s26", 0 0, L_0000000001656b50;  1 drivers
v00000000016cc100_0 .net *"_s3", 0 0, L_000000000170d200;  1 drivers
v00000000016cc600_0 .net *"_s31", 0 0, L_000000000170c120;  1 drivers
v00000000016cc1a0_0 .net *"_s33", 0 0, L_000000000170cda0;  1 drivers
v00000000016cc240_0 .net *"_s34", 0 0, L_0000000001657020;  1 drivers
v00000000016cc2e0_0 .net *"_s37", 0 0, L_000000000170ce40;  1 drivers
v00000000016cc380_0 .net *"_s39", 0 0, L_000000000170d8e0;  1 drivers
v00000000016cc420_0 .net *"_s4", 0 0, L_0000000001655110;  1 drivers
v00000000016cc560_0 .net *"_s40", 0 0, L_0000000001656e60;  1 drivers
v00000000016cc6a0_0 .net *"_s42", 0 0, L_0000000001656ae0;  1 drivers
v00000000016cc740_0 .net *"_s45", 0 0, L_000000000170dd40;  1 drivers
v00000000016cc7e0_0 .net *"_s47", 0 0, L_000000000170c620;  1 drivers
v00000000016cc920_0 .net *"_s48", 0 0, L_0000000001656c30;  1 drivers
v00000000016cc9c0_0 .net *"_s50", 0 0, L_0000000001656d10;  1 drivers
v00000000016ccb00_0 .net *"_s53", 0 0, L_000000000170c940;  1 drivers
v00000000016ccba0_0 .net *"_s55", 0 0, L_000000000170d340;  1 drivers
v00000000016ccec0_0 .net *"_s56", 0 0, L_0000000001656ed0;  1 drivers
v00000000016ccf60_0 .net *"_s7", 0 0, L_000000000170c1c0;  1 drivers
v00000000016cd0a0_0 .net *"_s9", 0 0, L_000000000170d5c0;  1 drivers
v00000000016cd3c0_0 .net "p", 0 0, L_00000000016571e0;  1 drivers
o00000000016741d8 .functor BUFZ 4, C4<zzzz>; HiZ drive
v00000000016cd460_0 .net "points", 3 0, o00000000016741d8;  0 drivers
o0000000001672a68 .functor BUFZ 2, C4<zz>; HiZ drive
v00000000016cd500_0 .net "scan", 1 0, o0000000001672a68;  0 drivers
L_000000000170cd00 .part L_000000000170dc00, 0, 1;
L_000000000170d200 .part o00000000016741d8, 0, 1;
L_000000000170c1c0 .part L_000000000170dc00, 1, 1;
L_000000000170d5c0 .part o00000000016741d8, 1, 1;
L_000000000170dca0 .part L_000000000170dc00, 2, 1;
L_000000000170cbc0 .part o00000000016741d8, 2, 1;
L_000000000170d2a0 .part L_000000000170dc00, 3, 1;
L_000000000170cc60 .part o00000000016741d8, 3, 1;
L_000000000170c120 .part L_000000000170dc00, 0, 1;
L_000000000170cda0 .part o0000000001673c38, 0, 1;
L_000000000170ce40 .part L_000000000170dc00, 1, 1;
L_000000000170d8e0 .part o0000000001673c38, 1, 1;
L_000000000170dd40 .part L_000000000170dc00, 2, 1;
L_000000000170c620 .part o0000000001673c38, 2, 1;
L_000000000170c940 .part L_000000000170dc00, 3, 1;
L_000000000170d340 .part o0000000001673c38, 3, 1;
S_000000000119b400 .scope module, "Muxb4" "Mux_4_1_b4" 3 7, 4 12 0, S_00000000011c0360;
 .timescale 0 0;
    .port_info 0 /INPUT 2 "s";
    .port_info 1 /INPUT 4 "I0";
    .port_info 2 /INPUT 4 "I1";
    .port_info 3 /INPUT 4 "I2";
    .port_info 4 /INPUT 4 "I3";
    .port_info 5 /OUTPUT 4 "o";
L_0000000001655dc0 .functor AND 1, L_000000000170b860, L_000000000170b360, C4<1>, C4<1>;
L_00000000016555e0 .functor AND 1, L_000000000170bf40, L_000000000170a820, C4<1>, C4<1>;
L_0000000001655650 .functor OR 1, L_0000000001655dc0, L_00000000016555e0, C4<0>, C4<0>;
L_0000000001655e30 .functor AND 1, L_000000000170bb80, L_000000000170a8c0, C4<1>, C4<1>;
L_0000000001656300 .functor OR 1, L_0000000001655650, L_0000000001655e30, C4<0>, C4<0>;
L_00000000016560d0 .functor AND 1, L_000000000170a0a0, L_000000000170ac80, C4<1>, C4<1>;
L_0000000001656530 .functor OR 1, L_0000000001656300, L_00000000016560d0, C4<0>, C4<0>;
L_00000000016553b0 .functor AND 1, L_000000000170aaa0, L_000000000170ab40, C4<1>, C4<1>;
L_0000000001655730 .functor AND 1, L_000000000170bc20, L_000000000170a140, C4<1>, C4<1>;
L_0000000001655ea0 .functor OR 1, L_00000000016553b0, L_0000000001655730, C4<0>, C4<0>;
L_00000000016568b0 .functor AND 1, L_000000000170b180, L_000000000170b5e0, C4<1>, C4<1>;
L_0000000001655180 .functor OR 1, L_0000000001655ea0, L_00000000016568b0, C4<0>, C4<0>;
L_0000000001655f10 .functor AND 1, L_000000000170be00, L_000000000170bea0, C4<1>, C4<1>;
L_0000000001655490 .functor OR 1, L_0000000001655180, L_0000000001655f10, C4<0>, C4<0>;
L_0000000001656a00 .functor AND 1, L_0000000001709ce0, L_000000000170bfe0, C4<1>, C4<1>;
L_0000000001655f80 .functor AND 1, L_0000000001709a60, L_0000000001709d80, C4<1>, C4<1>;
L_00000000016563e0 .functor OR 1, L_0000000001656a00, L_0000000001655f80, C4<0>, C4<0>;
L_00000000016561b0 .functor AND 1, L_0000000001709b00, L_000000000170a1e0, C4<1>, C4<1>;
L_00000000016565a0 .functor OR 1, L_00000000016563e0, L_00000000016561b0, C4<0>, C4<0>;
L_0000000001655880 .functor AND 1, L_000000000170adc0, L_000000000170a280, C4<1>, C4<1>;
L_0000000001656610 .functor OR 1, L_00000000016565a0, L_0000000001655880, C4<0>, C4<0>;
L_0000000001656680 .functor AND 1, L_000000000170ae60, L_000000000170d840, C4<1>, C4<1>;
L_00000000016566f0 .functor AND 1, L_000000000170d700, L_000000000170d160, C4<1>, C4<1>;
L_0000000001655500 .functor OR 1, L_0000000001656680, L_00000000016566f0, C4<0>, C4<0>;
L_0000000001656920 .functor AND 1, L_000000000170d660, L_000000000170d020, C4<1>, C4<1>;
L_00000000016558f0 .functor OR 1, L_0000000001655500, L_0000000001656920, C4<0>, C4<0>;
L_0000000001656760 .functor AND 1, L_000000000170e240, L_000000000170ca80, C4<1>, C4<1>;
L_00000000016567d0 .functor OR 1, L_00000000016558f0, L_0000000001656760, C4<0>, C4<0>;
v000000000163a8c0_0 .net "I0", 3 0, o0000000001672af8;  alias, 0 drivers
v000000000163a500_0 .net "I1", 3 0, o0000000001672b28;  alias, 0 drivers
v0000000001638fc0_0 .net "I2", 3 0, o0000000001672b58;  alias, 0 drivers
v00000000016399c0_0 .net "I3", 3 0, o0000000001672b88;  alias, 0 drivers
v0000000001639d80_0 .net "Muxer", 3 0, L_000000000170abe0;  1 drivers
v0000000001639ba0_0 .net *"_s100", 0 0, L_000000000170ae60;  1 drivers
v000000000163a0a0_0 .net *"_s102", 0 0, L_000000000170d840;  1 drivers
v0000000001639b00_0 .net *"_s103", 0 0, L_0000000001656680;  1 drivers
v000000000163a1e0_0 .net *"_s106", 0 0, L_000000000170d700;  1 drivers
v0000000001638d40_0 .net *"_s108", 0 0, L_000000000170d160;  1 drivers
v0000000001638480_0 .net *"_s109", 0 0, L_00000000016566f0;  1 drivers
v000000000163a5a0_0 .net *"_s11", 0 0, L_000000000170a820;  1 drivers
v000000000163aa00_0 .net *"_s111", 0 0, L_0000000001655500;  1 drivers
v00000000016385c0_0 .net *"_s114", 0 0, L_000000000170d660;  1 drivers
v0000000001639880_0 .net *"_s116", 0 0, L_000000000170d020;  1 drivers
v00000000016388e0_0 .net *"_s117", 0 0, L_0000000001656920;  1 drivers
v0000000001639100_0 .net *"_s119", 0 0, L_00000000016558f0;  1 drivers
v00000000016382a0_0 .net *"_s12", 0 0, L_00000000016555e0;  1 drivers
v0000000001638340_0 .net *"_s122", 0 0, L_000000000170e240;  1 drivers
v0000000001639f60_0 .net *"_s124", 0 0, L_000000000170ca80;  1 drivers
v000000000163a460_0 .net *"_s125", 0 0, L_0000000001656760;  1 drivers
v00000000016383e0_0 .net *"_s127", 0 0, L_00000000016567d0;  1 drivers
v0000000001638700_0 .net *"_s14", 0 0, L_0000000001655650;  1 drivers
v0000000001638520_0 .net *"_s17", 0 0, L_000000000170bb80;  1 drivers
v0000000001638a20_0 .net *"_s19", 0 0, L_000000000170a8c0;  1 drivers
v000000000163a320_0 .net *"_s20", 0 0, L_0000000001655e30;  1 drivers
v0000000001638ac0_0 .net *"_s22", 0 0, L_0000000001656300;  1 drivers
v000000000163a280_0 .net *"_s25", 0 0, L_000000000170a0a0;  1 drivers
v00000000016391a0_0 .net *"_s27", 0 0, L_000000000170ac80;  1 drivers
v00000000016387a0_0 .net *"_s28", 0 0, L_00000000016560d0;  1 drivers
v0000000001638660_0 .net *"_s3", 0 0, L_000000000170b860;  1 drivers
v0000000001638b60_0 .net *"_s30", 0 0, L_0000000001656530;  1 drivers
v0000000001639a60_0 .net *"_s35", 0 0, L_000000000170aaa0;  1 drivers
v0000000001638c00_0 .net *"_s37", 0 0, L_000000000170ab40;  1 drivers
v0000000001639240_0 .net *"_s38", 0 0, L_00000000016553b0;  1 drivers
v000000000163a000_0 .net *"_s41", 0 0, L_000000000170bc20;  1 drivers
v0000000001639600_0 .net *"_s43", 0 0, L_000000000170a140;  1 drivers
v00000000016392e0_0 .net *"_s44", 0 0, L_0000000001655730;  1 drivers
v000000000163a3c0_0 .net *"_s46", 0 0, L_0000000001655ea0;  1 drivers
v0000000001639420_0 .net *"_s49", 0 0, L_000000000170b180;  1 drivers
v00000000016394c0_0 .net *"_s5", 0 0, L_000000000170b360;  1 drivers
v00000000016396a0_0 .net *"_s51", 0 0, L_000000000170b5e0;  1 drivers
v0000000001639740_0 .net *"_s52", 0 0, L_00000000016568b0;  1 drivers
v00000000016397e0_0 .net *"_s54", 0 0, L_0000000001655180;  1 drivers
v000000000163b0e0_0 .net *"_s57", 0 0, L_000000000170be00;  1 drivers
v000000000163b180_0 .net *"_s59", 0 0, L_000000000170bea0;  1 drivers
v000000000163adc0_0 .net *"_s6", 0 0, L_0000000001655dc0;  1 drivers
v000000000163ae60_0 .net *"_s60", 0 0, L_0000000001655f10;  1 drivers
v000000000163aaa0_0 .net *"_s62", 0 0, L_0000000001655490;  1 drivers
v000000000163ab40_0 .net *"_s67", 0 0, L_0000000001709ce0;  1 drivers
v000000000163abe0_0 .net *"_s69", 0 0, L_000000000170bfe0;  1 drivers
v000000000163ac80_0 .net *"_s70", 0 0, L_0000000001656a00;  1 drivers
v000000000163ad20_0 .net *"_s73", 0 0, L_0000000001709a60;  1 drivers
v000000000163af00_0 .net *"_s75", 0 0, L_0000000001709d80;  1 drivers
v000000000163afa0_0 .net *"_s76", 0 0, L_0000000001655f80;  1 drivers
v000000000163b040_0 .net *"_s78", 0 0, L_00000000016563e0;  1 drivers
v00000000011b9960_0 .net *"_s81", 0 0, L_0000000001709b00;  1 drivers
v00000000011ba4a0_0 .net *"_s83", 0 0, L_000000000170a1e0;  1 drivers
v00000000011b9460_0 .net *"_s84", 0 0, L_00000000016561b0;  1 drivers
v0000000001218110_0 .net *"_s86", 0 0, L_00000000016565a0;  1 drivers
v00000000012181b0_0 .net *"_s89", 0 0, L_000000000170adc0;  1 drivers
v00000000012182f0_0 .net *"_s9", 0 0, L_000000000170bf40;  1 drivers
v00000000016ce220_0 .net *"_s91", 0 0, L_000000000170a280;  1 drivers
v00000000016cdf00_0 .net *"_s92", 0 0, L_0000000001655880;  1 drivers
v00000000016cc880_0 .net *"_s94", 0 0, L_0000000001656610;  1 drivers
v00000000016cdaa0_0 .net "o", 3 0, L_000000000170ad20;  alias, 1 drivers
v00000000016ce040_0 .net "s", 1 0, o0000000001672a68;  alias, 0 drivers
L_000000000170b860 .part L_000000000170abe0, 0, 1;
L_000000000170b360 .part o0000000001672af8, 0, 1;
L_000000000170bf40 .part L_000000000170abe0, 1, 1;
L_000000000170a820 .part o0000000001672b28, 0, 1;
L_000000000170bb80 .part L_000000000170abe0, 2, 1;
L_000000000170a8c0 .part o0000000001672b58, 0, 1;
L_000000000170a0a0 .part L_000000000170abe0, 3, 1;
L_000000000170ac80 .part o0000000001672b88, 0, 1;
L_000000000170aaa0 .part L_000000000170abe0, 0, 1;
L_000000000170ab40 .part o0000000001672af8, 1, 1;
L_000000000170bc20 .part L_000000000170abe0, 1, 1;
L_000000000170a140 .part o0000000001672b28, 1, 1;
L_000000000170b180 .part L_000000000170abe0, 2, 1;
L_000000000170b5e0 .part o0000000001672b58, 1, 1;
L_000000000170be00 .part L_000000000170abe0, 3, 1;
L_000000000170bea0 .part o0000000001672b88, 1, 1;
L_0000000001709ce0 .part L_000000000170abe0, 0, 1;
L_000000000170bfe0 .part o0000000001672af8, 2, 1;
L_0000000001709a60 .part L_000000000170abe0, 1, 1;
L_0000000001709d80 .part o0000000001672b28, 2, 1;
L_0000000001709b00 .part L_000000000170abe0, 2, 1;
L_000000000170a1e0 .part o0000000001672b58, 2, 1;
L_000000000170adc0 .part L_000000000170abe0, 3, 1;
L_000000000170a280 .part o0000000001672b88, 2, 1;
L_000000000170ad20 .concat8 [ 1 1 1 1], L_0000000001656530, L_0000000001655490, L_0000000001656610, L_00000000016567d0;
L_000000000170ae60 .part L_000000000170abe0, 0, 1;
L_000000000170d840 .part o0000000001672af8, 3, 1;
L_000000000170d700 .part L_000000000170abe0, 1, 1;
L_000000000170d160 .part o0000000001672b28, 3, 1;
L_000000000170d660 .part L_000000000170abe0, 2, 1;
L_000000000170d020 .part o0000000001672b58, 3, 1;
L_000000000170e240 .part L_000000000170abe0, 3, 1;
L_000000000170ca80 .part o0000000001672b88, 3, 1;
S_000000000119b590 .scope module, "Decoder" "decoder_2_4" 4 18, 4 1 0, S_000000000119b400;
 .timescale 0 0;
    .port_info 0 /INPUT 2 "s";
    .port_info 1 /OUTPUT 4 "outp";
L_0000000001656370 .functor NOT 1, L_000000000170a640, C4<0>, C4<0>, C4<0>;
L_0000000001656060 .functor NOT 1, L_000000000170b2c0, C4<0>, C4<0>, C4<0>;
L_00000000016552d0 .functor AND 1, L_0000000001656370, L_0000000001656060, C4<1>, C4<1>;
L_0000000001655ce0 .functor NOT 1, L_000000000170b220, C4<0>, C4<0>, C4<0>;
L_0000000001655340 .functor AND 1, L_00000000017099c0, L_0000000001655ce0, C4<1>, C4<1>;
L_0000000001655d50 .functor NOT 1, L_000000000170a960, C4<0>, C4<0>, C4<0>;
L_00000000016557a0 .functor AND 1, L_0000000001655d50, L_000000000170b540, C4<1>, C4<1>;
L_0000000001655030 .functor AND 1, L_000000000170aa00, L_000000000170b4a0, C4<1>, C4<1>;
v0000000001639920_0 .net *"_s10", 0 0, L_00000000016552d0;  1 drivers
v000000000163a960_0 .net *"_s15", 0 0, L_00000000017099c0;  1 drivers
v0000000001639380_0 .net *"_s17", 0 0, L_000000000170b220;  1 drivers
v0000000001638ca0_0 .net *"_s18", 0 0, L_0000000001655ce0;  1 drivers
v0000000001639c40_0 .net *"_s20", 0 0, L_0000000001655340;  1 drivers
v0000000001639ec0_0 .net *"_s25", 0 0, L_000000000170a960;  1 drivers
v000000000163a6e0_0 .net *"_s26", 0 0, L_0000000001655d50;  1 drivers
v0000000001638980_0 .net *"_s29", 0 0, L_000000000170b540;  1 drivers
v000000000163a640_0 .net *"_s3", 0 0, L_000000000170a640;  1 drivers
v0000000001638de0_0 .net *"_s30", 0 0, L_00000000016557a0;  1 drivers
v0000000001638f20_0 .net *"_s36", 0 0, L_000000000170aa00;  1 drivers
v000000000163a140_0 .net *"_s38", 0 0, L_000000000170b4a0;  1 drivers
v0000000001639ce0_0 .net *"_s39", 0 0, L_0000000001655030;  1 drivers
v0000000001639060_0 .net *"_s4", 0 0, L_0000000001656370;  1 drivers
v000000000163a780_0 .net *"_s7", 0 0, L_000000000170b2c0;  1 drivers
v000000000163a820_0 .net *"_s8", 0 0, L_0000000001656060;  1 drivers
v0000000001639560_0 .net "outp", 3 0, L_000000000170abe0;  alias, 1 drivers
v0000000001638840_0 .net "s", 1 0, o0000000001672a68;  alias, 0 drivers
L_000000000170a640 .part o0000000001672a68, 0, 1;
L_000000000170b2c0 .part o0000000001672a68, 1, 1;
L_00000000017099c0 .part o0000000001672a68, 0, 1;
L_000000000170b220 .part o0000000001672a68, 1, 1;
L_000000000170a960 .part o0000000001672a68, 0, 1;
L_000000000170b540 .part o0000000001672a68, 1, 1;
L_000000000170abe0 .concat8 [ 1 1 1 1], L_00000000016552d0, L_0000000001655340, L_00000000016557a0, L_0000000001655030;
L_000000000170aa00 .part o0000000001672a68, 0, 1;
L_000000000170b4a0 .part o0000000001672a68, 1, 1;
S_00000000011a53b0 .scope module, "d24_1" "decoder_2_4" 3 10, 4 1 0, S_00000000011c0360;
 .timescale 0 0;
    .port_info 0 /INPUT 2 "s";
    .port_info 1 /OUTPUT 4 "outp";
L_0000000001655960 .functor NOT 1, L_000000000170c080, C4<0>, C4<0>, C4<0>;
L_0000000001656990 .functor NOT 1, L_000000000170c580, C4<0>, C4<0>, C4<0>;
L_0000000001656a70 .functor AND 1, L_0000000001655960, L_0000000001656990, C4<1>, C4<1>;
L_00000000016559d0 .functor NOT 1, L_000000000170d980, C4<0>, C4<0>, C4<0>;
L_0000000001654fc0 .functor AND 1, L_000000000170dac0, L_00000000016559d0, C4<1>, C4<1>;
L_0000000001654ee0 .functor NOT 1, L_000000000170da20, C4<0>, C4<0>, C4<0>;
L_00000000016550a0 .functor AND 1, L_0000000001654ee0, L_000000000170c4e0, C4<1>, C4<1>;
L_0000000001654f50 .functor AND 1, L_000000000170d0c0, L_000000000170cb20, C4<1>, C4<1>;
v00000000016cd8c0_0 .net *"_s10", 0 0, L_0000000001656a70;  1 drivers
v00000000016cd140_0 .net *"_s15", 0 0, L_000000000170dac0;  1 drivers
v00000000016cdfa0_0 .net *"_s17", 0 0, L_000000000170d980;  1 drivers
v00000000016ce2c0_0 .net *"_s18", 0 0, L_00000000016559d0;  1 drivers
v00000000016cdb40_0 .net *"_s20", 0 0, L_0000000001654fc0;  1 drivers
v00000000016cd780_0 .net *"_s25", 0 0, L_000000000170da20;  1 drivers
v00000000016cd5a0_0 .net *"_s26", 0 0, L_0000000001654ee0;  1 drivers
v00000000016ce360_0 .net *"_s29", 0 0, L_000000000170c4e0;  1 drivers
v00000000016ce5e0_0 .net *"_s3", 0 0, L_000000000170c080;  1 drivers
v00000000016cd000_0 .net *"_s30", 0 0, L_00000000016550a0;  1 drivers
v00000000016ce0e0_0 .net *"_s36", 0 0, L_000000000170d0c0;  1 drivers
v00000000016cd6e0_0 .net *"_s38", 0 0, L_000000000170cb20;  1 drivers
v00000000016cddc0_0 .net *"_s39", 0 0, L_0000000001654f50;  1 drivers
v00000000016cd1e0_0 .net *"_s4", 0 0, L_0000000001655960;  1 drivers
v00000000016ccd80_0 .net *"_s7", 0 0, L_000000000170c580;  1 drivers
v00000000016cd820_0 .net *"_s8", 0 0, L_0000000001656990;  1 drivers
v00000000016cc4c0_0 .net "outp", 3 0, L_000000000170dc00;  alias, 1 drivers
v00000000016cce20_0 .net "s", 1 0, o0000000001672a68;  alias, 0 drivers
L_000000000170c080 .part o0000000001672a68, 0, 1;
L_000000000170c580 .part o0000000001672a68, 1, 1;
L_000000000170dac0 .part o0000000001672a68, 0, 1;
L_000000000170d980 .part o0000000001672a68, 1, 1;
L_000000000170da20 .part o0000000001672a68, 0, 1;
L_000000000170c4e0 .part o0000000001672a68, 1, 1;
L_000000000170dc00 .concat8 [ 1 1 1 1], L_0000000001656a70, L_0000000001654fc0, L_00000000016550a0, L_0000000001654f50;
L_000000000170d0c0 .part o0000000001672a68, 0, 1;
L_000000000170cb20 .part o0000000001672a68, 1, 1;
S_00000000011c04f0 .scope module, "uut" "uut" 5 3;
 .timescale -9 -9;
o0000000001681c18 .functor BUFZ 4, C4<zzzz>; HiZ drive
v000000000170b0e0_0 .net "AN", 3 0, o0000000001681c18;  0 drivers
v000000000170b680_0 .net "BTNX4", 0 0, L_0000000001656bc0;  1 drivers
v000000000170afa0_0 .net "SEGMENT", 7 0, L_000000000170e920;  1 drivers
v000000000170b9a0_0 .var "SW", 8 0;
v000000000170a6e0_0 .var "btn", 7 0;
v0000000001709ba0_0 .var "clk", 0 0;
L_00000000017113a0 .part v000000000170a6e0_0, 0, 4;
S_0000000001183840 .scope module, "uut0" "top" 5 18, 6 1 0, S_00000000011c04f0;
 .timescale 0 0;
    .port_info 0 /INPUT 4 "btn";
    .port_info 1 /INPUT 1 "clk";
    .port_info 2 /INPUT 9 "SW";
    .port_info 3 /OUTPUT 4 "AN";
    .port_info 4 /OUTPUT 8 "SEGMENT";
    .port_info 5 /OUTPUT 1 "clk_LED";
    .port_info 6 /OUTPUT 1 "o_LED";
    .port_info 7 /OUTPUT 1 "clr_LED";
    .port_info 8 /OUTPUT 1 "EN_LED";
    .port_info 9 /OUTPUT 1 "BTNX4";
    .port_info 10 /OUTPUT 1 "Ring";
L_0000000001656bc0 .functor BUFZ 1, v0000000001707d00_0, C4<0>, C4<0>, C4<0>;
L_0000000001656d80 .functor BUFZ 1, v0000000001707d00_0, C4<0>, C4<0>, C4<0>;
L_0000000001656df0 .functor BUFZ 1, v0000000001707d00_0, C4<0>, C4<0>, C4<0>;
v0000000001709100_0 .net "AN", 3 0, o0000000001681c18;  alias, 0 drivers
v00000000017094c0_0 .net "BTNX4", 0 0, L_0000000001656bc0;  alias, 1 drivers
L_00000000017153e8 .functor BUFT 1, C4<1>, C4<0>, C4<0>, C4<0>;
v0000000001708de0_0 .net "EN_LED", 0 0, L_00000000017153e8;  1 drivers
v0000000001707d00_0 .var "GND", 0 0;
L_0000000001714938 .functor BUFT 1, C4<0000>, C4<0>, C4<0>, C4<0>;
v0000000001707e40_0 .net "Hex", 3 0, L_0000000001714938;  1 drivers
v0000000001707da0_0 .net "I0", 3 0, L_000000000170d3e0;  1 drivers
v00000000017096a0_0 .net "I1", 3 0, L_000000000170d520;  1 drivers
v0000000001709060_0 .net "I2", 3 0, L_000000000170e2e0;  1 drivers
v00000000017087a0_0 .net "I3", 3 0, L_000000000170e600;  1 drivers
v0000000001708840_0 .net "I4", 3 0, L_000000000170c300;  1 drivers
v0000000001707580_0 .net "I5", 3 0, L_0000000001710fe0;  1 drivers
v0000000001708e80_0 .net "I6", 3 0, L_00000000017104a0;  1 drivers
v0000000001709740_0 .net "I7", 3 0, L_0000000001710180;  1 drivers
L_00000000017149c8 .functor BUFT 1, C4<0>, C4<0>, C4<0>, C4<0>;
v0000000001707800_0 .net "LE", 0 0, L_00000000017149c8;  1 drivers
L_0000000001714980 .functor BUFT 1, C4<0>, C4<0>, C4<0>, C4<0>;
v00000000017092e0_0 .net "P", 0 0, L_0000000001714980;  1 drivers
v00000000017088e0_0 .net "RST", 0 0, L_0000000001656d80;  1 drivers
v00000000017091a0_0 .net "Ring", 0 0, L_0000000001656df0;  1 drivers
v0000000001707620_0 .net "S0", 7 0, L_0000000001710720;  1 drivers
v0000000001708980_0 .net "S1", 7 0, L_000000000170fb40;  1 drivers
v0000000001707080_0 .net "S2", 7 0, L_000000000170f500;  1 drivers
v0000000001707120_0 .net "S3", 7 0, L_000000000170f3c0;  1 drivers
v00000000017076c0_0 .net "S4", 7 0, L_000000000170f000;  1 drivers
v00000000017078a0_0 .net "S5", 7 0, L_000000000170f0a0;  1 drivers
v000000000170bcc0_0 .net "S6", 7 0, L_0000000001712c00;  1 drivers
v000000000170b040_0 .net "S7", 7 0, L_0000000001711b20;  1 drivers
v0000000001709e20_0 .net "SEGMENT", 7 0, L_000000000170e920;  alias, 1 drivers
v000000000170a000_0 .net "SW", 8 0, v000000000170b9a0_0;  1 drivers
v000000000170a320_0 .net "btn", 3 0, L_00000000017113a0;  1 drivers
v000000000170a3c0_0 .net "clk", 0 0, v0000000001709ba0_0;  1 drivers
v000000000170b900_0 .net "clk_LED", 0 0, L_00000000017954d0;  1 drivers
v000000000170a5a0_0 .net "clkd", 31 0, v00000000016f73b0_0;  1 drivers
L_0000000001715430 .functor BUFT 1, C4<1>, C4<0>, C4<0>, C4<0>;
v000000000170b720_0 .net "clr_LED", 0 0, L_0000000001715430;  1 drivers
v000000000170af00_0 .net "o_LED", 0 0, L_00000000017955b0;  1 drivers
L_0000000001710540 .part v00000000016f73b0_0, 7, 1;
L_0000000001710cc0 .part v00000000016f73b0_0, 7, 1;
L_0000000001710d60 .part L_0000000001714938, 0, 1;
L_0000000001710f40 .part L_0000000001714938, 1, 1;
L_0000000001710e00 .part L_0000000001714938, 2, 1;
L_0000000001710ea0 .part L_0000000001714938, 3, 1;
LS_000000000170e920_0_0 .concat8 [ 1 1 1 1], L_0000000001653f20, L_0000000001654a80, L_0000000001654af0, L_0000000001653c10;
LS_000000000170e920_0_4 .concat8 [ 1 1 1 1], L_00000000016536d0, L_000000000175f600, L_00000000017601d0, L_000000000175f4b0;
L_000000000170e920 .concat8 [ 4 4 0 0], LS_000000000170e920_0_0, LS_000000000170e920_0_4;
L_000000000170fe60 .part L_000000000170d3e0, 0, 1;
L_0000000001710ae0 .part L_000000000170d3e0, 1, 1;
L_00000000017100e0 .part L_000000000170d3e0, 2, 1;
L_000000000170ff00 .part L_000000000170d3e0, 3, 1;
L_000000000170eba0 .part v000000000170b9a0_0, 0, 1;
LS_0000000001710720_0_0 .concat8 [ 1 1 1 1], L_000000000175f910, L_000000000175fa60, L_000000000175fe50, L_00000000017606a0;
LS_0000000001710720_0_4 .concat8 [ 1 1 1 1], L_000000000175dfb0, L_000000000175e410, L_000000000175cff0, L_000000000175dae0;
L_0000000001710720 .concat8 [ 4 4 0 0], LS_0000000001710720_0_0, LS_0000000001710720_0_4;
L_00000000017102c0 .part L_000000000170d520, 0, 1;
L_000000000170ece0 .part L_000000000170d520, 1, 1;
L_000000000170e9c0 .part L_000000000170d520, 2, 1;
L_000000000170f320 .part L_000000000170d520, 3, 1;
L_000000000170faa0 .part v000000000170b9a0_0, 0, 1;
LS_000000000170fb40_0_0 .concat8 [ 1 1 1 1], L_000000000175cdc0, L_000000000175d840, L_000000000176be30, L_000000000176bd50;
LS_000000000170fb40_0_4 .concat8 [ 1 1 1 1], L_000000000176b500, L_000000000176b9d0, L_000000000176af50, L_000000000176b1f0;
L_000000000170fb40 .concat8 [ 4 4 0 0], LS_000000000170fb40_0_0, LS_000000000170fb40_0_4;
L_0000000001710040 .part L_000000000170e2e0, 0, 1;
L_000000000170ed80 .part L_000000000170e2e0, 1, 1;
L_000000000170ffa0 .part L_000000000170e2e0, 2, 1;
L_000000000170ea60 .part L_000000000170e2e0, 3, 1;
L_000000000170f780 .part v000000000170b9a0_0, 0, 1;
LS_000000000170f500_0_0 .concat8 [ 1 1 1 1], L_000000000176cdf0, L_0000000001769510, L_000000000176a310, L_000000000176a2a0;
LS_000000000170f500_0_4 .concat8 [ 1 1 1 1], L_00000000017692e0, L_0000000001769820, L_000000000175e3a0, L_0000000001788e50;
L_000000000170f500 .concat8 [ 4 4 0 0], LS_000000000170f500_0_0, LS_000000000170f500_0_4;
L_000000000170f5a0 .part L_000000000170e600, 0, 1;
L_0000000001710220 .part L_000000000170e600, 1, 1;
L_000000000170f820 .part L_000000000170e600, 2, 1;
L_000000000170ee20 .part L_000000000170e600, 3, 1;
L_000000000170e880 .part v000000000170b9a0_0, 0, 1;
LS_000000000170f3c0_0_0 .concat8 [ 1 1 1 1], L_0000000001789860, L_0000000001789c50, L_00000000017887c0, L_0000000001788f30;
LS_000000000170f3c0_0_4 .concat8 [ 1 1 1 1], L_000000000178ab30, L_000000000178a430, L_000000000178ad60, L_000000000178a510;
L_000000000170f3c0 .concat8 [ 4 4 0 0], LS_000000000170f3c0_0_0, LS_000000000170f3c0_0_4;
L_0000000001710360 .part L_000000000170c300, 0, 1;
L_000000000170eec0 .part L_000000000170c300, 1, 1;
L_000000000170f6e0 .part L_000000000170c300, 2, 1;
L_0000000001710400 .part L_000000000170c300, 3, 1;
L_000000000170ef60 .part v000000000170b9a0_0, 0, 1;
LS_000000000170f000_0_0 .concat8 [ 1 1 1 1], L_0000000001783eb0, L_0000000001783e40, L_0000000001783f20, L_00000000017837b0;
LS_000000000170f000_0_4 .concat8 [ 1 1 1 1], L_0000000001783b30, L_0000000001785340, L_0000000001785880, L_0000000001786760;
L_000000000170f000 .concat8 [ 4 4 0 0], LS_000000000170f000_0_0, LS_000000000170f000_0_4;
L_00000000017105e0 .part L_0000000001710fe0, 0, 1;
L_0000000001710680 .part L_0000000001710fe0, 1, 1;
L_00000000017107c0 .part L_0000000001710fe0, 2, 1;
L_0000000001710860 .part L_0000000001710fe0, 3, 1;
L_00000000017109a0 .part v000000000170b9a0_0, 0, 1;
LS_000000000170f0a0_0_0 .concat8 [ 1 1 1 1], L_0000000001785ce0, L_0000000001784bd0, L_00000000017855e0, L_0000000001786c30;
LS_000000000170f0a0_0_4 .concat8 [ 1 1 1 1], L_0000000001787870, L_00000000017872c0, L_0000000001787f00, L_0000000001787950;
L_000000000170f0a0 .concat8 [ 4 4 0 0], LS_000000000170f0a0_0_0, LS_000000000170f0a0_0_4;
L_000000000170f140 .part L_00000000017104a0, 0, 1;
L_000000000170eb00 .part L_00000000017104a0, 1, 1;
L_0000000001710a40 .part L_00000000017104a0, 2, 1;
L_0000000001710b80 .part L_00000000017104a0, 3, 1;
L_0000000001710c20 .part v000000000170b9a0_0, 0, 1;
LS_0000000001712c00_0_0 .concat8 [ 1 1 1 1], L_000000000179a240, L_000000000179a010, L_0000000001799b40, L_00000000017992f0;
LS_0000000001712c00_0_4 .concat8 [ 1 1 1 1], L_000000000179a390, L_0000000001799980, L_000000000179b9e0, L_000000000179bd60;
L_0000000001712c00 .concat8 [ 4 4 0 0], LS_0000000001712c00_0_0, LS_0000000001712c00_0_4;
L_0000000001712340 .part L_0000000001710180, 0, 1;
L_00000000017114e0 .part L_0000000001710180, 1, 1;
L_00000000017120c0 .part L_0000000001710180, 2, 1;
L_0000000001712480 .part L_0000000001710180, 3, 1;
L_0000000001711760 .part v000000000170b9a0_0, 0, 1;
LS_0000000001711b20_0_0 .concat8 [ 1 1 1 1], L_000000000179b5f0, L_000000000179abe0, L_000000000179beb0, L_000000000179c0e0;
LS_0000000001711b20_0_4 .concat8 [ 1 1 1 1], L_000000000179cbd0, L_000000000179c690, L_0000000001795700, L_0000000001795230;
L_0000000001711b20 .concat8 [ 4 4 0 0], LS_0000000001711b20_0_0, LS_0000000001711b20_0_4;
L_0000000001713600 .part v00000000016f73b0_0, 12, 1;
L_0000000001713100 .part v00000000016f73b0_0, 0, 1;
S_00000000011839d0 .scope module, "MyMc" "MyMC14495" 6 34, 7 1 0, S_0000000001183840;
 .timescale 0 0;
    .port_info 0 /INPUT 1 "D0";
    .port_info 1 /INPUT 1 "D1";
    .port_info 2 /INPUT 1 "D2";
    .port_info 3 /INPUT 1 "D3";
    .port_info 4 /INPUT 1 "LE";
    .port_info 5 /INPUT 1 "point";
    .port_info 6 /OUTPUT 1 "a";
    .port_info 7 /OUTPUT 1 "b";
    .port_info 8 /OUTPUT 1 "c";
    .port_info 9 /OUTPUT 1 "d";
    .port_info 10 /OUTPUT 1 "e";
    .port_info 11 /OUTPUT 1 "f";
    .port_info 12 /OUTPUT 1 "g";
    .port_info 13 /OUTPUT 1 "p";
L_0000000001656f40 .functor NOT 1, L_0000000001710d60, C4<0>, C4<0>, C4<0>;
L_0000000001656fb0 .functor NOT 1, L_0000000001710f40, C4<0>, C4<0>, C4<0>;
L_0000000001657100 .functor NOT 1, L_0000000001710e00, C4<0>, C4<0>, C4<0>;
L_0000000001654930 .functor NOT 1, L_0000000001710ea0, C4<0>, C4<0>, C4<0>;
L_0000000001653890 .functor AND 1, L_0000000001654930, L_0000000001657100, C4<1>, C4<1>;
L_0000000001654a10 .functor AND 1, L_0000000001653890, L_0000000001656fb0, C4<1>, C4<1>;
L_0000000001654850 .functor AND 1, L_0000000001654a10, L_0000000001710d60, C4<1>, C4<1>;
L_0000000001654e70 .functor AND 1, L_0000000001654930, L_0000000001710e00, C4<1>, C4<1>;
L_00000000016540e0 .functor AND 1, L_0000000001654e70, L_0000000001656fb0, C4<1>, C4<1>;
L_0000000001654380 .functor AND 1, L_00000000016540e0, L_0000000001656f40, C4<1>, C4<1>;
L_00000000016537b0 .functor OR 1, L_0000000001654850, L_0000000001654380, C4<0>, C4<0>;
L_0000000001654b60 .functor AND 1, L_0000000001710ea0, L_0000000001657100, C4<1>, C4<1>;
L_00000000016545b0 .functor AND 1, L_0000000001654b60, L_0000000001710f40, C4<1>, C4<1>;
L_0000000001653dd0 .functor AND 1, L_00000000016545b0, L_0000000001710d60, C4<1>, C4<1>;
L_0000000001653580 .functor OR 1, L_00000000016537b0, L_0000000001653dd0, C4<0>, C4<0>;
L_0000000001654d20 .functor AND 1, L_0000000001710ea0, L_0000000001710e00, C4<1>, C4<1>;
L_0000000001653cf0 .functor AND 1, L_0000000001654d20, L_0000000001656fb0, C4<1>, C4<1>;
L_00000000016547e0 .functor AND 1, L_0000000001653cf0, L_0000000001710d60, C4<1>, C4<1>;
L_0000000001653e40 .functor OR 1, L_0000000001653580, L_00000000016547e0, C4<0>, C4<0>;
L_0000000001653f20 .functor OR 1, L_00000000017149c8, L_0000000001653e40, C4<0>, C4<0>;
L_00000000016549a0 .functor AND 1, L_0000000001654930, L_0000000001710e00, C4<1>, C4<1>;
L_00000000016532e0 .functor AND 1, L_00000000016549a0, L_0000000001656fb0, C4<1>, C4<1>;
L_00000000016544d0 .functor AND 1, L_00000000016532e0, L_0000000001710d60, C4<1>, C4<1>;
L_00000000016542a0 .functor AND 1, L_0000000001710e00, L_0000000001710f40, C4<1>, C4<1>;
L_00000000016543f0 .functor AND 1, L_00000000016542a0, L_0000000001656f40, C4<1>, C4<1>;
L_0000000001654150 .functor OR 1, L_00000000016544d0, L_00000000016543f0, C4<0>, C4<0>;
L_0000000001653350 .functor AND 1, L_0000000001710ea0, L_0000000001710e00, C4<1>, C4<1>;
L_0000000001654000 .functor AND 1, L_0000000001653350, L_0000000001656f40, C4<1>, C4<1>;
L_0000000001654540 .functor OR 1, L_0000000001654150, L_0000000001654000, C4<0>, C4<0>;
L_00000000016533c0 .functor AND 1, L_0000000001710ea0, L_0000000001710f40, C4<1>, C4<1>;
L_0000000001653eb0 .functor AND 1, L_00000000016533c0, L_0000000001710d60, C4<1>, C4<1>;
L_0000000001654620 .functor OR 1, L_0000000001654540, L_0000000001653eb0, C4<0>, C4<0>;
L_0000000001654a80 .functor OR 1, L_00000000017149c8, L_0000000001654620, C4<0>, C4<0>;
L_00000000016539e0 .functor AND 1, L_0000000001654930, L_0000000001657100, C4<1>, C4<1>;
L_0000000001654070 .functor AND 1, L_00000000016539e0, L_0000000001710f40, C4<1>, C4<1>;
L_0000000001653f90 .functor AND 1, L_0000000001654070, L_0000000001656f40, C4<1>, C4<1>;
L_0000000001653820 .functor AND 1, L_0000000001710ea0, L_0000000001710e00, C4<1>, C4<1>;
L_00000000016548c0 .functor AND 1, L_0000000001653820, L_0000000001656f40, C4<1>, C4<1>;
L_0000000001653430 .functor OR 1, L_0000000001653f90, L_00000000016548c0, C4<0>, C4<0>;
L_0000000001653a50 .functor AND 1, L_0000000001710ea0, L_0000000001710e00, C4<1>, C4<1>;
L_0000000001654460 .functor AND 1, L_0000000001653a50, L_0000000001710f40, C4<1>, C4<1>;
L_0000000001653970 .functor OR 1, L_0000000001653430, L_0000000001654460, C4<0>, C4<0>;
L_0000000001654af0 .functor OR 1, L_00000000017149c8, L_0000000001653970, C4<0>, C4<0>;
L_0000000001654cb0 .functor AND 1, L_0000000001654930, L_0000000001657100, C4<1>, C4<1>;
L_00000000016535f0 .functor AND 1, L_0000000001654cb0, L_0000000001656fb0, C4<1>, C4<1>;
L_0000000001654690 .functor AND 1, L_00000000016535f0, L_0000000001710d60, C4<1>, C4<1>;
L_00000000016534a0 .functor AND 1, L_0000000001654930, L_0000000001710e00, C4<1>, C4<1>;
L_0000000001653ac0 .functor AND 1, L_00000000016534a0, L_0000000001656fb0, C4<1>, C4<1>;
L_0000000001654700 .functor AND 1, L_0000000001653ac0, L_0000000001656f40, C4<1>, C4<1>;
L_0000000001653b30 .functor OR 1, L_0000000001654690, L_0000000001654700, C4<0>, C4<0>;
L_0000000001653ba0 .functor AND 1, L_0000000001710e00, L_0000000001710f40, C4<1>, C4<1>;
L_00000000016541c0 .functor AND 1, L_0000000001653ba0, L_0000000001710d60, C4<1>, C4<1>;
L_0000000001653d60 .functor OR 1, L_0000000001653b30, L_00000000016541c0, C4<0>, C4<0>;
L_0000000001654230 .functor AND 1, L_0000000001710ea0, L_0000000001657100, C4<1>, C4<1>;
L_0000000001654770 .functor AND 1, L_0000000001654230, L_0000000001710f40, C4<1>, C4<1>;
L_0000000001653900 .functor AND 1, L_0000000001654770, L_0000000001656f40, C4<1>, C4<1>;
L_0000000001653660 .functor OR 1, L_0000000001653d60, L_0000000001653900, C4<0>, C4<0>;
L_0000000001653c10 .functor OR 1, L_00000000017149c8, L_0000000001653660, C4<0>, C4<0>;
L_0000000001654bd0 .functor AND 1, L_0000000001654930, L_0000000001710d60, C4<1>, C4<1>;
L_0000000001654c40 .functor AND 1, L_0000000001654930, L_0000000001710e00, C4<1>, C4<1>;
L_0000000001653c80 .functor AND 1, L_0000000001654c40, L_0000000001656fb0, C4<1>, C4<1>;
L_0000000001654d90 .functor OR 1, L_0000000001654bd0, L_0000000001653c80, C4<0>, C4<0>;
L_0000000001654310 .functor AND 1, L_0000000001657100, L_0000000001656fb0, C4<1>, C4<1>;
L_0000000001654e00 .functor AND 1, L_0000000001654310, L_0000000001710d60, C4<1>, C4<1>;
L_0000000001653510 .functor OR 1, L_0000000001654d90, L_0000000001654e00, C4<0>, C4<0>;
L_00000000016536d0 .functor OR 1, L_00000000017149c8, L_0000000001653510, C4<0>, C4<0>;
L_0000000001653740 .functor AND 1, L_0000000001654930, L_0000000001657100, C4<1>, C4<1>;
L_00000000011bbec0 .functor AND 1, L_0000000001653740, L_0000000001710d60, C4<1>, C4<1>;
L_00000000011bbb40 .functor AND 1, L_0000000001654930, L_0000000001657100, C4<1>, C4<1>;
L_00000000011bbbb0 .functor AND 1, L_00000000011bbb40, L_0000000001710f40, C4<1>, C4<1>;
L_0000000001206950 .functor OR 1, L_00000000011bbec0, L_00000000011bbbb0, C4<0>, C4<0>;
L_0000000001206170 .functor AND 1, L_0000000001654930, L_0000000001710f40, C4<1>, C4<1>;
L_00000000012066b0 .functor AND 1, L_0000000001206170, L_0000000001710d60, C4<1>, C4<1>;
L_000000000175ed40 .functor OR 1, L_0000000001206950, L_00000000012066b0, C4<0>, C4<0>;
L_000000000175ef70 .functor AND 1, L_0000000001710ea0, L_0000000001710e00, C4<1>, C4<1>;
L_000000000175fad0 .functor AND 1, L_000000000175ef70, L_0000000001656fb0, C4<1>, C4<1>;
L_0000000001760010 .functor AND 1, L_000000000175fad0, L_0000000001710d60, C4<1>, C4<1>;
L_000000000175ef00 .functor OR 1, L_000000000175ed40, L_0000000001760010, C4<0>, C4<0>;
L_000000000175f600 .functor OR 1, L_00000000017149c8, L_000000000175ef00, C4<0>, C4<0>;
L_000000000175f7c0 .functor AND 1, L_0000000001654930, L_0000000001657100, C4<1>, C4<1>;
L_000000000175f440 .functor AND 1, L_000000000175f7c0, L_0000000001656fb0, C4<1>, C4<1>;
L_000000000175f830 .functor AND 1, L_0000000001654930, L_0000000001710e00, C4<1>, C4<1>;
L_0000000001760550 .functor AND 1, L_000000000175f830, L_0000000001710f40, C4<1>, C4<1>;
L_0000000001760470 .functor AND 1, L_0000000001760550, L_0000000001710d60, C4<1>, C4<1>;
L_000000000175ec60 .functor OR 1, L_000000000175f440, L_0000000001760470, C4<0>, C4<0>;
L_000000000175f590 .functor AND 1, L_0000000001710ea0, L_0000000001710e00, C4<1>, C4<1>;
L_000000000175ee90 .functor AND 1, L_000000000175f590, L_0000000001656fb0, C4<1>, C4<1>;
L_000000000175f980 .functor AND 1, L_000000000175ee90, L_0000000001656f40, C4<1>, C4<1>;
L_000000000175f3d0 .functor OR 1, L_000000000175ec60, L_000000000175f980, C4<0>, C4<0>;
L_00000000017601d0 .functor OR 1, L_00000000017149c8, L_000000000175f3d0, C4<0>, C4<0>;
L_000000000175f4b0 .functor NOT 1, L_0000000001714980, C4<0>, C4<0>, C4<0>;
v00000000016cd640_0 .net "D0", 0 0, L_0000000001710d60;  1 drivers
v00000000016ceae0_0 .net "D0n", 0 0, L_0000000001656f40;  1 drivers
v00000000016cea40_0 .net "D1", 0 0, L_0000000001710f40;  1 drivers
v00000000016ceb80_0 .net "D1n", 0 0, L_0000000001656fb0;  1 drivers
v00000000016ce720_0 .net "D2", 0 0, L_0000000001710e00;  1 drivers
v00000000016cec20_0 .net "D2n", 0 0, L_0000000001657100;  1 drivers
v00000000016cecc0_0 .net "D3", 0 0, L_0000000001710ea0;  1 drivers
v00000000016ce7c0_0 .net "D3n", 0 0, L_0000000001654930;  1 drivers
v00000000016cee00_0 .net "LE", 0 0, L_00000000017149c8;  alias, 1 drivers
v00000000016ced60_0 .net *"_s10", 0 0, L_0000000001654a10;  1 drivers
v00000000016ce860_0 .net *"_s100", 0 0, L_0000000001653ba0;  1 drivers
v00000000016ce900_0 .net *"_s102", 0 0, L_00000000016541c0;  1 drivers
v00000000016ce9a0_0 .net *"_s104", 0 0, L_0000000001653d60;  1 drivers
v00000000016c72e0_0 .net *"_s106", 0 0, L_0000000001654230;  1 drivers
v00000000016c7560_0 .net *"_s108", 0 0, L_0000000001654770;  1 drivers
v00000000016c7d80_0 .net *"_s110", 0 0, L_0000000001653900;  1 drivers
v00000000016c7600_0 .net *"_s112", 0 0, L_0000000001653660;  1 drivers
v00000000016c8be0_0 .net *"_s116", 0 0, L_0000000001654bd0;  1 drivers
v00000000016c8dc0_0 .net *"_s118", 0 0, L_0000000001654c40;  1 drivers
v00000000016c88c0_0 .net *"_s12", 0 0, L_0000000001654850;  1 drivers
v00000000016c7ce0_0 .net *"_s120", 0 0, L_0000000001653c80;  1 drivers
v00000000016c92c0_0 .net *"_s122", 0 0, L_0000000001654d90;  1 drivers
v00000000016c9360_0 .net *"_s124", 0 0, L_0000000001654310;  1 drivers
v00000000016c81e0_0 .net *"_s126", 0 0, L_0000000001654e00;  1 drivers
v00000000016c8f00_0 .net *"_s128", 0 0, L_0000000001653510;  1 drivers
v00000000016c8960_0 .net *"_s132", 0 0, L_0000000001653740;  1 drivers
v00000000016c86e0_0 .net *"_s134", 0 0, L_00000000011bbec0;  1 drivers
v00000000016c6f20_0 .net *"_s136", 0 0, L_00000000011bbb40;  1 drivers
v00000000016c8280_0 .net *"_s138", 0 0, L_00000000011bbbb0;  1 drivers
v00000000016c7b00_0 .net *"_s14", 0 0, L_0000000001654e70;  1 drivers
v00000000016c76a0_0 .net *"_s140", 0 0, L_0000000001206950;  1 drivers
v00000000016c7100_0 .net *"_s142", 0 0, L_0000000001206170;  1 drivers
v00000000016c7ba0_0 .net *"_s144", 0 0, L_00000000012066b0;  1 drivers
v00000000016c9540_0 .net *"_s146", 0 0, L_000000000175ed40;  1 drivers
v00000000016c7e20_0 .net *"_s148", 0 0, L_000000000175ef70;  1 drivers
v00000000016c8780_0 .net *"_s150", 0 0, L_000000000175fad0;  1 drivers
v00000000016c8000_0 .net *"_s152", 0 0, L_0000000001760010;  1 drivers
v00000000016c9040_0 .net *"_s154", 0 0, L_000000000175ef00;  1 drivers
v00000000016c6fc0_0 .net *"_s158", 0 0, L_000000000175f7c0;  1 drivers
v00000000016c9220_0 .net *"_s16", 0 0, L_00000000016540e0;  1 drivers
v00000000016c94a0_0 .net *"_s160", 0 0, L_000000000175f440;  1 drivers
v00000000016c7240_0 .net *"_s162", 0 0, L_000000000175f830;  1 drivers
v00000000016c8500_0 .net *"_s164", 0 0, L_0000000001760550;  1 drivers
v00000000016c74c0_0 .net *"_s166", 0 0, L_0000000001760470;  1 drivers
v00000000016c7a60_0 .net *"_s168", 0 0, L_000000000175ec60;  1 drivers
v00000000016c7c40_0 .net *"_s170", 0 0, L_000000000175f590;  1 drivers
v00000000016c9400_0 .net *"_s172", 0 0, L_000000000175ee90;  1 drivers
v00000000016c7740_0 .net *"_s174", 0 0, L_000000000175f980;  1 drivers
v00000000016c9680_0 .net *"_s176", 0 0, L_000000000175f3d0;  1 drivers
v00000000016c8640_0 .net *"_s18", 0 0, L_0000000001654380;  1 drivers
v00000000016c8e60_0 .net *"_s20", 0 0, L_00000000016537b0;  1 drivers
v00000000016c77e0_0 .net *"_s22", 0 0, L_0000000001654b60;  1 drivers
v00000000016c79c0_0 .net *"_s24", 0 0, L_00000000016545b0;  1 drivers
v00000000016c80a0_0 .net *"_s26", 0 0, L_0000000001653dd0;  1 drivers
v00000000016c7420_0 .net *"_s28", 0 0, L_0000000001653580;  1 drivers
v00000000016c7ec0_0 .net *"_s30", 0 0, L_0000000001654d20;  1 drivers
v00000000016c7f60_0 .net *"_s32", 0 0, L_0000000001653cf0;  1 drivers
v00000000016c8140_0 .net *"_s34", 0 0, L_00000000016547e0;  1 drivers
v00000000016c8320_0 .net *"_s36", 0 0, L_0000000001653e40;  1 drivers
v00000000016c71a0_0 .net *"_s40", 0 0, L_00000000016549a0;  1 drivers
v00000000016c95e0_0 .net *"_s42", 0 0, L_00000000016532e0;  1 drivers
v00000000016c7880_0 .net *"_s44", 0 0, L_00000000016544d0;  1 drivers
v00000000016c7060_0 .net *"_s46", 0 0, L_00000000016542a0;  1 drivers
v00000000016c7380_0 .net *"_s48", 0 0, L_00000000016543f0;  1 drivers
v00000000016c83c0_0 .net *"_s50", 0 0, L_0000000001654150;  1 drivers
v00000000016c7920_0 .net *"_s52", 0 0, L_0000000001653350;  1 drivers
v00000000016c8460_0 .net *"_s54", 0 0, L_0000000001654000;  1 drivers
v00000000016c85a0_0 .net *"_s56", 0 0, L_0000000001654540;  1 drivers
v00000000016c8820_0 .net *"_s58", 0 0, L_00000000016533c0;  1 drivers
v00000000016c8a00_0 .net *"_s60", 0 0, L_0000000001653eb0;  1 drivers
v00000000016c8aa0_0 .net *"_s62", 0 0, L_0000000001654620;  1 drivers
v00000000016c8b40_0 .net *"_s66", 0 0, L_00000000016539e0;  1 drivers
v00000000016c8c80_0 .net *"_s68", 0 0, L_0000000001654070;  1 drivers
v00000000016c8d20_0 .net *"_s70", 0 0, L_0000000001653f90;  1 drivers
v00000000016c8fa0_0 .net *"_s72", 0 0, L_0000000001653820;  1 drivers
v00000000016c90e0_0 .net *"_s74", 0 0, L_00000000016548c0;  1 drivers
v00000000016c9180_0 .net *"_s76", 0 0, L_0000000001653430;  1 drivers
v00000000016cb2a0_0 .net *"_s78", 0 0, L_0000000001653a50;  1 drivers
v00000000016cb840_0 .net *"_s8", 0 0, L_0000000001653890;  1 drivers
v00000000016cbe80_0 .net *"_s80", 0 0, L_0000000001654460;  1 drivers
v00000000016ca4e0_0 .net *"_s82", 0 0, L_0000000001653970;  1 drivers
v00000000016c9860_0 .net *"_s86", 0 0, L_0000000001654cb0;  1 drivers
v00000000016c9ae0_0 .net *"_s88", 0 0, L_00000000016535f0;  1 drivers
v00000000016ca580_0 .net *"_s90", 0 0, L_0000000001654690;  1 drivers
v00000000016c9900_0 .net *"_s92", 0 0, L_00000000016534a0;  1 drivers
v00000000016c9b80_0 .net *"_s94", 0 0, L_0000000001653ac0;  1 drivers
v00000000016c99a0_0 .net *"_s96", 0 0, L_0000000001654700;  1 drivers
v00000000016ca940_0 .net *"_s98", 0 0, L_0000000001653b30;  1 drivers
v00000000016cb0c0_0 .net "a", 0 0, L_0000000001653f20;  1 drivers
v00000000016c9c20_0 .net "b", 0 0, L_0000000001654a80;  1 drivers
v00000000016caf80_0 .net "c", 0 0, L_0000000001654af0;  1 drivers
v00000000016cab20_0 .net "d", 0 0, L_0000000001653c10;  1 drivers
v00000000016cb340_0 .net "e", 0 0, L_00000000016536d0;  1 drivers
v00000000016cb3e0_0 .net "f", 0 0, L_000000000175f600;  1 drivers
v00000000016cb020_0 .net "g", 0 0, L_00000000017601d0;  1 drivers
v00000000016c97c0_0 .net "p", 0 0, L_000000000175f4b0;  1 drivers
v00000000016c9d60_0 .net "point", 0 0, L_0000000001714980;  alias, 1 drivers
S_0000000001057b50 .scope module, "MyMc0" "MyMC14495" 6 37, 7 1 0, S_0000000001183840;
 .timescale 0 0;
    .port_info 0 /INPUT 1 "D0";
    .port_info 1 /INPUT 1 "D1";
    .port_info 2 /INPUT 1 "D2";
    .port_info 3 /INPUT 1 "D3";
    .port_info 4 /INPUT 1 "LE";
    .port_info 5 /INPUT 1 "point";
    .port_info 6 /OUTPUT 1 "a";
    .port_info 7 /OUTPUT 1 "b";
    .port_info 8 /OUTPUT 1 "c";
    .port_info 9 /OUTPUT 1 "d";
    .port_info 10 /OUTPUT 1 "e";
    .port_info 11 /OUTPUT 1 "f";
    .port_info 12 /OUTPUT 1 "g";
    .port_info 13 /OUTPUT 1 "p";
L_000000000175ee20 .functor NOT 1, L_000000000170fe60, C4<0>, C4<0>, C4<0>;
L_000000000175f670 .functor NOT 1, L_0000000001710ae0, C4<0>, C4<0>, C4<0>;
L_000000000175e9c0 .functor NOT 1, L_00000000017100e0, C4<0>, C4<0>, C4<0>;
L_000000000175f6e0 .functor NOT 1, L_000000000170ff00, C4<0>, C4<0>, C4<0>;
L_000000000175ecd0 .functor AND 1, L_000000000175f6e0, L_000000000175e9c0, C4<1>, C4<1>;
L_000000000175f750 .functor AND 1, L_000000000175ecd0, L_000000000175f670, C4<1>, C4<1>;
L_000000000175ea30 .functor AND 1, L_000000000175f750, L_000000000170fe60, C4<1>, C4<1>;
L_000000000175f280 .functor AND 1, L_000000000175f6e0, L_00000000017100e0, C4<1>, C4<1>;
L_000000000175fd70 .functor AND 1, L_000000000175f280, L_000000000175f670, C4<1>, C4<1>;
L_000000000175efe0 .functor AND 1, L_000000000175fd70, L_000000000175ee20, C4<1>, C4<1>;
L_000000000175f520 .functor OR 1, L_000000000175ea30, L_000000000175efe0, C4<0>, C4<0>;
L_000000000175f050 .functor AND 1, L_000000000170ff00, L_000000000175e9c0, C4<1>, C4<1>;
L_000000000175edb0 .functor AND 1, L_000000000175f050, L_0000000001710ae0, C4<1>, C4<1>;
L_000000000175f8a0 .functor AND 1, L_000000000175edb0, L_000000000170fe60, C4<1>, C4<1>;
L_000000000175f0c0 .functor OR 1, L_000000000175f520, L_000000000175f8a0, C4<0>, C4<0>;
L_000000000175fd00 .functor AND 1, L_000000000170ff00, L_00000000017100e0, C4<1>, C4<1>;
L_000000000175fb40 .functor AND 1, L_000000000175fd00, L_000000000175f670, C4<1>, C4<1>;
L_000000000175f130 .functor AND 1, L_000000000175fb40, L_000000000170fe60, C4<1>, C4<1>;
L_000000000175fbb0 .functor OR 1, L_000000000175f0c0, L_000000000175f130, C4<0>, C4<0>;
L_000000000175f910 .functor OR 1, L_00000000017149c8, L_000000000175fbb0, C4<0>, C4<0>;
L_000000000175ff30 .functor AND 1, L_000000000175f6e0, L_00000000017100e0, C4<1>, C4<1>;
L_00000000017604e0 .functor AND 1, L_000000000175ff30, L_000000000175f670, C4<1>, C4<1>;
L_0000000001760240 .functor AND 1, L_00000000017604e0, L_000000000170fe60, C4<1>, C4<1>;
L_0000000001760080 .functor AND 1, L_00000000017100e0, L_0000000001710ae0, C4<1>, C4<1>;
L_000000000175ebf0 .functor AND 1, L_0000000001760080, L_000000000175ee20, C4<1>, C4<1>;
L_000000000175ffa0 .functor OR 1, L_0000000001760240, L_000000000175ebf0, C4<0>, C4<0>;
L_000000000175f1a0 .functor AND 1, L_000000000170ff00, L_00000000017100e0, C4<1>, C4<1>;
L_000000000175f9f0 .functor AND 1, L_000000000175f1a0, L_000000000175ee20, C4<1>, C4<1>;
L_0000000001760320 .functor OR 1, L_000000000175ffa0, L_000000000175f9f0, C4<0>, C4<0>;
L_00000000017600f0 .functor AND 1, L_000000000170ff00, L_0000000001710ae0, C4<1>, C4<1>;
L_000000000175f210 .functor AND 1, L_00000000017600f0, L_000000000170fe60, C4<1>, C4<1>;
L_0000000001760160 .functor OR 1, L_0000000001760320, L_000000000175f210, C4<0>, C4<0>;
L_000000000175fa60 .functor OR 1, L_00000000017149c8, L_0000000001760160, C4<0>, C4<0>;
L_00000000017602b0 .functor AND 1, L_000000000175f6e0, L_000000000175e9c0, C4<1>, C4<1>;
L_000000000175eb10 .functor AND 1, L_00000000017602b0, L_0000000001710ae0, C4<1>, C4<1>;
L_0000000001760390 .functor AND 1, L_000000000175eb10, L_000000000175ee20, C4<1>, C4<1>;
L_000000000175fec0 .functor AND 1, L_000000000170ff00, L_00000000017100e0, C4<1>, C4<1>;
L_000000000175fc20 .functor AND 1, L_000000000175fec0, L_000000000175ee20, C4<1>, C4<1>;
L_000000000175fc90 .functor OR 1, L_0000000001760390, L_000000000175fc20, C4<0>, C4<0>;
L_000000000175fde0 .functor AND 1, L_000000000170ff00, L_00000000017100e0, C4<1>, C4<1>;
L_0000000001760400 .functor AND 1, L_000000000175fde0, L_0000000001710ae0, C4<1>, C4<1>;
L_000000000175f2f0 .functor OR 1, L_000000000175fc90, L_0000000001760400, C4<0>, C4<0>;
L_000000000175fe50 .functor OR 1, L_00000000017149c8, L_000000000175f2f0, C4<0>, C4<0>;
L_000000000175eaa0 .functor AND 1, L_000000000175f6e0, L_000000000175e9c0, C4<1>, C4<1>;
L_000000000175f360 .functor AND 1, L_000000000175eaa0, L_000000000175f670, C4<1>, C4<1>;
L_000000000175eb80 .functor AND 1, L_000000000175f360, L_000000000170fe60, C4<1>, C4<1>;
L_00000000017605c0 .functor AND 1, L_000000000175f6e0, L_00000000017100e0, C4<1>, C4<1>;
L_00000000017609b0 .functor AND 1, L_00000000017605c0, L_000000000175f670, C4<1>, C4<1>;
L_0000000001760710 .functor AND 1, L_00000000017609b0, L_000000000175ee20, C4<1>, C4<1>;
L_0000000001760b70 .functor OR 1, L_000000000175eb80, L_0000000001760710, C4<0>, C4<0>;
L_0000000001760780 .functor AND 1, L_00000000017100e0, L_0000000001710ae0, C4<1>, C4<1>;
L_0000000001760be0 .functor AND 1, L_0000000001760780, L_000000000170fe60, C4<1>, C4<1>;
L_0000000001760c50 .functor OR 1, L_0000000001760b70, L_0000000001760be0, C4<0>, C4<0>;
L_0000000001760630 .functor AND 1, L_000000000170ff00, L_000000000175e9c0, C4<1>, C4<1>;
L_0000000001760cc0 .functor AND 1, L_0000000001760630, L_0000000001710ae0, C4<1>, C4<1>;
L_0000000001760b00 .functor AND 1, L_0000000001760cc0, L_000000000175ee20, C4<1>, C4<1>;
L_00000000017607f0 .functor OR 1, L_0000000001760c50, L_0000000001760b00, C4<0>, C4<0>;
L_00000000017606a0 .functor OR 1, L_00000000017149c8, L_00000000017607f0, C4<0>, C4<0>;
L_0000000001760860 .functor AND 1, L_000000000175f6e0, L_000000000170fe60, C4<1>, C4<1>;
L_00000000017608d0 .functor AND 1, L_000000000175f6e0, L_00000000017100e0, C4<1>, C4<1>;
L_0000000001760940 .functor AND 1, L_00000000017608d0, L_000000000175f670, C4<1>, C4<1>;
L_0000000001760a20 .functor OR 1, L_0000000001760860, L_0000000001760940, C4<0>, C4<0>;
L_0000000001760a90 .functor AND 1, L_000000000175e9c0, L_000000000175f670, C4<1>, C4<1>;
L_000000000175d1b0 .functor AND 1, L_0000000001760a90, L_000000000170fe60, C4<1>, C4<1>;
L_000000000175e330 .functor OR 1, L_0000000001760a20, L_000000000175d1b0, C4<0>, C4<0>;
L_000000000175dfb0 .functor OR 1, L_00000000017149c8, L_000000000175e330, C4<0>, C4<0>;
L_000000000175e170 .functor AND 1, L_000000000175f6e0, L_000000000175e9c0, C4<1>, C4<1>;
L_000000000175d0d0 .functor AND 1, L_000000000175e170, L_000000000170fe60, C4<1>, C4<1>;
L_000000000175d300 .functor AND 1, L_000000000175f6e0, L_000000000175e9c0, C4<1>, C4<1>;
L_000000000175d990 .functor AND 1, L_000000000175d300, L_0000000001710ae0, C4<1>, C4<1>;
L_000000000175e020 .functor OR 1, L_000000000175d0d0, L_000000000175d990, C4<0>, C4<0>;
L_000000000175e4f0 .functor AND 1, L_000000000175f6e0, L_0000000001710ae0, C4<1>, C4<1>;
L_000000000175e6b0 .functor AND 1, L_000000000175e4f0, L_000000000170fe60, C4<1>, C4<1>;
L_000000000175e1e0 .functor OR 1, L_000000000175e020, L_000000000175e6b0, C4<0>, C4<0>;
L_000000000175d3e0 .functor AND 1, L_000000000170ff00, L_00000000017100e0, C4<1>, C4<1>;
L_000000000175da00 .functor AND 1, L_000000000175d3e0, L_000000000175f670, C4<1>, C4<1>;
L_000000000175e100 .functor AND 1, L_000000000175da00, L_000000000170fe60, C4<1>, C4<1>;
L_000000000175d760 .functor OR 1, L_000000000175e1e0, L_000000000175e100, C4<0>, C4<0>;
L_000000000175e410 .functor OR 1, L_00000000017149c8, L_000000000175d760, C4<0>, C4<0>;
L_000000000175cf80 .functor AND 1, L_000000000175f6e0, L_000000000175e9c0, C4<1>, C4<1>;
L_000000000175da70 .functor AND 1, L_000000000175cf80, L_000000000175f670, C4<1>, C4<1>;
L_000000000175e480 .functor AND 1, L_000000000175f6e0, L_00000000017100e0, C4<1>, C4<1>;
L_000000000175ded0 .functor AND 1, L_000000000175e480, L_0000000001710ae0, C4<1>, C4<1>;
L_000000000175e250 .functor AND 1, L_000000000175ded0, L_000000000170fe60, C4<1>, C4<1>;
L_000000000175df40 .functor OR 1, L_000000000175da70, L_000000000175e250, C4<0>, C4<0>;
L_000000000175d4c0 .functor AND 1, L_000000000170ff00, L_00000000017100e0, C4<1>, C4<1>;
L_000000000175e640 .functor AND 1, L_000000000175d4c0, L_000000000175f670, C4<1>, C4<1>;
L_000000000175e090 .functor AND 1, L_000000000175e640, L_000000000175ee20, C4<1>, C4<1>;
L_000000000175e560 .functor OR 1, L_000000000175df40, L_000000000175e090, C4<0>, C4<0>;
L_000000000175cff0 .functor OR 1, L_00000000017149c8, L_000000000175e560, C4<0>, C4<0>;
L_000000000175dae0 .functor NOT 1, L_000000000170eba0, C4<0>, C4<0>, C4<0>;
v00000000016ca9e0_0 .net "D0", 0 0, L_000000000170fe60;  1 drivers
v00000000016ca620_0 .net "D0n", 0 0, L_000000000175ee20;  1 drivers
v00000000016caee0_0 .net "D1", 0 0, L_0000000001710ae0;  1 drivers
v00000000016cb160_0 .net "D1n", 0 0, L_000000000175f670;  1 drivers
v00000000016cabc0_0 .net "D2", 0 0, L_00000000017100e0;  1 drivers
v00000000016cb200_0 .net "D2n", 0 0, L_000000000175e9c0;  1 drivers
v00000000016caa80_0 .net "D3", 0 0, L_000000000170ff00;  1 drivers
v00000000016cb5c0_0 .net "D3n", 0 0, L_000000000175f6e0;  1 drivers
v00000000016c9e00_0 .net "LE", 0 0, L_00000000017149c8;  alias, 1 drivers
v00000000016cac60_0 .net *"_s10", 0 0, L_000000000175f750;  1 drivers
v00000000016c9720_0 .net *"_s100", 0 0, L_0000000001760780;  1 drivers
v00000000016cb8e0_0 .net *"_s102", 0 0, L_0000000001760be0;  1 drivers
v00000000016cb480_0 .net *"_s104", 0 0, L_0000000001760c50;  1 drivers
v00000000016ca120_0 .net *"_s106", 0 0, L_0000000001760630;  1 drivers
v00000000016cb980_0 .net *"_s108", 0 0, L_0000000001760cc0;  1 drivers
v00000000016c9a40_0 .net *"_s110", 0 0, L_0000000001760b00;  1 drivers
v00000000016cbb60_0 .net *"_s112", 0 0, L_00000000017607f0;  1 drivers
v00000000016cad00_0 .net *"_s116", 0 0, L_0000000001760860;  1 drivers
v00000000016ca6c0_0 .net *"_s118", 0 0, L_00000000017608d0;  1 drivers
v00000000016cada0_0 .net *"_s12", 0 0, L_000000000175ea30;  1 drivers
v00000000016cb520_0 .net *"_s120", 0 0, L_0000000001760940;  1 drivers
v00000000016cbc00_0 .net *"_s122", 0 0, L_0000000001760a20;  1 drivers
v00000000016cae40_0 .net *"_s124", 0 0, L_0000000001760a90;  1 drivers
v00000000016c9cc0_0 .net *"_s126", 0 0, L_000000000175d1b0;  1 drivers
v00000000016cb660_0 .net *"_s128", 0 0, L_000000000175e330;  1 drivers
v00000000016cba20_0 .net *"_s132", 0 0, L_000000000175e170;  1 drivers
v00000000016ca760_0 .net *"_s134", 0 0, L_000000000175d0d0;  1 drivers
v00000000016ca260_0 .net *"_s136", 0 0, L_000000000175d300;  1 drivers
v00000000016cbde0_0 .net *"_s138", 0 0, L_000000000175d990;  1 drivers
v00000000016c9ea0_0 .net *"_s14", 0 0, L_000000000175f280;  1 drivers
v00000000016cbac0_0 .net *"_s140", 0 0, L_000000000175e020;  1 drivers
v00000000016c9f40_0 .net *"_s142", 0 0, L_000000000175e4f0;  1 drivers
v00000000016cbca0_0 .net *"_s144", 0 0, L_000000000175e6b0;  1 drivers
v00000000016c9fe0_0 .net *"_s146", 0 0, L_000000000175e1e0;  1 drivers
v00000000016cbd40_0 .net *"_s148", 0 0, L_000000000175d3e0;  1 drivers
v00000000016ca080_0 .net *"_s150", 0 0, L_000000000175da00;  1 drivers
v00000000016cb700_0 .net *"_s152", 0 0, L_000000000175e100;  1 drivers
v00000000016ca1c0_0 .net *"_s154", 0 0, L_000000000175d760;  1 drivers
v00000000016ca300_0 .net *"_s158", 0 0, L_000000000175cf80;  1 drivers
v00000000016ca3a0_0 .net *"_s16", 0 0, L_000000000175fd70;  1 drivers
v00000000016ca440_0 .net *"_s160", 0 0, L_000000000175da70;  1 drivers
v00000000016ca800_0 .net *"_s162", 0 0, L_000000000175e480;  1 drivers
v00000000016cb7a0_0 .net *"_s164", 0 0, L_000000000175ded0;  1 drivers
v00000000016ca8a0_0 .net *"_s166", 0 0, L_000000000175e250;  1 drivers
v00000000016d1a80_0 .net *"_s168", 0 0, L_000000000175df40;  1 drivers
v00000000016d36a0_0 .net *"_s170", 0 0, L_000000000175d4c0;  1 drivers
v00000000016d22a0_0 .net *"_s172", 0 0, L_000000000175e640;  1 drivers
v00000000016d1440_0 .net *"_s174", 0 0, L_000000000175e090;  1 drivers
v00000000016d3060_0 .net *"_s176", 0 0, L_000000000175e560;  1 drivers
v00000000016d18a0_0 .net *"_s18", 0 0, L_000000000175efe0;  1 drivers
v00000000016d2340_0 .net *"_s20", 0 0, L_000000000175f520;  1 drivers
v00000000016d2de0_0 .net *"_s22", 0 0, L_000000000175f050;  1 drivers
v00000000016d0fe0_0 .net *"_s24", 0 0, L_000000000175edb0;  1 drivers
v00000000016d2840_0 .net *"_s26", 0 0, L_000000000175f8a0;  1 drivers
v00000000016d2b60_0 .net *"_s28", 0 0, L_000000000175f0c0;  1 drivers
v00000000016d14e0_0 .net *"_s30", 0 0, L_000000000175fd00;  1 drivers
v00000000016d11c0_0 .net *"_s32", 0 0, L_000000000175fb40;  1 drivers
v00000000016d19e0_0 .net *"_s34", 0 0, L_000000000175f130;  1 drivers
v00000000016d1800_0 .net *"_s36", 0 0, L_000000000175fbb0;  1 drivers
v00000000016d2980_0 .net *"_s40", 0 0, L_000000000175ff30;  1 drivers
v00000000016d1940_0 .net *"_s42", 0 0, L_00000000017604e0;  1 drivers
v00000000016d1ee0_0 .net *"_s44", 0 0, L_0000000001760240;  1 drivers
v00000000016d1080_0 .net *"_s46", 0 0, L_0000000001760080;  1 drivers
v00000000016d2e80_0 .net *"_s48", 0 0, L_000000000175ebf0;  1 drivers
v00000000016d1f80_0 .net *"_s50", 0 0, L_000000000175ffa0;  1 drivers
v00000000016d2700_0 .net *"_s52", 0 0, L_000000000175f1a0;  1 drivers
v00000000016d2fc0_0 .net *"_s54", 0 0, L_000000000175f9f0;  1 drivers
v00000000016d1260_0 .net *"_s56", 0 0, L_0000000001760320;  1 drivers
v00000000016d2f20_0 .net *"_s58", 0 0, L_00000000017600f0;  1 drivers
v00000000016d23e0_0 .net *"_s60", 0 0, L_000000000175f210;  1 drivers
v00000000016d0f40_0 .net *"_s62", 0 0, L_0000000001760160;  1 drivers
v00000000016d28e0_0 .net *"_s66", 0 0, L_00000000017602b0;  1 drivers
v00000000016d2d40_0 .net *"_s68", 0 0, L_000000000175eb10;  1 drivers
v00000000016d27a0_0 .net *"_s70", 0 0, L_0000000001760390;  1 drivers
v00000000016d3100_0 .net *"_s72", 0 0, L_000000000175fec0;  1 drivers
v00000000016d3560_0 .net *"_s74", 0 0, L_000000000175fc20;  1 drivers
v00000000016d2ca0_0 .net *"_s76", 0 0, L_000000000175fc90;  1 drivers
v00000000016d31a0_0 .net *"_s78", 0 0, L_000000000175fde0;  1 drivers
v00000000016d1da0_0 .net *"_s8", 0 0, L_000000000175ecd0;  1 drivers
v00000000016d2a20_0 .net *"_s80", 0 0, L_0000000001760400;  1 drivers
v00000000016d1b20_0 .net *"_s82", 0 0, L_000000000175f2f0;  1 drivers
v00000000016d2020_0 .net *"_s86", 0 0, L_000000000175eaa0;  1 drivers
v00000000016d3380_0 .net *"_s88", 0 0, L_000000000175f360;  1 drivers
v00000000016d3600_0 .net *"_s90", 0 0, L_000000000175eb80;  1 drivers
v00000000016d34c0_0 .net *"_s92", 0 0, L_00000000017605c0;  1 drivers
v00000000016d3240_0 .net *"_s94", 0 0, L_00000000017609b0;  1 drivers
v00000000016d3420_0 .net *"_s96", 0 0, L_0000000001760710;  1 drivers
v00000000016d32e0_0 .net *"_s98", 0 0, L_0000000001760b70;  1 drivers
v00000000016d1120_0 .net "a", 0 0, L_000000000175f910;  1 drivers
v00000000016d13a0_0 .net "b", 0 0, L_000000000175fa60;  1 drivers
v00000000016d1580_0 .net "c", 0 0, L_000000000175fe50;  1 drivers
v00000000016d20c0_0 .net "d", 0 0, L_00000000017606a0;  1 drivers
v00000000016d1620_0 .net "e", 0 0, L_000000000175dfb0;  1 drivers
v00000000016d2160_0 .net "f", 0 0, L_000000000175e410;  1 drivers
v00000000016d2200_0 .net "g", 0 0, L_000000000175cff0;  1 drivers
v00000000016d16c0_0 .net "p", 0 0, L_000000000175dae0;  1 drivers
v00000000016d1300_0 .net "point", 0 0, L_000000000170eba0;  1 drivers
S_0000000001057ce0 .scope module, "MyMc1" "MyMC14495" 6 39, 7 1 0, S_0000000001183840;
 .timescale 0 0;
    .port_info 0 /INPUT 1 "D0";
    .port_info 1 /INPUT 1 "D1";
    .port_info 2 /INPUT 1 "D2";
    .port_info 3 /INPUT 1 "D3";
    .port_info 4 /INPUT 1 "LE";
    .port_info 5 /INPUT 1 "point";
    .port_info 6 /OUTPUT 1 "a";
    .port_info 7 /OUTPUT 1 "b";
    .port_info 8 /OUTPUT 1 "c";
    .port_info 9 /OUTPUT 1 "d";
    .port_info 10 /OUTPUT 1 "e";
    .port_info 11 /OUTPUT 1 "f";
    .port_info 12 /OUTPUT 1 "g";
    .port_info 13 /OUTPUT 1 "p";
L_000000000175d370 .functor NOT 1, L_00000000017102c0, C4<0>, C4<0>, C4<0>;
L_000000000175de60 .functor NOT 1, L_000000000170ece0, C4<0>, C4<0>, C4<0>;
L_000000000175e2c0 .functor NOT 1, L_000000000170e9c0, C4<0>, C4<0>, C4<0>;
L_000000000175e5d0 .functor NOT 1, L_000000000170f320, C4<0>, C4<0>, C4<0>;
L_000000000175dbc0 .functor AND 1, L_000000000175e5d0, L_000000000175e2c0, C4<1>, C4<1>;
L_000000000175dd80 .functor AND 1, L_000000000175dbc0, L_000000000175de60, C4<1>, C4<1>;
L_000000000175e720 .functor AND 1, L_000000000175dd80, L_00000000017102c0, C4<1>, C4<1>;
L_000000000175d060 .functor AND 1, L_000000000175e5d0, L_000000000170e9c0, C4<1>, C4<1>;
L_000000000175db50 .functor AND 1, L_000000000175d060, L_000000000175de60, C4<1>, C4<1>;
L_000000000175dc30 .functor AND 1, L_000000000175db50, L_000000000175d370, C4<1>, C4<1>;
L_000000000175e800 .functor OR 1, L_000000000175e720, L_000000000175dc30, C4<0>, C4<0>;
L_000000000175dd10 .functor AND 1, L_000000000170f320, L_000000000175e2c0, C4<1>, C4<1>;
L_000000000175e870 .functor AND 1, L_000000000175dd10, L_000000000170ece0, C4<1>, C4<1>;
L_000000000175e950 .functor AND 1, L_000000000175e870, L_00000000017102c0, C4<1>, C4<1>;
L_000000000175d530 .functor OR 1, L_000000000175e800, L_000000000175e950, C4<0>, C4<0>;
L_000000000175d220 .functor AND 1, L_000000000170f320, L_000000000170e9c0, C4<1>, C4<1>;
L_000000000175e790 .functor AND 1, L_000000000175d220, L_000000000175de60, C4<1>, C4<1>;
L_000000000175e8e0 .functor AND 1, L_000000000175e790, L_00000000017102c0, C4<1>, C4<1>;
L_000000000175dca0 .functor OR 1, L_000000000175d530, L_000000000175e8e0, C4<0>, C4<0>;
L_000000000175cdc0 .functor OR 1, L_00000000017149c8, L_000000000175dca0, C4<0>, C4<0>;
L_000000000175d450 .functor AND 1, L_000000000175e5d0, L_000000000170e9c0, C4<1>, C4<1>;
L_000000000175d290 .functor AND 1, L_000000000175d450, L_000000000175de60, C4<1>, C4<1>;
L_000000000175ddf0 .functor AND 1, L_000000000175d290, L_00000000017102c0, C4<1>, C4<1>;
L_000000000175d5a0 .functor AND 1, L_000000000170e9c0, L_000000000170ece0, C4<1>, C4<1>;
L_000000000175ce30 .functor AND 1, L_000000000175d5a0, L_000000000175d370, C4<1>, C4<1>;
L_000000000175cea0 .functor OR 1, L_000000000175ddf0, L_000000000175ce30, C4<0>, C4<0>;
L_000000000175cf10 .functor AND 1, L_000000000170f320, L_000000000170e9c0, C4<1>, C4<1>;
L_000000000175d140 .functor AND 1, L_000000000175cf10, L_000000000175d370, C4<1>, C4<1>;
L_000000000175d610 .functor OR 1, L_000000000175cea0, L_000000000175d140, C4<0>, C4<0>;
L_000000000175d680 .functor AND 1, L_000000000170f320, L_000000000170ece0, C4<1>, C4<1>;
L_000000000175d6f0 .functor AND 1, L_000000000175d680, L_00000000017102c0, C4<1>, C4<1>;
L_000000000175d7d0 .functor OR 1, L_000000000175d610, L_000000000175d6f0, C4<0>, C4<0>;
L_000000000175d840 .functor OR 1, L_00000000017149c8, L_000000000175d7d0, C4<0>, C4<0>;
L_000000000175d8b0 .functor AND 1, L_000000000175e5d0, L_000000000175e2c0, C4<1>, C4<1>;
L_000000000175d920 .functor AND 1, L_000000000175d8b0, L_000000000170ece0, C4<1>, C4<1>;
L_000000000176afc0 .functor AND 1, L_000000000175d920, L_000000000175d370, C4<1>, C4<1>;
L_000000000176b340 .functor AND 1, L_000000000170f320, L_000000000170e9c0, C4<1>, C4<1>;
L_000000000176b730 .functor AND 1, L_000000000176b340, L_000000000175d370, C4<1>, C4<1>;
L_000000000176bea0 .functor OR 1, L_000000000176afc0, L_000000000176b730, C4<0>, C4<0>;
L_000000000176b7a0 .functor AND 1, L_000000000170f320, L_000000000170e9c0, C4<1>, C4<1>;
L_000000000176bce0 .functor AND 1, L_000000000176b7a0, L_000000000170ece0, C4<1>, C4<1>;
L_000000000176bff0 .functor OR 1, L_000000000176bea0, L_000000000176bce0, C4<0>, C4<0>;
L_000000000176be30 .functor OR 1, L_00000000017149c8, L_000000000176bff0, C4<0>, C4<0>;
L_000000000176c840 .functor AND 1, L_000000000175e5d0, L_000000000175e2c0, C4<1>, C4<1>;
L_000000000176c220 .functor AND 1, L_000000000176c840, L_000000000175de60, C4<1>, C4<1>;
L_000000000176c920 .functor AND 1, L_000000000176c220, L_00000000017102c0, C4<1>, C4<1>;
L_000000000176c6f0 .functor AND 1, L_000000000175e5d0, L_000000000170e9c0, C4<1>, C4<1>;
L_000000000176b110 .functor AND 1, L_000000000176c6f0, L_000000000175de60, C4<1>, C4<1>;
L_000000000176c8b0 .functor AND 1, L_000000000176b110, L_000000000175d370, C4<1>, C4<1>;
L_000000000176b810 .functor OR 1, L_000000000176c920, L_000000000176c8b0, C4<0>, C4<0>;
L_000000000176c680 .functor AND 1, L_000000000170e9c0, L_000000000170ece0, C4<1>, C4<1>;
L_000000000176b8f0 .functor AND 1, L_000000000176c680, L_00000000017102c0, C4<1>, C4<1>;
L_000000000176b3b0 .functor OR 1, L_000000000176b810, L_000000000176b8f0, C4<0>, C4<0>;
L_000000000176b420 .functor AND 1, L_000000000170f320, L_000000000175e2c0, C4<1>, C4<1>;
L_000000000176b490 .functor AND 1, L_000000000176b420, L_000000000170ece0, C4<1>, C4<1>;
L_000000000176b260 .functor AND 1, L_000000000176b490, L_000000000175d370, C4<1>, C4<1>;
L_000000000176b6c0 .functor OR 1, L_000000000176b3b0, L_000000000176b260, C4<0>, C4<0>;
L_000000000176bd50 .functor OR 1, L_00000000017149c8, L_000000000176b6c0, C4<0>, C4<0>;
L_000000000176c140 .functor AND 1, L_000000000175e5d0, L_00000000017102c0, C4<1>, C4<1>;
L_000000000176b960 .functor AND 1, L_000000000175e5d0, L_000000000170e9c0, C4<1>, C4<1>;
L_000000000176b570 .functor AND 1, L_000000000176b960, L_000000000175de60, C4<1>, C4<1>;
L_000000000176c450 .functor OR 1, L_000000000176c140, L_000000000176b570, C4<0>, C4<0>;
L_000000000176c0d0 .functor AND 1, L_000000000175e2c0, L_000000000175de60, C4<1>, C4<1>;
L_000000000176bb90 .functor AND 1, L_000000000176c0d0, L_00000000017102c0, C4<1>, C4<1>;
L_000000000176b2d0 .functor OR 1, L_000000000176c450, L_000000000176bb90, C4<0>, C4<0>;
L_000000000176b500 .functor OR 1, L_00000000017149c8, L_000000000176b2d0, C4<0>, C4<0>;
L_000000000176b5e0 .functor AND 1, L_000000000175e5d0, L_000000000175e2c0, C4<1>, C4<1>;
L_000000000176aee0 .functor AND 1, L_000000000176b5e0, L_00000000017102c0, C4<1>, C4<1>;
L_000000000176c610 .functor AND 1, L_000000000175e5d0, L_000000000175e2c0, C4<1>, C4<1>;
L_000000000176c7d0 .functor AND 1, L_000000000176c610, L_000000000170ece0, C4<1>, C4<1>;
L_000000000176c290 .functor OR 1, L_000000000176aee0, L_000000000176c7d0, C4<0>, C4<0>;
L_000000000176b650 .functor AND 1, L_000000000175e5d0, L_000000000170ece0, C4<1>, C4<1>;
L_000000000176bab0 .functor AND 1, L_000000000176b650, L_00000000017102c0, C4<1>, C4<1>;
L_000000000176c300 .functor OR 1, L_000000000176c290, L_000000000176bab0, C4<0>, C4<0>;
L_000000000176b880 .functor AND 1, L_000000000170f320, L_000000000170e9c0, C4<1>, C4<1>;
L_000000000176bdc0 .functor AND 1, L_000000000176b880, L_000000000175de60, C4<1>, C4<1>;
L_000000000176c1b0 .functor AND 1, L_000000000176bdc0, L_00000000017102c0, C4<1>, C4<1>;
L_000000000176bc00 .functor OR 1, L_000000000176c300, L_000000000176c1b0, C4<0>, C4<0>;
L_000000000176b9d0 .functor OR 1, L_00000000017149c8, L_000000000176bc00, C4<0>, C4<0>;
L_000000000176c370 .functor AND 1, L_000000000175e5d0, L_000000000175e2c0, C4<1>, C4<1>;
L_000000000176ba40 .functor AND 1, L_000000000176c370, L_000000000175de60, C4<1>, C4<1>;
L_000000000176bb20 .functor AND 1, L_000000000175e5d0, L_000000000170e9c0, C4<1>, C4<1>;
L_000000000176bc70 .functor AND 1, L_000000000176bb20, L_000000000170ece0, C4<1>, C4<1>;
L_000000000176c4c0 .functor AND 1, L_000000000176bc70, L_00000000017102c0, C4<1>, C4<1>;
L_000000000176ca70 .functor OR 1, L_000000000176ba40, L_000000000176c4c0, C4<0>, C4<0>;
L_000000000176bf10 .functor AND 1, L_000000000170f320, L_000000000170e9c0, C4<1>, C4<1>;
L_000000000176bf80 .functor AND 1, L_000000000176bf10, L_000000000175de60, C4<1>, C4<1>;
L_000000000176c060 .functor AND 1, L_000000000176bf80, L_000000000175d370, C4<1>, C4<1>;
L_000000000176c990 .functor OR 1, L_000000000176ca70, L_000000000176c060, C4<0>, C4<0>;
L_000000000176af50 .functor OR 1, L_00000000017149c8, L_000000000176c990, C4<0>, C4<0>;
L_000000000176b1f0 .functor NOT 1, L_000000000170faa0, C4<0>, C4<0>, C4<0>;
v00000000016d1760_0 .net "D0", 0 0, L_00000000017102c0;  1 drivers
v00000000016d1bc0_0 .net "D0n", 0 0, L_000000000175d370;  1 drivers
v00000000016d2480_0 .net "D1", 0 0, L_000000000170ece0;  1 drivers
v00000000016d1c60_0 .net "D1n", 0 0, L_000000000175de60;  1 drivers
v00000000016d2c00_0 .net "D2", 0 0, L_000000000170e9c0;  1 drivers
v00000000016d1d00_0 .net "D2n", 0 0, L_000000000175e2c0;  1 drivers
v00000000016d1e40_0 .net "D3", 0 0, L_000000000170f320;  1 drivers
v00000000016d2520_0 .net "D3n", 0 0, L_000000000175e5d0;  1 drivers
v00000000016d25c0_0 .net "LE", 0 0, L_00000000017149c8;  alias, 1 drivers
v00000000016d2660_0 .net *"_s10", 0 0, L_000000000175dd80;  1 drivers
v00000000016d2ac0_0 .net *"_s100", 0 0, L_000000000176c680;  1 drivers
v00000000016d4000_0 .net *"_s102", 0 0, L_000000000176b8f0;  1 drivers
v00000000016d46e0_0 .net *"_s104", 0 0, L_000000000176b3b0;  1 drivers
v00000000016d3880_0 .net *"_s106", 0 0, L_000000000176b420;  1 drivers
v00000000016d5680_0 .net *"_s108", 0 0, L_000000000176b490;  1 drivers
v00000000016d4780_0 .net *"_s110", 0 0, L_000000000176b260;  1 drivers
v00000000016d4f00_0 .net *"_s112", 0 0, L_000000000176b6c0;  1 drivers
v00000000016d5c20_0 .net *"_s116", 0 0, L_000000000176c140;  1 drivers
v00000000016d3920_0 .net *"_s118", 0 0, L_000000000176b960;  1 drivers
v00000000016d3e20_0 .net *"_s12", 0 0, L_000000000175e720;  1 drivers
v00000000016d4c80_0 .net *"_s120", 0 0, L_000000000176b570;  1 drivers
v00000000016d4d20_0 .net *"_s122", 0 0, L_000000000176c450;  1 drivers
v00000000016d50e0_0 .net *"_s124", 0 0, L_000000000176c0d0;  1 drivers
v00000000016d4b40_0 .net *"_s126", 0 0, L_000000000176bb90;  1 drivers
v00000000016d57c0_0 .net *"_s128", 0 0, L_000000000176b2d0;  1 drivers
v00000000016d4fa0_0 .net *"_s132", 0 0, L_000000000176b5e0;  1 drivers
v00000000016d4280_0 .net *"_s134", 0 0, L_000000000176aee0;  1 drivers
v00000000016d5400_0 .net *"_s136", 0 0, L_000000000176c610;  1 drivers
v00000000016d4500_0 .net *"_s138", 0 0, L_000000000176c7d0;  1 drivers
v00000000016d3d80_0 .net *"_s14", 0 0, L_000000000175d060;  1 drivers
v00000000016d5040_0 .net *"_s140", 0 0, L_000000000176c290;  1 drivers
v00000000016d4e60_0 .net *"_s142", 0 0, L_000000000176b650;  1 drivers
v00000000016d4820_0 .net *"_s144", 0 0, L_000000000176bab0;  1 drivers
v00000000016d5900_0 .net *"_s146", 0 0, L_000000000176c300;  1 drivers
v00000000016d5180_0 .net *"_s148", 0 0, L_000000000176b880;  1 drivers
v00000000016d55e0_0 .net *"_s150", 0 0, L_000000000176bdc0;  1 drivers
v00000000016d4a00_0 .net *"_s152", 0 0, L_000000000176c1b0;  1 drivers
v00000000016d45a0_0 .net *"_s154", 0 0, L_000000000176bc00;  1 drivers
v00000000016d5220_0 .net *"_s158", 0 0, L_000000000176c370;  1 drivers
v00000000016d52c0_0 .net *"_s16", 0 0, L_000000000175db50;  1 drivers
v00000000016d5360_0 .net *"_s160", 0 0, L_000000000176ba40;  1 drivers
v00000000016d54a0_0 .net *"_s162", 0 0, L_000000000176bb20;  1 drivers
v00000000016d5720_0 .net *"_s164", 0 0, L_000000000176bc70;  1 drivers
v00000000016d5540_0 .net *"_s166", 0 0, L_000000000176c4c0;  1 drivers
v00000000016d4640_0 .net *"_s168", 0 0, L_000000000176ca70;  1 drivers
v00000000016d5ae0_0 .net *"_s170", 0 0, L_000000000176bf10;  1 drivers
v00000000016d5b80_0 .net *"_s172", 0 0, L_000000000176bf80;  1 drivers
v00000000016d4aa0_0 .net *"_s174", 0 0, L_000000000176c060;  1 drivers
v00000000016d5860_0 .net *"_s176", 0 0, L_000000000176c990;  1 drivers
v00000000016d59a0_0 .net *"_s18", 0 0, L_000000000175dc30;  1 drivers
v00000000016d4be0_0 .net *"_s20", 0 0, L_000000000175e800;  1 drivers
v00000000016d3f60_0 .net *"_s22", 0 0, L_000000000175dd10;  1 drivers
v00000000016d5a40_0 .net *"_s24", 0 0, L_000000000175e870;  1 drivers
v00000000016d4320_0 .net *"_s26", 0 0, L_000000000175e950;  1 drivers
v00000000016d5cc0_0 .net *"_s28", 0 0, L_000000000175d530;  1 drivers
v00000000016d4140_0 .net *"_s30", 0 0, L_000000000175d220;  1 drivers
v00000000016d37e0_0 .net *"_s32", 0 0, L_000000000175e790;  1 drivers
v00000000016d4dc0_0 .net *"_s34", 0 0, L_000000000175e8e0;  1 drivers
v00000000016d48c0_0 .net *"_s36", 0 0, L_000000000175dca0;  1 drivers
v00000000016d5d60_0 .net *"_s40", 0 0, L_000000000175d450;  1 drivers
v00000000016d4960_0 .net *"_s42", 0 0, L_000000000175d290;  1 drivers
v00000000016d41e0_0 .net *"_s44", 0 0, L_000000000175ddf0;  1 drivers
v00000000016d5e00_0 .net *"_s46", 0 0, L_000000000175d5a0;  1 drivers
v00000000016d5ea0_0 .net *"_s48", 0 0, L_000000000175ce30;  1 drivers
v00000000016d3b00_0 .net *"_s50", 0 0, L_000000000175cea0;  1 drivers
v00000000016d3ec0_0 .net *"_s52", 0 0, L_000000000175cf10;  1 drivers
v00000000016d3740_0 .net *"_s54", 0 0, L_000000000175d140;  1 drivers
v00000000016d39c0_0 .net *"_s56", 0 0, L_000000000175d610;  1 drivers
v00000000016d3a60_0 .net *"_s58", 0 0, L_000000000175d680;  1 drivers
v00000000016d3ba0_0 .net *"_s60", 0 0, L_000000000175d6f0;  1 drivers
v00000000016d3c40_0 .net *"_s62", 0 0, L_000000000175d7d0;  1 drivers
v00000000016d3ce0_0 .net *"_s66", 0 0, L_000000000175d8b0;  1 drivers
v00000000016d43c0_0 .net *"_s68", 0 0, L_000000000175d920;  1 drivers
v00000000016d40a0_0 .net *"_s70", 0 0, L_000000000176afc0;  1 drivers
v00000000016d4460_0 .net *"_s72", 0 0, L_000000000176b340;  1 drivers
v00000000016d7700_0 .net *"_s74", 0 0, L_000000000176b730;  1 drivers
v00000000016d64e0_0 .net *"_s76", 0 0, L_000000000176bea0;  1 drivers
v00000000016d66c0_0 .net *"_s78", 0 0, L_000000000176b7a0;  1 drivers
v00000000016d7ac0_0 .net *"_s8", 0 0, L_000000000175dbc0;  1 drivers
v00000000016d77a0_0 .net *"_s80", 0 0, L_000000000176bce0;  1 drivers
v00000000016d7340_0 .net *"_s82", 0 0, L_000000000176bff0;  1 drivers
v00000000016d6e40_0 .net *"_s86", 0 0, L_000000000176c840;  1 drivers
v00000000016d75c0_0 .net *"_s88", 0 0, L_000000000176c220;  1 drivers
v00000000016d7980_0 .net *"_s90", 0 0, L_000000000176c920;  1 drivers
v00000000016d8380_0 .net *"_s92", 0 0, L_000000000176c6f0;  1 drivers
v00000000016d73e0_0 .net *"_s94", 0 0, L_000000000176b110;  1 drivers
v00000000016d6300_0 .net *"_s96", 0 0, L_000000000176c8b0;  1 drivers
v00000000016d7de0_0 .net *"_s98", 0 0, L_000000000176b810;  1 drivers
v00000000016d8240_0 .net "a", 0 0, L_000000000175cdc0;  1 drivers
v00000000016d8060_0 .net "b", 0 0, L_000000000175d840;  1 drivers
v00000000016d7ca0_0 .net "c", 0 0, L_000000000176be30;  1 drivers
v00000000016d6a80_0 .net "d", 0 0, L_000000000176bd50;  1 drivers
v00000000016d82e0_0 .net "e", 0 0, L_000000000176b500;  1 drivers
v00000000016d6da0_0 .net "f", 0 0, L_000000000176b9d0;  1 drivers
v00000000016d6620_0 .net "g", 0 0, L_000000000176af50;  1 drivers
v00000000016d6260_0 .net "p", 0 0, L_000000000176b1f0;  1 drivers
v00000000016d6b20_0 .net "point", 0 0, L_000000000170faa0;  1 drivers
S_00000000016d8ef0 .scope module, "MyMc2" "MyMC14495" 6 41, 7 1 0, S_0000000001183840;
 .timescale 0 0;
    .port_info 0 /INPUT 1 "D0";
    .port_info 1 /INPUT 1 "D1";
    .port_info 2 /INPUT 1 "D2";
    .port_info 3 /INPUT 1 "D3";
    .port_info 4 /INPUT 1 "LE";
    .port_info 5 /INPUT 1 "point";
    .port_info 6 /OUTPUT 1 "a";
    .port_info 7 /OUTPUT 1 "b";
    .port_info 8 /OUTPUT 1 "c";
    .port_info 9 /OUTPUT 1 "d";
    .port_info 10 /OUTPUT 1 "e";
    .port_info 11 /OUTPUT 1 "f";
    .port_info 12 /OUTPUT 1 "g";
    .port_info 13 /OUTPUT 1 "p";
L_000000000176b180 .functor NOT 1, L_0000000001710040, C4<0>, C4<0>, C4<0>;
L_000000000176c3e0 .functor NOT 1, L_000000000170ed80, C4<0>, C4<0>, C4<0>;
L_000000000176c530 .functor NOT 1, L_000000000170ffa0, C4<0>, C4<0>, C4<0>;
L_000000000176b030 .functor NOT 1, L_000000000170ea60, C4<0>, C4<0>, C4<0>;
L_000000000176b0a0 .functor AND 1, L_000000000176b030, L_000000000176c530, C4<1>, C4<1>;
L_000000000176c5a0 .functor AND 1, L_000000000176b0a0, L_000000000176c3e0, C4<1>, C4<1>;
L_000000000176c760 .functor AND 1, L_000000000176c5a0, L_0000000001710040, C4<1>, C4<1>;
L_000000000176ca00 .functor AND 1, L_000000000176b030, L_000000000170ffa0, C4<1>, C4<1>;
L_000000000176cca0 .functor AND 1, L_000000000176ca00, L_000000000176c3e0, C4<1>, C4<1>;
L_000000000176cc30 .functor AND 1, L_000000000176cca0, L_000000000176b180, C4<1>, C4<1>;
L_000000000176ced0 .functor OR 1, L_000000000176c760, L_000000000176cc30, C4<0>, C4<0>;
L_000000000176d100 .functor AND 1, L_000000000170ea60, L_000000000176c530, C4<1>, C4<1>;
L_000000000176cb50 .functor AND 1, L_000000000176d100, L_000000000170ed80, C4<1>, C4<1>;
L_000000000176d1e0 .functor AND 1, L_000000000176cb50, L_0000000001710040, C4<1>, C4<1>;
L_000000000176cd10 .functor OR 1, L_000000000176ced0, L_000000000176d1e0, C4<0>, C4<0>;
L_000000000176cbc0 .functor AND 1, L_000000000170ea60, L_000000000170ffa0, C4<1>, C4<1>;
L_000000000176d090 .functor AND 1, L_000000000176cbc0, L_000000000176c3e0, C4<1>, C4<1>;
L_000000000176d170 .functor AND 1, L_000000000176d090, L_0000000001710040, C4<1>, C4<1>;
L_000000000176cd80 .functor OR 1, L_000000000176cd10, L_000000000176d170, C4<0>, C4<0>;
L_000000000176cdf0 .functor OR 1, L_00000000017149c8, L_000000000176cd80, C4<0>, C4<0>;
L_000000000176cfb0 .functor AND 1, L_000000000176b030, L_000000000170ffa0, C4<1>, C4<1>;
L_000000000176cae0 .functor AND 1, L_000000000176cfb0, L_000000000176c3e0, C4<1>, C4<1>;
L_000000000176cf40 .functor AND 1, L_000000000176cae0, L_0000000001710040, C4<1>, C4<1>;
L_000000000176ce60 .functor AND 1, L_000000000170ffa0, L_000000000170ed80, C4<1>, C4<1>;
L_000000000176d020 .functor AND 1, L_000000000176ce60, L_000000000176b180, C4<1>, C4<1>;
L_000000000176ae70 .functor OR 1, L_000000000176cf40, L_000000000176d020, C4<0>, C4<0>;
L_000000000176a0e0 .functor AND 1, L_000000000170ea60, L_000000000170ffa0, C4<1>, C4<1>;
L_000000000176a3f0 .functor AND 1, L_000000000176a0e0, L_000000000176b180, C4<1>, C4<1>;
L_000000000176a230 .functor OR 1, L_000000000176ae70, L_000000000176a3f0, C4<0>, C4<0>;
L_0000000001769f90 .functor AND 1, L_000000000170ea60, L_000000000170ed80, C4<1>, C4<1>;
L_000000000176ae00 .functor AND 1, L_0000000001769f90, L_0000000001710040, C4<1>, C4<1>;
L_000000000176a5b0 .functor OR 1, L_000000000176a230, L_000000000176ae00, C4<0>, C4<0>;
L_0000000001769510 .functor OR 1, L_00000000017149c8, L_000000000176a5b0, C4<0>, C4<0>;
L_000000000176ac40 .functor AND 1, L_000000000176b030, L_000000000176c530, C4<1>, C4<1>;
L_0000000001769ba0 .functor AND 1, L_000000000176ac40, L_000000000170ed80, C4<1>, C4<1>;
L_000000000176ad20 .functor AND 1, L_0000000001769ba0, L_000000000176b180, C4<1>, C4<1>;
L_0000000001769cf0 .functor AND 1, L_000000000170ea60, L_000000000170ffa0, C4<1>, C4<1>;
L_000000000176a4d0 .functor AND 1, L_0000000001769cf0, L_000000000176b180, C4<1>, C4<1>;
L_000000000176a460 .functor OR 1, L_000000000176ad20, L_000000000176a4d0, C4<0>, C4<0>;
L_000000000176a070 .functor AND 1, L_000000000170ea60, L_000000000170ffa0, C4<1>, C4<1>;
L_0000000001769c80 .functor AND 1, L_000000000176a070, L_000000000170ed80, C4<1>, C4<1>;
L_00000000017699e0 .functor OR 1, L_000000000176a460, L_0000000001769c80, C4<0>, C4<0>;
L_000000000176a310 .functor OR 1, L_00000000017149c8, L_00000000017699e0, C4<0>, C4<0>;
L_0000000001769e40 .functor AND 1, L_000000000176b030, L_000000000176c530, C4<1>, C4<1>;
L_0000000001769a50 .functor AND 1, L_0000000001769e40, L_000000000176c3e0, C4<1>, C4<1>;
L_0000000001769580 .functor AND 1, L_0000000001769a50, L_0000000001710040, C4<1>, C4<1>;
L_000000000176a000 .functor AND 1, L_000000000176b030, L_000000000170ffa0, C4<1>, C4<1>;
L_0000000001769eb0 .functor AND 1, L_000000000176a000, L_000000000176c3e0, C4<1>, C4<1>;
L_0000000001769ac0 .functor AND 1, L_0000000001769eb0, L_000000000176b180, C4<1>, C4<1>;
L_000000000176a150 .functor OR 1, L_0000000001769580, L_0000000001769ac0, C4<0>, C4<0>;
L_000000000176a1c0 .functor AND 1, L_000000000170ffa0, L_000000000170ed80, C4<1>, C4<1>;
L_0000000001769b30 .functor AND 1, L_000000000176a1c0, L_0000000001710040, C4<1>, C4<1>;
L_0000000001769660 .functor OR 1, L_000000000176a150, L_0000000001769b30, C4<0>, C4<0>;
L_0000000001769890 .functor AND 1, L_000000000170ea60, L_000000000176c530, C4<1>, C4<1>;
L_000000000176ad90 .functor AND 1, L_0000000001769890, L_000000000170ed80, C4<1>, C4<1>;
L_00000000017695f0 .functor AND 1, L_000000000176ad90, L_000000000176b180, C4<1>, C4<1>;
L_00000000017693c0 .functor OR 1, L_0000000001769660, L_00000000017695f0, C4<0>, C4<0>;
L_000000000176a2a0 .functor OR 1, L_00000000017149c8, L_00000000017693c0, C4<0>, C4<0>;
L_000000000176a850 .functor AND 1, L_000000000176b030, L_0000000001710040, C4<1>, C4<1>;
L_0000000001769430 .functor AND 1, L_000000000176b030, L_000000000170ffa0, C4<1>, C4<1>;
L_0000000001769c10 .functor AND 1, L_0000000001769430, L_000000000176c3e0, C4<1>, C4<1>;
L_000000000176a7e0 .functor OR 1, L_000000000176a850, L_0000000001769c10, C4<0>, C4<0>;
L_000000000176a8c0 .functor AND 1, L_000000000176c530, L_000000000176c3e0, C4<1>, C4<1>;
L_000000000176a380 .functor AND 1, L_000000000176a8c0, L_0000000001710040, C4<1>, C4<1>;
L_000000000176acb0 .functor OR 1, L_000000000176a7e0, L_000000000176a380, C4<0>, C4<0>;
L_00000000017692e0 .functor OR 1, L_00000000017149c8, L_000000000176acb0, C4<0>, C4<0>;
L_000000000176a620 .functor AND 1, L_000000000176b030, L_000000000176c530, C4<1>, C4<1>;
L_000000000176a540 .functor AND 1, L_000000000176a620, L_0000000001710040, C4<1>, C4<1>;
L_0000000001769350 .functor AND 1, L_000000000176b030, L_000000000176c530, C4<1>, C4<1>;
L_00000000017696d0 .functor AND 1, L_0000000001769350, L_000000000170ed80, C4<1>, C4<1>;
L_00000000017694a0 .functor OR 1, L_000000000176a540, L_00000000017696d0, C4<0>, C4<0>;
L_0000000001769d60 .functor AND 1, L_000000000176b030, L_000000000170ed80, C4<1>, C4<1>;
L_000000000176a690 .functor AND 1, L_0000000001769d60, L_0000000001710040, C4<1>, C4<1>;
L_000000000176a930 .functor OR 1, L_00000000017694a0, L_000000000176a690, C4<0>, C4<0>;
L_0000000001769740 .functor AND 1, L_000000000170ea60, L_000000000170ffa0, C4<1>, C4<1>;
L_00000000017697b0 .functor AND 1, L_0000000001769740, L_000000000176c3e0, C4<1>, C4<1>;
L_0000000001769f20 .functor AND 1, L_00000000017697b0, L_0000000001710040, C4<1>, C4<1>;
L_000000000176a9a0 .functor OR 1, L_000000000176a930, L_0000000001769f20, C4<0>, C4<0>;
L_0000000001769820 .functor OR 1, L_00000000017149c8, L_000000000176a9a0, C4<0>, C4<0>;
L_000000000176a700 .functor AND 1, L_000000000176b030, L_000000000176c530, C4<1>, C4<1>;
L_0000000001769dd0 .functor AND 1, L_000000000176a700, L_000000000176c3e0, C4<1>, C4<1>;
L_000000000176a770 .functor AND 1, L_000000000176b030, L_000000000170ffa0, C4<1>, C4<1>;
L_0000000001769900 .functor AND 1, L_000000000176a770, L_000000000170ed80, C4<1>, C4<1>;
L_000000000176aa10 .functor AND 1, L_0000000001769900, L_0000000001710040, C4<1>, C4<1>;
L_0000000001769970 .functor OR 1, L_0000000001769dd0, L_000000000176aa10, C4<0>, C4<0>;
L_000000000176aa80 .functor AND 1, L_000000000170ea60, L_000000000170ffa0, C4<1>, C4<1>;
L_000000000176aaf0 .functor AND 1, L_000000000176aa80, L_000000000176c3e0, C4<1>, C4<1>;
L_000000000176ab60 .functor AND 1, L_000000000176aaf0, L_000000000176b180, C4<1>, C4<1>;
L_000000000176abd0 .functor OR 1, L_0000000001769970, L_000000000176ab60, C4<0>, C4<0>;
L_000000000175e3a0 .functor OR 1, L_00000000017149c8, L_000000000176abd0, C4<0>, C4<0>;
L_0000000001788e50 .functor NOT 1, L_000000000170f780, C4<0>, C4<0>, C4<0>;
v00000000016d8100_0 .net "D0", 0 0, L_0000000001710040;  1 drivers
v00000000016d81a0_0 .net "D0n", 0 0, L_000000000176b180;  1 drivers
v00000000016d63a0_0 .net "D1", 0 0, L_000000000170ed80;  1 drivers
v00000000016d5f40_0 .net "D1n", 0 0, L_000000000176c3e0;  1 drivers
v00000000016d69e0_0 .net "D2", 0 0, L_000000000170ffa0;  1 drivers
v00000000016d7020_0 .net "D2n", 0 0, L_000000000176c530;  1 drivers
v00000000016d70c0_0 .net "D3", 0 0, L_000000000170ea60;  1 drivers
v00000000016d6760_0 .net "D3n", 0 0, L_000000000176b030;  1 drivers
v00000000016d7f20_0 .net "LE", 0 0, L_00000000017149c8;  alias, 1 drivers
v00000000016d6bc0_0 .net *"_s10", 0 0, L_000000000176c5a0;  1 drivers
v00000000016d86a0_0 .net *"_s100", 0 0, L_000000000176a1c0;  1 drivers
v00000000016d72a0_0 .net *"_s102", 0 0, L_0000000001769b30;  1 drivers
v00000000016d6440_0 .net *"_s104", 0 0, L_0000000001769660;  1 drivers
v00000000016d8420_0 .net *"_s106", 0 0, L_0000000001769890;  1 drivers
v00000000016d68a0_0 .net *"_s108", 0 0, L_000000000176ad90;  1 drivers
v00000000016d7480_0 .net *"_s110", 0 0, L_00000000017695f0;  1 drivers
v00000000016d7e80_0 .net *"_s112", 0 0, L_00000000017693c0;  1 drivers
v00000000016d7520_0 .net *"_s116", 0 0, L_000000000176a850;  1 drivers
v00000000016d7d40_0 .net *"_s118", 0 0, L_0000000001769430;  1 drivers
v00000000016d7a20_0 .net *"_s12", 0 0, L_000000000176c760;  1 drivers
v00000000016d6800_0 .net *"_s120", 0 0, L_0000000001769c10;  1 drivers
v00000000016d6940_0 .net *"_s122", 0 0, L_000000000176a7e0;  1 drivers
v00000000016d7160_0 .net *"_s124", 0 0, L_000000000176a8c0;  1 drivers
v00000000016d7200_0 .net *"_s126", 0 0, L_000000000176a380;  1 drivers
v00000000016d6c60_0 .net *"_s128", 0 0, L_000000000176acb0;  1 drivers
v00000000016d84c0_0 .net *"_s132", 0 0, L_000000000176a620;  1 drivers
v00000000016d8560_0 .net *"_s134", 0 0, L_000000000176a540;  1 drivers
v00000000016d6d00_0 .net *"_s136", 0 0, L_0000000001769350;  1 drivers
v00000000016d6ee0_0 .net *"_s138", 0 0, L_00000000017696d0;  1 drivers
v00000000016d7b60_0 .net *"_s14", 0 0, L_000000000176ca00;  1 drivers
v00000000016d8600_0 .net *"_s140", 0 0, L_00000000017694a0;  1 drivers
v00000000016d5fe0_0 .net *"_s142", 0 0, L_0000000001769d60;  1 drivers
v00000000016d6080_0 .net *"_s144", 0 0, L_000000000176a690;  1 drivers
v00000000016d6f80_0 .net *"_s146", 0 0, L_000000000176a930;  1 drivers
v00000000016d7660_0 .net *"_s148", 0 0, L_0000000001769740;  1 drivers
v00000000016d7840_0 .net *"_s150", 0 0, L_00000000017697b0;  1 drivers
v00000000016d78e0_0 .net *"_s152", 0 0, L_0000000001769f20;  1 drivers
v00000000016d7c00_0 .net *"_s154", 0 0, L_000000000176a9a0;  1 drivers
v00000000016d7fc0_0 .net *"_s158", 0 0, L_000000000176a700;  1 drivers
v00000000016d6120_0 .net *"_s16", 0 0, L_000000000176cca0;  1 drivers
v00000000016d61c0_0 .net *"_s160", 0 0, L_0000000001769dd0;  1 drivers
v00000000016d6580_0 .net *"_s162", 0 0, L_000000000176a770;  1 drivers
v00000000016d8ce0_0 .net *"_s164", 0 0, L_0000000001769900;  1 drivers
v00000000016d8740_0 .net *"_s166", 0 0, L_000000000176aa10;  1 drivers
v00000000016d8e20_0 .net *"_s168", 0 0, L_0000000001769970;  1 drivers
v00000000016d87e0_0 .net *"_s170", 0 0, L_000000000176aa80;  1 drivers
v00000000016d8920_0 .net *"_s172", 0 0, L_000000000176aaf0;  1 drivers
v00000000016d8c40_0 .net *"_s174", 0 0, L_000000000176ab60;  1 drivers
v00000000016d89c0_0 .net *"_s176", 0 0, L_000000000176abd0;  1 drivers
v00000000016d8a60_0 .net *"_s18", 0 0, L_000000000176cc30;  1 drivers
v00000000016d8b00_0 .net *"_s20", 0 0, L_000000000176ced0;  1 drivers
v00000000016d8880_0 .net *"_s22", 0 0, L_000000000176d100;  1 drivers
v00000000016d8d80_0 .net *"_s24", 0 0, L_000000000176cb50;  1 drivers
v00000000016d8ba0_0 .net *"_s26", 0 0, L_000000000176d1e0;  1 drivers
v00000000016df880_0 .net *"_s28", 0 0, L_000000000176cd10;  1 drivers
v00000000016dec00_0 .net *"_s30", 0 0, L_000000000176cbc0;  1 drivers
v00000000016de7a0_0 .net *"_s32", 0 0, L_000000000176d090;  1 drivers
v00000000016dede0_0 .net *"_s34", 0 0, L_000000000176d170;  1 drivers
v00000000016e0820_0 .net *"_s36", 0 0, L_000000000176cd80;  1 drivers
v00000000016dee80_0 .net *"_s40", 0 0, L_000000000176cfb0;  1 drivers
v00000000016e06e0_0 .net *"_s42", 0 0, L_000000000176cae0;  1 drivers
v00000000016defc0_0 .net *"_s44", 0 0, L_000000000176cf40;  1 drivers
v00000000016dfc40_0 .net *"_s46", 0 0, L_000000000176ce60;  1 drivers
v00000000016e0c80_0 .net *"_s48", 0 0, L_000000000176d020;  1 drivers
v00000000016def20_0 .net *"_s50", 0 0, L_000000000176ae70;  1 drivers
v00000000016dff60_0 .net *"_s52", 0 0, L_000000000176a0e0;  1 drivers
v00000000016ded40_0 .net *"_s54", 0 0, L_000000000176a3f0;  1 drivers
v00000000016de8e0_0 .net *"_s56", 0 0, L_000000000176a230;  1 drivers
v00000000016e0960_0 .net *"_s58", 0 0, L_0000000001769f90;  1 drivers
v00000000016dfce0_0 .net *"_s60", 0 0, L_000000000176ae00;  1 drivers
v00000000016e05a0_0 .net *"_s62", 0 0, L_000000000176a5b0;  1 drivers
v00000000016e01e0_0 .net *"_s66", 0 0, L_000000000176ac40;  1 drivers
v00000000016df060_0 .net *"_s68", 0 0, L_0000000001769ba0;  1 drivers
v00000000016df100_0 .net *"_s70", 0 0, L_000000000176ad20;  1 drivers
v00000000016df920_0 .net *"_s72", 0 0, L_0000000001769cf0;  1 drivers
v00000000016dfa60_0 .net *"_s74", 0 0, L_000000000176a4d0;  1 drivers
v00000000016df2e0_0 .net *"_s76", 0 0, L_000000000176a460;  1 drivers
v00000000016e08c0_0 .net *"_s78", 0 0, L_000000000176a070;  1 drivers
v00000000016e0b40_0 .net *"_s8", 0 0, L_000000000176b0a0;  1 drivers
v00000000016df4c0_0 .net *"_s80", 0 0, L_0000000001769c80;  1 drivers
v00000000016df1a0_0 .net *"_s82", 0 0, L_00000000017699e0;  1 drivers
v00000000016e03c0_0 .net *"_s86", 0 0, L_0000000001769e40;  1 drivers
v00000000016e0a00_0 .net *"_s88", 0 0, L_0000000001769a50;  1 drivers
v00000000016e0d20_0 .net *"_s90", 0 0, L_0000000001769580;  1 drivers
v00000000016de980_0 .net *"_s92", 0 0, L_000000000176a000;  1 drivers
v00000000016df240_0 .net *"_s94", 0 0, L_0000000001769eb0;  1 drivers
v00000000016dfd80_0 .net *"_s96", 0 0, L_0000000001769ac0;  1 drivers
v00000000016dfe20_0 .net *"_s98", 0 0, L_000000000176a150;  1 drivers
v00000000016e0140_0 .net "a", 0 0, L_000000000176cdf0;  1 drivers
v00000000016df9c0_0 .net "b", 0 0, L_0000000001769510;  1 drivers
v00000000016e0320_0 .net "c", 0 0, L_000000000176a310;  1 drivers
v00000000016e0aa0_0 .net "d", 0 0, L_000000000176a2a0;  1 drivers
v00000000016e0e60_0 .net "e", 0 0, L_00000000017692e0;  1 drivers
v00000000016e0be0_0 .net "f", 0 0, L_0000000001769820;  1 drivers
v00000000016df380_0 .net "g", 0 0, L_000000000175e3a0;  1 drivers
v00000000016dfb00_0 .net "p", 0 0, L_0000000001788e50;  1 drivers
v00000000016df420_0 .net "point", 0 0, L_000000000170f780;  1 drivers
S_00000000016d9510 .scope module, "MyMc3" "MyMC14495" 6 43, 7 1 0, S_0000000001183840;
 .timescale 0 0;
    .port_info 0 /INPUT 1 "D0";
    .port_info 1 /INPUT 1 "D1";
    .port_info 2 /INPUT 1 "D2";
    .port_info 3 /INPUT 1 "D3";
    .port_info 4 /INPUT 1 "LE";
    .port_info 5 /INPUT 1 "point";
    .port_info 6 /OUTPUT 1 "a";
    .port_info 7 /OUTPUT 1 "b";
    .port_info 8 /OUTPUT 1 "c";
    .port_info 9 /OUTPUT 1 "d";
    .port_info 10 /OUTPUT 1 "e";
    .port_info 11 /OUTPUT 1 "f";
    .port_info 12 /OUTPUT 1 "g";
    .port_info 13 /OUTPUT 1 "p";
L_00000000017888a0 .functor NOT 1, L_000000000170f5a0, C4<0>, C4<0>, C4<0>;
L_0000000001788670 .functor NOT 1, L_0000000001710220, C4<0>, C4<0>, C4<0>;
L_0000000001788c20 .functor NOT 1, L_000000000170f820, C4<0>, C4<0>, C4<0>;
L_0000000001789d30 .functor NOT 1, L_000000000170ee20, C4<0>, C4<0>, C4<0>;
L_0000000001788c90 .functor AND 1, L_0000000001789d30, L_0000000001788c20, C4<1>, C4<1>;
L_0000000001788440 .functor AND 1, L_0000000001788c90, L_0000000001788670, C4<1>, C4<1>;
L_0000000001788b40 .functor AND 1, L_0000000001788440, L_000000000170f5a0, C4<1>, C4<1>;
L_0000000001788830 .functor AND 1, L_0000000001789d30, L_000000000170f820, C4<1>, C4<1>;
L_0000000001789010 .functor AND 1, L_0000000001788830, L_0000000001788670, C4<1>, C4<1>;
L_0000000001788910 .functor AND 1, L_0000000001789010, L_00000000017888a0, C4<1>, C4<1>;
L_0000000001788980 .functor OR 1, L_0000000001788b40, L_0000000001788910, C4<0>, C4<0>;
L_0000000001788ad0 .functor AND 1, L_000000000170ee20, L_0000000001788c20, C4<1>, C4<1>;
L_0000000001788ec0 .functor AND 1, L_0000000001788ad0, L_0000000001710220, C4<1>, C4<1>;
L_0000000001789cc0 .functor AND 1, L_0000000001788ec0, L_000000000170f5a0, C4<1>, C4<1>;
L_00000000017883d0 .functor OR 1, L_0000000001788980, L_0000000001789cc0, C4<0>, C4<0>;
L_0000000001789780 .functor AND 1, L_000000000170ee20, L_000000000170f820, C4<1>, C4<1>;
L_00000000017886e0 .functor AND 1, L_0000000001789780, L_0000000001788670, C4<1>, C4<1>;
L_0000000001788fa0 .functor AND 1, L_00000000017886e0, L_000000000170f5a0, C4<1>, C4<1>;
L_00000000017897f0 .functor OR 1, L_00000000017883d0, L_0000000001788fa0, C4<0>, C4<0>;
L_0000000001789860 .functor OR 1, L_00000000017149c8, L_00000000017897f0, C4<0>, C4<0>;
L_0000000001788600 .functor AND 1, L_0000000001789d30, L_000000000170f820, C4<1>, C4<1>;
L_0000000001789630 .functor AND 1, L_0000000001788600, L_0000000001788670, C4<1>, C4<1>;
L_0000000001789080 .functor AND 1, L_0000000001789630, L_000000000170f5a0, C4<1>, C4<1>;
L_0000000001789710 .functor AND 1, L_000000000170f820, L_0000000001710220, C4<1>, C4<1>;
L_0000000001788520 .functor AND 1, L_0000000001789710, L_00000000017888a0, C4<1>, C4<1>;
L_00000000017884b0 .functor OR 1, L_0000000001789080, L_0000000001788520, C4<0>, C4<0>;
L_00000000017895c0 .functor AND 1, L_000000000170ee20, L_000000000170f820, C4<1>, C4<1>;
L_00000000017890f0 .functor AND 1, L_00000000017895c0, L_00000000017888a0, C4<1>, C4<1>;
L_0000000001788750 .functor OR 1, L_00000000017884b0, L_00000000017890f0, C4<0>, C4<0>;
L_0000000001788bb0 .functor AND 1, L_000000000170ee20, L_0000000001710220, C4<1>, C4<1>;
L_0000000001788d00 .functor AND 1, L_0000000001788bb0, L_000000000170f5a0, C4<1>, C4<1>;
L_00000000017898d0 .functor OR 1, L_0000000001788750, L_0000000001788d00, C4<0>, C4<0>;
L_0000000001789c50 .functor OR 1, L_00000000017149c8, L_00000000017898d0, C4<0>, C4<0>;
L_0000000001789550 .functor AND 1, L_0000000001789d30, L_0000000001788c20, C4<1>, C4<1>;
L_0000000001789b70 .functor AND 1, L_0000000001789550, L_0000000001710220, C4<1>, C4<1>;
L_00000000017896a0 .functor AND 1, L_0000000001789b70, L_00000000017888a0, C4<1>, C4<1>;
L_0000000001789940 .functor AND 1, L_000000000170ee20, L_000000000170f820, C4<1>, C4<1>;
L_0000000001789e80 .functor AND 1, L_0000000001789940, L_00000000017888a0, C4<1>, C4<1>;
L_0000000001789be0 .functor OR 1, L_00000000017896a0, L_0000000001789e80, C4<0>, C4<0>;
L_0000000001789240 .functor AND 1, L_000000000170ee20, L_000000000170f820, C4<1>, C4<1>;
L_00000000017899b0 .functor AND 1, L_0000000001789240, L_0000000001710220, C4<1>, C4<1>;
L_0000000001788d70 .functor OR 1, L_0000000001789be0, L_00000000017899b0, C4<0>, C4<0>;
L_00000000017887c0 .functor OR 1, L_00000000017149c8, L_0000000001788d70, C4<0>, C4<0>;
L_0000000001789a20 .functor AND 1, L_0000000001789d30, L_0000000001788c20, C4<1>, C4<1>;
L_0000000001789da0 .functor AND 1, L_0000000001789a20, L_0000000001788670, C4<1>, C4<1>;
L_0000000001788590 .functor AND 1, L_0000000001789da0, L_000000000170f5a0, C4<1>, C4<1>;
L_00000000017889f0 .functor AND 1, L_0000000001789d30, L_000000000170f820, C4<1>, C4<1>;
L_0000000001788a60 .functor AND 1, L_00000000017889f0, L_0000000001788670, C4<1>, C4<1>;
L_00000000017892b0 .functor AND 1, L_0000000001788a60, L_00000000017888a0, C4<1>, C4<1>;
L_0000000001788de0 .functor OR 1, L_0000000001788590, L_00000000017892b0, C4<0>, C4<0>;
L_0000000001789390 .functor AND 1, L_000000000170f820, L_0000000001710220, C4<1>, C4<1>;
L_0000000001789a90 .functor AND 1, L_0000000001789390, L_000000000170f5a0, C4<1>, C4<1>;
L_0000000001789ef0 .functor OR 1, L_0000000001788de0, L_0000000001789a90, C4<0>, C4<0>;
L_00000000017894e0 .functor AND 1, L_000000000170ee20, L_0000000001788c20, C4<1>, C4<1>;
L_0000000001789160 .functor AND 1, L_00000000017894e0, L_0000000001710220, C4<1>, C4<1>;
L_0000000001789e10 .functor AND 1, L_0000000001789160, L_00000000017888a0, C4<1>, C4<1>;
L_0000000001789f60 .functor OR 1, L_0000000001789ef0, L_0000000001789e10, C4<0>, C4<0>;
L_0000000001788f30 .functor OR 1, L_00000000017149c8, L_0000000001789f60, C4<0>, C4<0>;
L_00000000017891d0 .functor AND 1, L_0000000001789d30, L_000000000170f5a0, C4<1>, C4<1>;
L_0000000001789320 .functor AND 1, L_0000000001789d30, L_000000000170f820, C4<1>, C4<1>;
L_0000000001789b00 .functor AND 1, L_0000000001789320, L_0000000001788670, C4<1>, C4<1>;
L_0000000001789400 .functor OR 1, L_00000000017891d0, L_0000000001789b00, C4<0>, C4<0>;
L_0000000001789470 .functor AND 1, L_0000000001788c20, L_0000000001788670, C4<1>, C4<1>;
L_000000000178add0 .functor AND 1, L_0000000001789470, L_000000000170f5a0, C4<1>, C4<1>;
L_000000000178a350 .functor OR 1, L_0000000001789400, L_000000000178add0, C4<0>, C4<0>;
L_000000000178ab30 .functor OR 1, L_00000000017149c8, L_000000000178a350, C4<0>, C4<0>;
L_000000000178a970 .functor AND 1, L_0000000001789d30, L_0000000001788c20, C4<1>, C4<1>;
L_000000000178a900 .functor AND 1, L_000000000178a970, L_000000000170f5a0, C4<1>, C4<1>;
L_000000000178a740 .functor AND 1, L_0000000001789d30, L_0000000001788c20, C4<1>, C4<1>;
L_000000000178a120 .functor AND 1, L_000000000178a740, L_0000000001710220, C4<1>, C4<1>;
L_000000000178a270 .functor OR 1, L_000000000178a900, L_000000000178a120, C4<0>, C4<0>;
L_000000000178ac10 .functor AND 1, L_0000000001789d30, L_0000000001710220, C4<1>, C4<1>;
L_000000000178a0b0 .functor AND 1, L_000000000178ac10, L_000000000170f5a0, C4<1>, C4<1>;
L_000000000178aba0 .functor OR 1, L_000000000178a270, L_000000000178a0b0, C4<0>, C4<0>;
L_000000000178a3c0 .functor AND 1, L_000000000170ee20, L_000000000170f820, C4<1>, C4<1>;
L_000000000178a200 .functor AND 1, L_000000000178a3c0, L_0000000001788670, C4<1>, C4<1>;
L_000000000178a2e0 .functor AND 1, L_000000000178a200, L_000000000170f5a0, C4<1>, C4<1>;
L_000000000178a7b0 .functor OR 1, L_000000000178aba0, L_000000000178a2e0, C4<0>, C4<0>;
L_000000000178a430 .functor OR 1, L_00000000017149c8, L_000000000178a7b0, C4<0>, C4<0>;
L_000000000178a190 .functor AND 1, L_0000000001789d30, L_0000000001788c20, C4<1>, C4<1>;
L_000000000178acf0 .functor AND 1, L_000000000178a190, L_0000000001788670, C4<1>, C4<1>;
L_000000000178a820 .functor AND 1, L_0000000001789d30, L_000000000170f820, C4<1>, C4<1>;
L_000000000178a580 .functor AND 1, L_000000000178a820, L_0000000001710220, C4<1>, C4<1>;
L_000000000178a890 .functor AND 1, L_000000000178a580, L_000000000170f5a0, C4<1>, C4<1>;
L_000000000178a4a0 .functor OR 1, L_000000000178acf0, L_000000000178a890, C4<0>, C4<0>;
L_000000000178ac80 .functor AND 1, L_000000000170ee20, L_000000000170f820, C4<1>, C4<1>;
L_000000000178a9e0 .functor AND 1, L_000000000178ac80, L_0000000001788670, C4<1>, C4<1>;
L_000000000178a5f0 .functor AND 1, L_000000000178a9e0, L_00000000017888a0, C4<1>, C4<1>;
L_000000000178a660 .functor OR 1, L_000000000178a4a0, L_000000000178a5f0, C4<0>, C4<0>;
L_000000000178ad60 .functor OR 1, L_00000000017149c8, L_000000000178a660, C4<0>, C4<0>;
L_000000000178a510 .functor NOT 1, L_000000000170e880, C4<0>, C4<0>, C4<0>;
v00000000016e0280_0 .net "D0", 0 0, L_000000000170f5a0;  1 drivers
v00000000016dfba0_0 .net "D0n", 0 0, L_00000000017888a0;  1 drivers
v00000000016deb60_0 .net "D1", 0 0, L_0000000001710220;  1 drivers
v00000000016df560_0 .net "D1n", 0 0, L_0000000001788670;  1 drivers
v00000000016e0000_0 .net "D2", 0 0, L_000000000170f820;  1 drivers
v00000000016e00a0_0 .net "D2n", 0 0, L_0000000001788c20;  1 drivers
v00000000016dfec0_0 .net "D3", 0 0, L_000000000170ee20;  1 drivers
v00000000016deac0_0 .net "D3n", 0 0, L_0000000001789d30;  1 drivers
v00000000016e0460_0 .net "LE", 0 0, L_00000000017149c8;  alias, 1 drivers
v00000000016e0640_0 .net *"_s10", 0 0, L_0000000001788440;  1 drivers
v00000000016e0500_0 .net *"_s100", 0 0, L_0000000001789390;  1 drivers
v00000000016df600_0 .net *"_s102", 0 0, L_0000000001789a90;  1 drivers
v00000000016e0dc0_0 .net *"_s104", 0 0, L_0000000001789ef0;  1 drivers
v00000000016e0f00_0 .net *"_s106", 0 0, L_00000000017894e0;  1 drivers
v00000000016e0780_0 .net *"_s108", 0 0, L_0000000001789160;  1 drivers
v00000000016de840_0 .net *"_s110", 0 0, L_0000000001789e10;  1 drivers
v00000000016dea20_0 .net *"_s112", 0 0, L_0000000001789f60;  1 drivers
v00000000016df6a0_0 .net *"_s116", 0 0, L_00000000017891d0;  1 drivers
v00000000016deca0_0 .net *"_s118", 0 0, L_0000000001789320;  1 drivers
v00000000016df740_0 .net *"_s12", 0 0, L_0000000001788b40;  1 drivers
v00000000016df7e0_0 .net *"_s120", 0 0, L_0000000001789b00;  1 drivers
v00000000016e23a0_0 .net *"_s122", 0 0, L_0000000001789400;  1 drivers
v00000000016e3700_0 .net *"_s124", 0 0, L_0000000001789470;  1 drivers
v00000000016e28a0_0 .net *"_s126", 0 0, L_000000000178add0;  1 drivers
v00000000016e2da0_0 .net *"_s128", 0 0, L_000000000178a350;  1 drivers
v00000000016e15e0_0 .net *"_s132", 0 0, L_000000000178a970;  1 drivers
v00000000016e21c0_0 .net *"_s134", 0 0, L_000000000178a900;  1 drivers
v00000000016e0fa0_0 .net *"_s136", 0 0, L_000000000178a740;  1 drivers
v00000000016e3160_0 .net *"_s138", 0 0, L_000000000178a120;  1 drivers
v00000000016e2bc0_0 .net *"_s14", 0 0, L_0000000001788830;  1 drivers
v00000000016e19a0_0 .net *"_s140", 0 0, L_000000000178a270;  1 drivers
v00000000016e3200_0 .net *"_s142", 0 0, L_000000000178ac10;  1 drivers
v00000000016e2760_0 .net *"_s144", 0 0, L_000000000178a0b0;  1 drivers
v00000000016e1e00_0 .net *"_s146", 0 0, L_000000000178aba0;  1 drivers
v00000000016e1040_0 .net *"_s148", 0 0, L_000000000178a3c0;  1 drivers
v00000000016e1cc0_0 .net *"_s150", 0 0, L_000000000178a200;  1 drivers
v00000000016e2e40_0 .net *"_s152", 0 0, L_000000000178a2e0;  1 drivers
v00000000016e2440_0 .net *"_s154", 0 0, L_000000000178a7b0;  1 drivers
v00000000016e10e0_0 .net *"_s158", 0 0, L_000000000178a190;  1 drivers
v00000000016e2940_0 .net *"_s16", 0 0, L_0000000001789010;  1 drivers
v00000000016e2ee0_0 .net *"_s160", 0 0, L_000000000178acf0;  1 drivers
v00000000016e2800_0 .net *"_s162", 0 0, L_000000000178a820;  1 drivers
v00000000016e2f80_0 .net *"_s164", 0 0, L_000000000178a580;  1 drivers
v00000000016e35c0_0 .net *"_s166", 0 0, L_000000000178a890;  1 drivers
v00000000016e2d00_0 .net *"_s168", 0 0, L_000000000178a4a0;  1 drivers
v00000000016e3020_0 .net *"_s170", 0 0, L_000000000178ac80;  1 drivers
v00000000016e1ea0_0 .net *"_s172", 0 0, L_000000000178a9e0;  1 drivers
v00000000016e2a80_0 .net *"_s174", 0 0, L_000000000178a5f0;  1 drivers
v00000000016e1b80_0 .net *"_s176", 0 0, L_000000000178a660;  1 drivers
v00000000016e1f40_0 .net *"_s18", 0 0, L_0000000001788910;  1 drivers
v00000000016e33e0_0 .net *"_s20", 0 0, L_0000000001788980;  1 drivers
v00000000016e3660_0 .net *"_s22", 0 0, L_0000000001788ad0;  1 drivers
v00000000016e3520_0 .net *"_s24", 0 0, L_0000000001788ec0;  1 drivers
v00000000016e32a0_0 .net *"_s26", 0 0, L_0000000001789cc0;  1 drivers
v00000000016e1360_0 .net *"_s28", 0 0, L_00000000017883d0;  1 drivers
v00000000016e24e0_0 .net *"_s30", 0 0, L_0000000001789780;  1 drivers
v00000000016e30c0_0 .net *"_s32", 0 0, L_00000000017886e0;  1 drivers
v00000000016e2c60_0 .net *"_s34", 0 0, L_0000000001788fa0;  1 drivers
v00000000016e1fe0_0 .net *"_s36", 0 0, L_00000000017897f0;  1 drivers
v00000000016e2120_0 .net *"_s40", 0 0, L_0000000001788600;  1 drivers
v00000000016e2260_0 .net *"_s42", 0 0, L_0000000001789630;  1 drivers
v00000000016e1180_0 .net *"_s44", 0 0, L_0000000001789080;  1 drivers
v00000000016e1ae0_0 .net *"_s46", 0 0, L_0000000001789710;  1 drivers
v00000000016e1220_0 .net *"_s48", 0 0, L_0000000001788520;  1 drivers
v00000000016e2300_0 .net *"_s50", 0 0, L_00000000017884b0;  1 drivers
v00000000016e14a0_0 .net *"_s52", 0 0, L_00000000017895c0;  1 drivers
v00000000016e2080_0 .net *"_s54", 0 0, L_00000000017890f0;  1 drivers
v00000000016e1900_0 .net *"_s56", 0 0, L_0000000001788750;  1 drivers
v00000000016e3340_0 .net *"_s58", 0 0, L_0000000001788bb0;  1 drivers
v00000000016e2580_0 .net *"_s60", 0 0, L_0000000001788d00;  1 drivers
v00000000016e12c0_0 .net *"_s62", 0 0, L_00000000017898d0;  1 drivers
v00000000016e1a40_0 .net *"_s66", 0 0, L_0000000001789550;  1 drivers
v00000000016e3480_0 .net *"_s68", 0 0, L_0000000001789b70;  1 drivers
v00000000016e1400_0 .net *"_s70", 0 0, L_00000000017896a0;  1 drivers
v00000000016e1540_0 .net *"_s72", 0 0, L_0000000001789940;  1 drivers
v00000000016e2620_0 .net *"_s74", 0 0, L_0000000001789e80;  1 drivers
v00000000016e2b20_0 .net *"_s76", 0 0, L_0000000001789be0;  1 drivers
v00000000016e1680_0 .net *"_s78", 0 0, L_0000000001789240;  1 drivers
v00000000016e1720_0 .net *"_s8", 0 0, L_0000000001788c90;  1 drivers
v00000000016e1c20_0 .net *"_s80", 0 0, L_00000000017899b0;  1 drivers
v00000000016e17c0_0 .net *"_s82", 0 0, L_0000000001788d70;  1 drivers
v00000000016e1860_0 .net *"_s86", 0 0, L_0000000001789a20;  1 drivers
v00000000016e1d60_0 .net *"_s88", 0 0, L_0000000001789da0;  1 drivers
v00000000016e26c0_0 .net *"_s90", 0 0, L_0000000001788590;  1 drivers
v00000000016e29e0_0 .net *"_s92", 0 0, L_00000000017889f0;  1 drivers
v00000000016e5f00_0 .net *"_s94", 0 0, L_0000000001788a60;  1 drivers
v00000000016e4560_0 .net *"_s96", 0 0, L_00000000017892b0;  1 drivers
v00000000016e38e0_0 .net *"_s98", 0 0, L_0000000001788de0;  1 drivers
v00000000016e3b60_0 .net "a", 0 0, L_0000000001789860;  1 drivers
v00000000016e5140_0 .net "b", 0 0, L_0000000001789c50;  1 drivers
v00000000016e51e0_0 .net "c", 0 0, L_00000000017887c0;  1 drivers
v00000000016e49c0_0 .net "d", 0 0, L_0000000001788f30;  1 drivers
v00000000016e5320_0 .net "e", 0 0, L_000000000178ab30;  1 drivers
v00000000016e5820_0 .net "f", 0 0, L_000000000178a430;  1 drivers
v00000000016e5e60_0 .net "g", 0 0, L_000000000178ad60;  1 drivers
v00000000016e5b40_0 .net "p", 0 0, L_000000000178a510;  1 drivers
v00000000016e42e0_0 .net "point", 0 0, L_000000000170e880;  1 drivers
S_00000000016e9b40 .scope module, "MyMc4" "MyMC14495" 6 45, 7 1 0, S_0000000001183840;
 .timescale 0 0;
    .port_info 0 /INPUT 1 "D0";
    .port_info 1 /INPUT 1 "D1";
    .port_info 2 /INPUT 1 "D2";
    .port_info 3 /INPUT 1 "D3";
    .port_info 4 /INPUT 1 "LE";
    .port_info 5 /INPUT 1 "point";
    .port_info 6 /OUTPUT 1 "a";
    .port_info 7 /OUTPUT 1 "b";
    .port_info 8 /OUTPUT 1 "c";
    .port_info 9 /OUTPUT 1 "d";
    .port_info 10 /OUTPUT 1 "e";
    .port_info 11 /OUTPUT 1 "f";
    .port_info 12 /OUTPUT 1 "g";
    .port_info 13 /OUTPUT 1 "p";
L_000000000178a6d0 .functor NOT 1, L_0000000001710360, C4<0>, C4<0>, C4<0>;
L_000000000178aa50 .functor NOT 1, L_000000000170eec0, C4<0>, C4<0>, C4<0>;
L_000000000178aac0 .functor NOT 1, L_000000000170f6e0, C4<0>, C4<0>, C4<0>;
L_000000000178ae40 .functor NOT 1, L_0000000001710400, C4<0>, C4<0>, C4<0>;
L_000000000178aeb0 .functor AND 1, L_000000000178ae40, L_000000000178aac0, C4<1>, C4<1>;
L_0000000001789fd0 .functor AND 1, L_000000000178aeb0, L_000000000178aa50, C4<1>, C4<1>;
L_000000000178a040 .functor AND 1, L_0000000001789fd0, L_0000000001710360, C4<1>, C4<1>;
L_0000000001784070 .functor AND 1, L_000000000178ae40, L_000000000170f6e0, C4<1>, C4<1>;
L_00000000017848c0 .functor AND 1, L_0000000001784070, L_000000000178aa50, C4<1>, C4<1>;
L_0000000001782fd0 .functor AND 1, L_00000000017848c0, L_000000000178a6d0, C4<1>, C4<1>;
L_0000000001784380 .functor OR 1, L_000000000178a040, L_0000000001782fd0, C4<0>, C4<0>;
L_0000000001783190 .functor AND 1, L_0000000001710400, L_000000000178aac0, C4<1>, C4<1>;
L_0000000001783c10 .functor AND 1, L_0000000001783190, L_000000000170eec0, C4<1>, C4<1>;
L_0000000001783350 .functor AND 1, L_0000000001783c10, L_0000000001710360, C4<1>, C4<1>;
L_0000000001784460 .functor OR 1, L_0000000001784380, L_0000000001783350, C4<0>, C4<0>;
L_0000000001783d60 .functor AND 1, L_0000000001710400, L_000000000170f6e0, C4<1>, C4<1>;
L_00000000017835f0 .functor AND 1, L_0000000001783d60, L_000000000178aa50, C4<1>, C4<1>;
L_00000000017839e0 .functor AND 1, L_00000000017835f0, L_0000000001710360, C4<1>, C4<1>;
L_00000000017834a0 .functor OR 1, L_0000000001784460, L_00000000017839e0, C4<0>, C4<0>;
L_0000000001783eb0 .functor OR 1, L_00000000017149c8, L_00000000017834a0, C4<0>, C4<0>;
L_0000000001784540 .functor AND 1, L_000000000178ae40, L_000000000170f6e0, C4<1>, C4<1>;
L_0000000001784a80 .functor AND 1, L_0000000001784540, L_000000000178aa50, C4<1>, C4<1>;
L_00000000017847e0 .functor AND 1, L_0000000001784a80, L_0000000001710360, C4<1>, C4<1>;
L_0000000001784690 .functor AND 1, L_000000000170f6e0, L_000000000170eec0, C4<1>, C4<1>;
L_0000000001783200 .functor AND 1, L_0000000001784690, L_000000000178a6d0, C4<1>, C4<1>;
L_00000000017845b0 .functor OR 1, L_00000000017847e0, L_0000000001783200, C4<0>, C4<0>;
L_0000000001783740 .functor AND 1, L_0000000001710400, L_000000000170f6e0, C4<1>, C4<1>;
L_0000000001783dd0 .functor AND 1, L_0000000001783740, L_000000000178a6d0, C4<1>, C4<1>;
L_0000000001784930 .functor OR 1, L_00000000017845b0, L_0000000001783dd0, C4<0>, C4<0>;
L_0000000001783890 .functor AND 1, L_0000000001710400, L_000000000170eec0, C4<1>, C4<1>;
L_0000000001784af0 .functor AND 1, L_0000000001783890, L_0000000001710360, C4<1>, C4<1>;
L_00000000017830b0 .functor OR 1, L_0000000001784930, L_0000000001784af0, C4<0>, C4<0>;
L_0000000001783e40 .functor OR 1, L_00000000017149c8, L_00000000017830b0, C4<0>, C4<0>;
L_0000000001784620 .functor AND 1, L_000000000178ae40, L_000000000178aac0, C4<1>, C4<1>;
L_0000000001783120 .functor AND 1, L_0000000001784620, L_000000000170eec0, C4<1>, C4<1>;
L_00000000017849a0 .functor AND 1, L_0000000001783120, L_000000000178a6d0, C4<1>, C4<1>;
L_00000000017844d0 .functor AND 1, L_0000000001710400, L_000000000170f6e0, C4<1>, C4<1>;
L_00000000017840e0 .functor AND 1, L_00000000017844d0, L_000000000178a6d0, C4<1>, C4<1>;
L_0000000001783ba0 .functor OR 1, L_00000000017849a0, L_00000000017840e0, C4<0>, C4<0>;
L_0000000001784a10 .functor AND 1, L_0000000001710400, L_000000000170f6e0, C4<1>, C4<1>;
L_0000000001784850 .functor AND 1, L_0000000001784a10, L_000000000170eec0, C4<1>, C4<1>;
L_0000000001783510 .functor OR 1, L_0000000001783ba0, L_0000000001784850, C4<0>, C4<0>;
L_0000000001783f20 .functor OR 1, L_00000000017149c8, L_0000000001783510, C4<0>, C4<0>;
L_0000000001784b60 .functor AND 1, L_000000000178ae40, L_000000000178aac0, C4<1>, C4<1>;
L_0000000001783270 .functor AND 1, L_0000000001784b60, L_000000000178aa50, C4<1>, C4<1>;
L_0000000001783040 .functor AND 1, L_0000000001783270, L_0000000001710360, C4<1>, C4<1>;
L_00000000017832e0 .functor AND 1, L_000000000178ae40, L_000000000170f6e0, C4<1>, C4<1>;
L_0000000001783cf0 .functor AND 1, L_00000000017832e0, L_000000000178aa50, C4<1>, C4<1>;
L_0000000001783430 .functor AND 1, L_0000000001783cf0, L_000000000178a6d0, C4<1>, C4<1>;
L_00000000017843f0 .functor OR 1, L_0000000001783040, L_0000000001783430, C4<0>, C4<0>;
L_0000000001783580 .functor AND 1, L_000000000170f6e0, L_000000000170eec0, C4<1>, C4<1>;
L_0000000001784700 .functor AND 1, L_0000000001783580, L_0000000001710360, C4<1>, C4<1>;
L_0000000001784770 .functor OR 1, L_00000000017843f0, L_0000000001784700, C4<0>, C4<0>;
L_00000000017833c0 .functor AND 1, L_0000000001710400, L_000000000178aac0, C4<1>, C4<1>;
L_00000000017841c0 .functor AND 1, L_00000000017833c0, L_000000000170eec0, C4<1>, C4<1>;
L_0000000001784150 .functor AND 1, L_00000000017841c0, L_000000000178a6d0, C4<1>, C4<1>;
L_0000000001783660 .functor OR 1, L_0000000001784770, L_0000000001784150, C4<0>, C4<0>;
L_00000000017837b0 .functor OR 1, L_00000000017149c8, L_0000000001783660, C4<0>, C4<0>;
L_0000000001784230 .functor AND 1, L_000000000178ae40, L_0000000001710360, C4<1>, C4<1>;
L_00000000017836d0 .functor AND 1, L_000000000178ae40, L_000000000170f6e0, C4<1>, C4<1>;
L_0000000001783820 .functor AND 1, L_00000000017836d0, L_000000000178aa50, C4<1>, C4<1>;
L_0000000001783900 .functor OR 1, L_0000000001784230, L_0000000001783820, C4<0>, C4<0>;
L_0000000001784310 .functor AND 1, L_000000000178aac0, L_000000000178aa50, C4<1>, C4<1>;
L_0000000001783970 .functor AND 1, L_0000000001784310, L_0000000001710360, C4<1>, C4<1>;
L_0000000001783a50 .functor OR 1, L_0000000001783900, L_0000000001783970, C4<0>, C4<0>;
L_0000000001783b30 .functor OR 1, L_00000000017149c8, L_0000000001783a50, C4<0>, C4<0>;
L_0000000001783ac0 .functor AND 1, L_000000000178ae40, L_000000000178aac0, C4<1>, C4<1>;
L_0000000001783c80 .functor AND 1, L_0000000001783ac0, L_0000000001710360, C4<1>, C4<1>;
L_0000000001783f90 .functor AND 1, L_000000000178ae40, L_000000000178aac0, C4<1>, C4<1>;
L_0000000001784000 .functor AND 1, L_0000000001783f90, L_000000000170eec0, C4<1>, C4<1>;
L_00000000017842a0 .functor OR 1, L_0000000001783c80, L_0000000001784000, C4<0>, C4<0>;
L_0000000001784e70 .functor AND 1, L_000000000178ae40, L_000000000170eec0, C4<1>, C4<1>;
L_0000000001784d90 .functor AND 1, L_0000000001784e70, L_0000000001710360, C4<1>, C4<1>;
L_00000000017859d0 .functor OR 1, L_00000000017842a0, L_0000000001784d90, C4<0>, C4<0>;
L_00000000017866f0 .functor AND 1, L_0000000001710400, L_000000000170f6e0, C4<1>, C4<1>;
L_0000000001785a40 .functor AND 1, L_00000000017866f0, L_000000000178aa50, C4<1>, C4<1>;
L_0000000001785ff0 .functor AND 1, L_0000000001785a40, L_0000000001710360, C4<1>, C4<1>;
L_00000000017865a0 .functor OR 1, L_00000000017859d0, L_0000000001785ff0, C4<0>, C4<0>;
L_0000000001785340 .functor OR 1, L_00000000017149c8, L_00000000017865a0, C4<0>, C4<0>;
L_0000000001786140 .functor AND 1, L_000000000178ae40, L_000000000178aac0, C4<1>, C4<1>;
L_0000000001785730 .functor AND 1, L_0000000001786140, L_000000000178aa50, C4<1>, C4<1>;
L_0000000001785ab0 .functor AND 1, L_000000000178ae40, L_000000000170f6e0, C4<1>, C4<1>;
L_0000000001784e00 .functor AND 1, L_0000000001785ab0, L_000000000170eec0, C4<1>, C4<1>;
L_00000000017861b0 .functor AND 1, L_0000000001784e00, L_0000000001710360, C4<1>, C4<1>;
L_0000000001784d20 .functor OR 1, L_0000000001785730, L_00000000017861b0, C4<0>, C4<0>;
L_0000000001785d50 .functor AND 1, L_0000000001710400, L_000000000170f6e0, C4<1>, C4<1>;
L_00000000017860d0 .functor AND 1, L_0000000001785d50, L_000000000178aa50, C4<1>, C4<1>;
L_0000000001785c70 .functor AND 1, L_00000000017860d0, L_000000000178a6d0, C4<1>, C4<1>;
L_0000000001785b20 .functor OR 1, L_0000000001784d20, L_0000000001785c70, C4<0>, C4<0>;
L_0000000001785880 .functor OR 1, L_00000000017149c8, L_0000000001785b20, C4<0>, C4<0>;
L_0000000001786760 .functor NOT 1, L_000000000170ef60, C4<0>, C4<0>, C4<0>;
v00000000016e50a0_0 .net "D0", 0 0, L_0000000001710360;  1 drivers
v00000000016e4ce0_0 .net "D0n", 0 0, L_000000000178a6d0;  1 drivers
v00000000016e3ac0_0 .net "D1", 0 0, L_000000000170eec0;  1 drivers
v00000000016e53c0_0 .net "D1n", 0 0, L_000000000178aa50;  1 drivers
v00000000016e3c00_0 .net "D2", 0 0, L_000000000170f6e0;  1 drivers
v00000000016e3de0_0 .net "D2n", 0 0, L_000000000178aac0;  1 drivers
v00000000016e4f60_0 .net "D3", 0 0, L_0000000001710400;  1 drivers
v00000000016e5be0_0 .net "D3n", 0 0, L_000000000178ae40;  1 drivers
v00000000016e58c0_0 .net "LE", 0 0, L_00000000017149c8;  alias, 1 drivers
v00000000016e5280_0 .net *"_s10", 0 0, L_0000000001789fd0;  1 drivers
v00000000016e5460_0 .net *"_s100", 0 0, L_0000000001783580;  1 drivers
v00000000016e5640_0 .net *"_s102", 0 0, L_0000000001784700;  1 drivers
v00000000016e56e0_0 .net *"_s104", 0 0, L_0000000001784770;  1 drivers
v00000000016e37a0_0 .net *"_s106", 0 0, L_00000000017833c0;  1 drivers
v00000000016e5000_0 .net *"_s108", 0 0, L_00000000017841c0;  1 drivers
v00000000016e3d40_0 .net *"_s110", 0 0, L_0000000001784150;  1 drivers
v00000000016e3f20_0 .net *"_s112", 0 0, L_0000000001783660;  1 drivers
v00000000016e4920_0 .net *"_s116", 0 0, L_0000000001784230;  1 drivers
v00000000016e5960_0 .net *"_s118", 0 0, L_00000000017836d0;  1 drivers
v00000000016e4380_0 .net *"_s12", 0 0, L_000000000178a040;  1 drivers
v00000000016e3fc0_0 .net *"_s120", 0 0, L_0000000001783820;  1 drivers
v00000000016e3980_0 .net *"_s122", 0 0, L_0000000001783900;  1 drivers
v00000000016e4420_0 .net *"_s124", 0 0, L_0000000001784310;  1 drivers
v00000000016e5dc0_0 .net *"_s126", 0 0, L_0000000001783970;  1 drivers
v00000000016e46a0_0 .net *"_s128", 0 0, L_0000000001783a50;  1 drivers
v00000000016e5500_0 .net *"_s132", 0 0, L_0000000001783ac0;  1 drivers
v00000000016e4880_0 .net *"_s134", 0 0, L_0000000001783c80;  1 drivers
v00000000016e5a00_0 .net *"_s136", 0 0, L_0000000001783f90;  1 drivers
v00000000016e3840_0 .net *"_s138", 0 0, L_0000000001784000;  1 drivers
v00000000016e5aa0_0 .net *"_s14", 0 0, L_0000000001784070;  1 drivers
v00000000016e5d20_0 .net *"_s140", 0 0, L_00000000017842a0;  1 drivers
v00000000016e3ca0_0 .net *"_s142", 0 0, L_0000000001784e70;  1 drivers
v00000000016e4d80_0 .net *"_s144", 0 0, L_0000000001784d90;  1 drivers
v00000000016e3e80_0 .net *"_s146", 0 0, L_00000000017859d0;  1 drivers
v00000000016e44c0_0 .net *"_s148", 0 0, L_00000000017866f0;  1 drivers
v00000000016e4600_0 .net *"_s150", 0 0, L_0000000001785a40;  1 drivers
v00000000016e5c80_0 .net *"_s152", 0 0, L_0000000001785ff0;  1 drivers
v00000000016e4e20_0 .net *"_s154", 0 0, L_00000000017865a0;  1 drivers
v00000000016e3a20_0 .net *"_s158", 0 0, L_0000000001786140;  1 drivers
v00000000016e4060_0 .net *"_s16", 0 0, L_00000000017848c0;  1 drivers
v00000000016e5780_0 .net *"_s160", 0 0, L_0000000001785730;  1 drivers
v00000000016e4100_0 .net *"_s162", 0 0, L_0000000001785ab0;  1 drivers
v00000000016e4240_0 .net *"_s164", 0 0, L_0000000001784e00;  1 drivers
v00000000016e4a60_0 .net *"_s166", 0 0, L_00000000017861b0;  1 drivers
v00000000016e41a0_0 .net *"_s168", 0 0, L_0000000001784d20;  1 drivers
v00000000016e4740_0 .net *"_s170", 0 0, L_0000000001785d50;  1 drivers
v00000000016e47e0_0 .net *"_s172", 0 0, L_00000000017860d0;  1 drivers
v00000000016e55a0_0 .net *"_s174", 0 0, L_0000000001785c70;  1 drivers
v00000000016e4b00_0 .net *"_s176", 0 0, L_0000000001785b20;  1 drivers
v00000000016e4ba0_0 .net *"_s18", 0 0, L_0000000001782fd0;  1 drivers
v00000000016e4c40_0 .net *"_s20", 0 0, L_0000000001784380;  1 drivers
v00000000016e4ec0_0 .net *"_s22", 0 0, L_0000000001783190;  1 drivers
v00000000016e8340_0 .net *"_s24", 0 0, L_0000000001783c10;  1 drivers
v00000000016e7440_0 .net *"_s26", 0 0, L_0000000001783350;  1 drivers
v00000000016e6220_0 .net *"_s28", 0 0, L_0000000001784460;  1 drivers
v00000000016e6900_0 .net *"_s30", 0 0, L_0000000001783d60;  1 drivers
v00000000016e83e0_0 .net *"_s32", 0 0, L_00000000017835f0;  1 drivers
v00000000016e6400_0 .net *"_s34", 0 0, L_00000000017839e0;  1 drivers
v00000000016e60e0_0 .net *"_s36", 0 0, L_00000000017834a0;  1 drivers
v00000000016e7080_0 .net *"_s40", 0 0, L_0000000001784540;  1 drivers
v00000000016e7b20_0 .net *"_s42", 0 0, L_0000000001784a80;  1 drivers
v00000000016e5fa0_0 .net *"_s44", 0 0, L_00000000017847e0;  1 drivers
v00000000016e7c60_0 .net *"_s46", 0 0, L_0000000001784690;  1 drivers
v00000000016e6c20_0 .net *"_s48", 0 0, L_0000000001783200;  1 drivers
v00000000016e82a0_0 .net *"_s50", 0 0, L_00000000017845b0;  1 drivers
v00000000016e7f80_0 .net *"_s52", 0 0, L_0000000001783740;  1 drivers
v00000000016e69a0_0 .net *"_s54", 0 0, L_0000000001783dd0;  1 drivers
v00000000016e6b80_0 .net *"_s56", 0 0, L_0000000001784930;  1 drivers
v00000000016e8020_0 .net *"_s58", 0 0, L_0000000001783890;  1 drivers
v00000000016e8700_0 .net *"_s60", 0 0, L_0000000001784af0;  1 drivers
v00000000016e6d60_0 .net *"_s62", 0 0, L_00000000017830b0;  1 drivers
v00000000016e6180_0 .net *"_s66", 0 0, L_0000000001784620;  1 drivers
v00000000016e6360_0 .net *"_s68", 0 0, L_0000000001783120;  1 drivers
v00000000016e62c0_0 .net *"_s70", 0 0, L_00000000017849a0;  1 drivers
v00000000016e71c0_0 .net *"_s72", 0 0, L_00000000017844d0;  1 drivers
v00000000016e7940_0 .net *"_s74", 0 0, L_00000000017840e0;  1 drivers
v00000000016e8660_0 .net *"_s76", 0 0, L_0000000001783ba0;  1 drivers
v00000000016e73a0_0 .net *"_s78", 0 0, L_0000000001784a10;  1 drivers
v00000000016e7300_0 .net *"_s8", 0 0, L_000000000178aeb0;  1 drivers
v00000000016e7800_0 .net *"_s80", 0 0, L_0000000001784850;  1 drivers
v00000000016e7620_0 .net *"_s82", 0 0, L_0000000001783510;  1 drivers
v00000000016e8480_0 .net *"_s86", 0 0, L_0000000001784b60;  1 drivers
v00000000016e6040_0 .net *"_s88", 0 0, L_0000000001783270;  1 drivers
v00000000016e78a0_0 .net *"_s90", 0 0, L_0000000001783040;  1 drivers
v00000000016e79e0_0 .net *"_s92", 0 0, L_00000000017832e0;  1 drivers
v00000000016e74e0_0 .net *"_s94", 0 0, L_0000000001783cf0;  1 drivers
v00000000016e64a0_0 .net *"_s96", 0 0, L_0000000001783430;  1 drivers
v00000000016e7bc0_0 .net *"_s98", 0 0, L_00000000017843f0;  1 drivers
v00000000016e8520_0 .net "a", 0 0, L_0000000001783eb0;  1 drivers
v00000000016e65e0_0 .net "b", 0 0, L_0000000001783e40;  1 drivers
v00000000016e7760_0 .net "c", 0 0, L_0000000001783f20;  1 drivers
v00000000016e85c0_0 .net "d", 0 0, L_00000000017837b0;  1 drivers
v00000000016e80c0_0 .net "e", 0 0, L_0000000001783b30;  1 drivers
v00000000016e7a80_0 .net "f", 0 0, L_0000000001785340;  1 drivers
v00000000016e7d00_0 .net "g", 0 0, L_0000000001785880;  1 drivers
v00000000016e7260_0 .net "p", 0 0, L_0000000001786760;  1 drivers
v00000000016e7e40_0 .net "point", 0 0, L_000000000170ef60;  1 drivers
S_00000000016f2b00 .scope module, "MyMc5" "MyMC14495" 6 47, 7 1 0, S_0000000001183840;
 .timescale 0 0;
    .port_info 0 /INPUT 1 "D0";
    .port_info 1 /INPUT 1 "D1";
    .port_info 2 /INPUT 1 "D2";
    .port_info 3 /INPUT 1 "D3";
    .port_info 4 /INPUT 1 "LE";
    .port_info 5 /INPUT 1 "point";
    .port_info 6 /OUTPUT 1 "a";
    .port_info 7 /OUTPUT 1 "b";
    .port_info 8 /OUTPUT 1 "c";
    .port_info 9 /OUTPUT 1 "d";
    .port_info 10 /OUTPUT 1 "e";
    .port_info 11 /OUTPUT 1 "f";
    .port_info 12 /OUTPUT 1 "g";
    .port_info 13 /OUTPUT 1 "p";
L_0000000001786370 .functor NOT 1, L_00000000017105e0, C4<0>, C4<0>, C4<0>;
L_0000000001785f10 .functor NOT 1, L_0000000001710680, C4<0>, C4<0>, C4<0>;
L_0000000001786220 .functor NOT 1, L_00000000017107c0, C4<0>, C4<0>, C4<0>;
L_00000000017856c0 .functor NOT 1, L_0000000001710860, C4<0>, C4<0>, C4<0>;
L_0000000001786290 .functor AND 1, L_00000000017856c0, L_0000000001786220, C4<1>, C4<1>;
L_0000000001786300 .functor AND 1, L_0000000001786290, L_0000000001785f10, C4<1>, C4<1>;
L_0000000001785b90 .functor AND 1, L_0000000001786300, L_00000000017105e0, C4<1>, C4<1>;
L_0000000001785c00 .functor AND 1, L_00000000017856c0, L_00000000017107c0, C4<1>, C4<1>;
L_0000000001785260 .functor AND 1, L_0000000001785c00, L_0000000001785f10, C4<1>, C4<1>;
L_00000000017863e0 .functor AND 1, L_0000000001785260, L_0000000001786370, C4<1>, C4<1>;
L_00000000017858f0 .functor OR 1, L_0000000001785b90, L_00000000017863e0, C4<0>, C4<0>;
L_0000000001784fc0 .functor AND 1, L_0000000001710860, L_0000000001786220, C4<1>, C4<1>;
L_0000000001785110 .functor AND 1, L_0000000001784fc0, L_0000000001710680, C4<1>, C4<1>;
L_0000000001785960 .functor AND 1, L_0000000001785110, L_00000000017105e0, C4<1>, C4<1>;
L_0000000001785f80 .functor OR 1, L_00000000017858f0, L_0000000001785960, C4<0>, C4<0>;
L_00000000017857a0 .functor AND 1, L_0000000001710860, L_00000000017107c0, C4<1>, C4<1>;
L_0000000001784c40 .functor AND 1, L_00000000017857a0, L_0000000001785f10, C4<1>, C4<1>;
L_0000000001785810 .functor AND 1, L_0000000001784c40, L_00000000017105e0, C4<1>, C4<1>;
L_0000000001784cb0 .functor OR 1, L_0000000001785f80, L_0000000001785810, C4<0>, C4<0>;
L_0000000001785ce0 .functor OR 1, L_00000000017149c8, L_0000000001784cb0, C4<0>, C4<0>;
L_0000000001785dc0 .functor AND 1, L_00000000017856c0, L_00000000017107c0, C4<1>, C4<1>;
L_0000000001785e30 .functor AND 1, L_0000000001785dc0, L_0000000001785f10, C4<1>, C4<1>;
L_0000000001784ee0 .functor AND 1, L_0000000001785e30, L_00000000017105e0, C4<1>, C4<1>;
L_0000000001785ea0 .functor AND 1, L_00000000017107c0, L_0000000001710680, C4<1>, C4<1>;
L_0000000001786060 .functor AND 1, L_0000000001785ea0, L_0000000001786370, C4<1>, C4<1>;
L_0000000001785570 .functor OR 1, L_0000000001784ee0, L_0000000001786060, C4<0>, C4<0>;
L_00000000017852d0 .functor AND 1, L_0000000001710860, L_00000000017107c0, C4<1>, C4<1>;
L_0000000001786450 .functor AND 1, L_00000000017852d0, L_0000000001786370, C4<1>, C4<1>;
L_00000000017864c0 .functor OR 1, L_0000000001785570, L_0000000001786450, C4<0>, C4<0>;
L_0000000001786530 .functor AND 1, L_0000000001710860, L_0000000001710680, C4<1>, C4<1>;
L_0000000001786610 .functor AND 1, L_0000000001786530, L_00000000017105e0, C4<1>, C4<1>;
L_0000000001786680 .functor OR 1, L_00000000017864c0, L_0000000001786610, C4<0>, C4<0>;
L_0000000001784bd0 .functor OR 1, L_00000000017149c8, L_0000000001786680, C4<0>, C4<0>;
L_0000000001784f50 .functor AND 1, L_00000000017856c0, L_0000000001786220, C4<1>, C4<1>;
L_0000000001785030 .functor AND 1, L_0000000001784f50, L_0000000001710680, C4<1>, C4<1>;
L_00000000017850a0 .functor AND 1, L_0000000001785030, L_0000000001786370, C4<1>, C4<1>;
L_0000000001785180 .functor AND 1, L_0000000001710860, L_00000000017107c0, C4<1>, C4<1>;
L_0000000001785420 .functor AND 1, L_0000000001785180, L_0000000001786370, C4<1>, C4<1>;
L_00000000017851f0 .functor OR 1, L_00000000017850a0, L_0000000001785420, C4<0>, C4<0>;
L_0000000001785490 .functor AND 1, L_0000000001710860, L_00000000017107c0, C4<1>, C4<1>;
L_00000000017853b0 .functor AND 1, L_0000000001785490, L_0000000001710680, C4<1>, C4<1>;
L_0000000001785500 .functor OR 1, L_00000000017851f0, L_00000000017853b0, C4<0>, C4<0>;
L_00000000017855e0 .functor OR 1, L_00000000017149c8, L_0000000001785500, C4<0>, C4<0>;
L_0000000001785650 .functor AND 1, L_00000000017856c0, L_0000000001786220, C4<1>, C4<1>;
L_00000000017875d0 .functor AND 1, L_0000000001785650, L_0000000001785f10, C4<1>, C4<1>;
L_0000000001787090 .functor AND 1, L_00000000017875d0, L_00000000017105e0, C4<1>, C4<1>;
L_0000000001787640 .functor AND 1, L_00000000017856c0, L_00000000017107c0, C4<1>, C4<1>;
L_0000000001786a70 .functor AND 1, L_0000000001787640, L_0000000001785f10, C4<1>, C4<1>;
L_0000000001787d40 .functor AND 1, L_0000000001786a70, L_0000000001786370, C4<1>, C4<1>;
L_0000000001787b10 .functor OR 1, L_0000000001787090, L_0000000001787d40, C4<0>, C4<0>;
L_0000000001787b80 .functor AND 1, L_00000000017107c0, L_0000000001710680, C4<1>, C4<1>;
L_00000000017871e0 .functor AND 1, L_0000000001787b80, L_00000000017105e0, C4<1>, C4<1>;
L_0000000001787fe0 .functor OR 1, L_0000000001787b10, L_00000000017871e0, C4<0>, C4<0>;
L_0000000001786bc0 .functor AND 1, L_0000000001710860, L_0000000001786220, C4<1>, C4<1>;
L_0000000001786ae0 .functor AND 1, L_0000000001786bc0, L_0000000001710680, C4<1>, C4<1>;
L_00000000017881a0 .functor AND 1, L_0000000001786ae0, L_0000000001786370, C4<1>, C4<1>;
L_0000000001787250 .functor OR 1, L_0000000001787fe0, L_00000000017881a0, C4<0>, C4<0>;
L_0000000001786c30 .functor OR 1, L_00000000017149c8, L_0000000001787250, C4<0>, C4<0>;
L_0000000001787bf0 .functor AND 1, L_00000000017856c0, L_00000000017105e0, C4<1>, C4<1>;
L_0000000001786f40 .functor AND 1, L_00000000017856c0, L_00000000017107c0, C4<1>, C4<1>;
L_00000000017873a0 .functor AND 1, L_0000000001786f40, L_0000000001785f10, C4<1>, C4<1>;
L_00000000017867d0 .functor OR 1, L_0000000001787bf0, L_00000000017873a0, C4<0>, C4<0>;
L_0000000001786d80 .functor AND 1, L_0000000001786220, L_0000000001785f10, C4<1>, C4<1>;
L_00000000017876b0 .functor AND 1, L_0000000001786d80, L_00000000017105e0, C4<1>, C4<1>;
L_0000000001787a30 .functor OR 1, L_00000000017867d0, L_00000000017876b0, C4<0>, C4<0>;
L_0000000001787870 .functor OR 1, L_00000000017149c8, L_0000000001787a30, C4<0>, C4<0>;
L_0000000001787720 .functor AND 1, L_00000000017856c0, L_0000000001786220, C4<1>, C4<1>;
L_0000000001786d10 .functor AND 1, L_0000000001787720, L_00000000017105e0, C4<1>, C4<1>;
L_0000000001787db0 .functor AND 1, L_00000000017856c0, L_0000000001786220, C4<1>, C4<1>;
L_0000000001787c60 .functor AND 1, L_0000000001787db0, L_0000000001710680, C4<1>, C4<1>;
L_0000000001786b50 .functor OR 1, L_0000000001786d10, L_0000000001787c60, C4<0>, C4<0>;
L_0000000001786fb0 .functor AND 1, L_00000000017856c0, L_0000000001710680, C4<1>, C4<1>;
L_0000000001786df0 .functor AND 1, L_0000000001786fb0, L_00000000017105e0, C4<1>, C4<1>;
L_0000000001787cd0 .functor OR 1, L_0000000001786b50, L_0000000001786df0, C4<0>, C4<0>;
L_0000000001788050 .functor AND 1, L_0000000001710860, L_00000000017107c0, C4<1>, C4<1>;
L_0000000001787330 .functor AND 1, L_0000000001788050, L_0000000001785f10, C4<1>, C4<1>;
L_0000000001786840 .functor AND 1, L_0000000001787330, L_00000000017105e0, C4<1>, C4<1>;
L_0000000001787100 .functor OR 1, L_0000000001787cd0, L_0000000001786840, C4<0>, C4<0>;
L_00000000017872c0 .functor OR 1, L_00000000017149c8, L_0000000001787100, C4<0>, C4<0>;
L_0000000001786920 .functor AND 1, L_00000000017856c0, L_0000000001786220, C4<1>, C4<1>;
L_0000000001787e20 .functor AND 1, L_0000000001786920, L_0000000001785f10, C4<1>, C4<1>;
L_0000000001786ca0 .functor AND 1, L_00000000017856c0, L_00000000017107c0, C4<1>, C4<1>;
L_0000000001786990 .functor AND 1, L_0000000001786ca0, L_0000000001710680, C4<1>, C4<1>;
L_0000000001787790 .functor AND 1, L_0000000001786990, L_00000000017105e0, C4<1>, C4<1>;
L_0000000001786e60 .functor OR 1, L_0000000001787e20, L_0000000001787790, C4<0>, C4<0>;
L_0000000001787020 .functor AND 1, L_0000000001710860, L_00000000017107c0, C4<1>, C4<1>;
L_0000000001787e90 .functor AND 1, L_0000000001787020, L_0000000001785f10, C4<1>, C4<1>;
L_0000000001788210 .functor AND 1, L_0000000001787e90, L_0000000001786370, C4<1>, C4<1>;
L_0000000001786ed0 .functor OR 1, L_0000000001786e60, L_0000000001788210, C4<0>, C4<0>;
L_0000000001787f00 .functor OR 1, L_00000000017149c8, L_0000000001786ed0, C4<0>, C4<0>;
L_0000000001787950 .functor NOT 1, L_00000000017109a0, C4<0>, C4<0>, C4<0>;
v00000000016e76c0_0 .net "D0", 0 0, L_00000000017105e0;  1 drivers
v00000000016e7120_0 .net "D0n", 0 0, L_0000000001786370;  1 drivers
v00000000016e8160_0 .net "D1", 0 0, L_0000000001710680;  1 drivers
v00000000016e7da0_0 .net "D1n", 0 0, L_0000000001785f10;  1 drivers
v00000000016e6540_0 .net "D2", 0 0, L_00000000017107c0;  1 drivers
v00000000016e7ee0_0 .net "D2n", 0 0, L_0000000001786220;  1 drivers
v00000000016e6680_0 .net "D3", 0 0, L_0000000001710860;  1 drivers
v00000000016e6e00_0 .net "D3n", 0 0, L_00000000017856c0;  1 drivers
v00000000016e6720_0 .net "LE", 0 0, L_00000000017149c8;  alias, 1 drivers
v00000000016e6ea0_0 .net *"_s10", 0 0, L_0000000001786300;  1 drivers
v00000000016e8200_0 .net *"_s100", 0 0, L_0000000001787b80;  1 drivers
v00000000016e67c0_0 .net *"_s102", 0 0, L_00000000017871e0;  1 drivers
v00000000016e7580_0 .net *"_s104", 0 0, L_0000000001787fe0;  1 drivers
v00000000016e6860_0 .net *"_s106", 0 0, L_0000000001786bc0;  1 drivers
v00000000016e6a40_0 .net *"_s108", 0 0, L_0000000001786ae0;  1 drivers
v00000000016e6ae0_0 .net *"_s110", 0 0, L_00000000017881a0;  1 drivers
v00000000016e6cc0_0 .net *"_s112", 0 0, L_0000000001787250;  1 drivers
v00000000016e6f40_0 .net *"_s116", 0 0, L_0000000001787bf0;  1 drivers
v00000000016e6fe0_0 .net *"_s118", 0 0, L_0000000001786f40;  1 drivers
v00000000016e9100_0 .net *"_s12", 0 0, L_0000000001785b90;  1 drivers
v00000000016e87a0_0 .net *"_s120", 0 0, L_00000000017873a0;  1 drivers
v00000000016e8e80_0 .net *"_s122", 0 0, L_00000000017867d0;  1 drivers
v00000000016e9420_0 .net *"_s124", 0 0, L_0000000001786d80;  1 drivers
v00000000016e8ca0_0 .net *"_s126", 0 0, L_00000000017876b0;  1 drivers
v00000000016e8ac0_0 .net *"_s128", 0 0, L_0000000001787a30;  1 drivers
v00000000016e88e0_0 .net *"_s132", 0 0, L_0000000001787720;  1 drivers
v00000000016e8d40_0 .net *"_s134", 0 0, L_0000000001786d10;  1 drivers
v00000000016e9600_0 .net *"_s136", 0 0, L_0000000001787db0;  1 drivers
v00000000016e8de0_0 .net *"_s138", 0 0, L_0000000001787c60;  1 drivers
v00000000016e91a0_0 .net *"_s14", 0 0, L_0000000001785c00;  1 drivers
v00000000016e8f20_0 .net *"_s140", 0 0, L_0000000001786b50;  1 drivers
v00000000016e94c0_0 .net *"_s142", 0 0, L_0000000001786fb0;  1 drivers
v00000000016e8840_0 .net *"_s144", 0 0, L_0000000001786df0;  1 drivers
v00000000016e8980_0 .net *"_s146", 0 0, L_0000000001787cd0;  1 drivers
v00000000016e8a20_0 .net *"_s148", 0 0, L_0000000001788050;  1 drivers
v00000000016e8fc0_0 .net *"_s150", 0 0, L_0000000001787330;  1 drivers
v00000000016e9380_0 .net *"_s152", 0 0, L_0000000001786840;  1 drivers
v00000000016e9060_0 .net *"_s154", 0 0, L_0000000001787100;  1 drivers
v00000000016e9240_0 .net *"_s158", 0 0, L_0000000001786920;  1 drivers
v00000000016e92e0_0 .net *"_s16", 0 0, L_0000000001785260;  1 drivers
v00000000016e8b60_0 .net *"_s160", 0 0, L_0000000001787e20;  1 drivers
v00000000016e9560_0 .net *"_s162", 0 0, L_0000000001786ca0;  1 drivers
v00000000016e8c00_0 .net *"_s164", 0 0, L_0000000001786990;  1 drivers
v00000000016db820_0 .net *"_s166", 0 0, L_0000000001787790;  1 drivers
v00000000016db6e0_0 .net *"_s168", 0 0, L_0000000001786e60;  1 drivers
v00000000016d9de0_0 .net *"_s170", 0 0, L_0000000001787020;  1 drivers
v00000000016da240_0 .net *"_s172", 0 0, L_0000000001787e90;  1 drivers
v00000000016da880_0 .net *"_s174", 0 0, L_0000000001788210;  1 drivers
v00000000016d9ca0_0 .net *"_s176", 0 0, L_0000000001786ed0;  1 drivers
v00000000016db780_0 .net *"_s18", 0 0, L_00000000017863e0;  1 drivers
v00000000016db640_0 .net *"_s20", 0 0, L_00000000017858f0;  1 drivers
v00000000016db500_0 .net *"_s22", 0 0, L_0000000001784fc0;  1 drivers
v00000000016db140_0 .net *"_s24", 0 0, L_0000000001785110;  1 drivers
v00000000016da4c0_0 .net *"_s26", 0 0, L_0000000001785960;  1 drivers
v00000000016da6a0_0 .net *"_s28", 0 0, L_0000000001785f80;  1 drivers
v00000000016da100_0 .net *"_s30", 0 0, L_00000000017857a0;  1 drivers
v00000000016dbb40_0 .net *"_s32", 0 0, L_0000000001784c40;  1 drivers
v00000000016dac40_0 .net *"_s34", 0 0, L_0000000001785810;  1 drivers
v00000000016d9a20_0 .net *"_s36", 0 0, L_0000000001784cb0;  1 drivers
v00000000016da1a0_0 .net *"_s40", 0 0, L_0000000001785dc0;  1 drivers
v00000000016dbbe0_0 .net *"_s42", 0 0, L_0000000001785e30;  1 drivers
v00000000016d9c00_0 .net *"_s44", 0 0, L_0000000001784ee0;  1 drivers
v00000000016d98e0_0 .net *"_s46", 0 0, L_0000000001785ea0;  1 drivers
v00000000016da920_0 .net *"_s48", 0 0, L_0000000001786060;  1 drivers
v00000000016db320_0 .net *"_s50", 0 0, L_0000000001785570;  1 drivers
v00000000016d97a0_0 .net *"_s52", 0 0, L_00000000017852d0;  1 drivers
v00000000016db460_0 .net *"_s54", 0 0, L_0000000001786450;  1 drivers
v00000000016da420_0 .net *"_s56", 0 0, L_00000000017864c0;  1 drivers
v00000000016dbaa0_0 .net *"_s58", 0 0, L_0000000001786530;  1 drivers
v00000000016db8c0_0 .net *"_s60", 0 0, L_0000000001786610;  1 drivers
v00000000016da2e0_0 .net *"_s62", 0 0, L_0000000001786680;  1 drivers
v00000000016da380_0 .net *"_s66", 0 0, L_0000000001784f50;  1 drivers
v00000000016db960_0 .net *"_s68", 0 0, L_0000000001785030;  1 drivers
v00000000016dbf00_0 .net *"_s70", 0 0, L_00000000017850a0;  1 drivers
v00000000016da560_0 .net *"_s72", 0 0, L_0000000001785180;  1 drivers
v00000000016d9980_0 .net *"_s74", 0 0, L_0000000001785420;  1 drivers
v00000000016d9b60_0 .net *"_s76", 0 0, L_00000000017851f0;  1 drivers
v00000000016d9ac0_0 .net *"_s78", 0 0, L_0000000001785490;  1 drivers
v00000000016da9c0_0 .net *"_s8", 0 0, L_0000000001786290;  1 drivers
v00000000016db1e0_0 .net *"_s80", 0 0, L_00000000017853b0;  1 drivers
v00000000016dbe60_0 .net *"_s82", 0 0, L_0000000001785500;  1 drivers
v00000000016daba0_0 .net *"_s86", 0 0, L_0000000001785650;  1 drivers
v00000000016dba00_0 .net *"_s88", 0 0, L_00000000017875d0;  1 drivers
v00000000016d9d40_0 .net *"_s90", 0 0, L_0000000001787090;  1 drivers
v00000000016dbc80_0 .net *"_s92", 0 0, L_0000000001787640;  1 drivers
v00000000016d9e80_0 .net *"_s94", 0 0, L_0000000001786a70;  1 drivers
v00000000016dbd20_0 .net *"_s96", 0 0, L_0000000001787d40;  1 drivers
v00000000016dbdc0_0 .net *"_s98", 0 0, L_0000000001787b10;  1 drivers
v00000000016da7e0_0 .net "a", 0 0, L_0000000001785ce0;  1 drivers
v00000000016d9840_0 .net "b", 0 0, L_0000000001784bd0;  1 drivers
v00000000016dace0_0 .net "c", 0 0, L_00000000017855e0;  1 drivers
v00000000016daa60_0 .net "d", 0 0, L_0000000001786c30;  1 drivers
v00000000016d9f20_0 .net "e", 0 0, L_0000000001787870;  1 drivers
v00000000016db3c0_0 .net "f", 0 0, L_00000000017872c0;  1 drivers
v00000000016d9fc0_0 .net "g", 0 0, L_0000000001787f00;  1 drivers
v00000000016da600_0 .net "p", 0 0, L_0000000001787950;  1 drivers
v00000000016dab00_0 .net "point", 0 0, L_00000000017109a0;  1 drivers
S_00000000016f2c90 .scope module, "MyMc6" "MyMC14495" 6 49, 7 1 0, S_0000000001183840;
 .timescale 0 0;
    .port_info 0 /INPUT 1 "D0";
    .port_info 1 /INPUT 1 "D1";
    .port_info 2 /INPUT 1 "D2";
    .port_info 3 /INPUT 1 "D3";
    .port_info 4 /INPUT 1 "LE";
    .port_info 5 /INPUT 1 "point";
    .port_info 6 /OUTPUT 1 "a";
    .port_info 7 /OUTPUT 1 "b";
    .port_info 8 /OUTPUT 1 "c";
    .port_info 9 /OUTPUT 1 "d";
    .port_info 10 /OUTPUT 1 "e";
    .port_info 11 /OUTPUT 1 "f";
    .port_info 12 /OUTPUT 1 "g";
    .port_info 13 /OUTPUT 1 "p";
L_00000000017879c0 .functor NOT 1, L_000000000170f140, C4<0>, C4<0>, C4<0>;
L_0000000001787f70 .functor NOT 1, L_000000000170eb00, C4<0>, C4<0>, C4<0>;
L_0000000001787170 .functor NOT 1, L_0000000001710a40, C4<0>, C4<0>, C4<0>;
L_0000000001787410 .functor NOT 1, L_0000000001710b80, C4<0>, C4<0>, C4<0>;
L_00000000017878e0 .functor AND 1, L_0000000001787410, L_0000000001787170, C4<1>, C4<1>;
L_0000000001787480 .functor AND 1, L_00000000017878e0, L_0000000001787f70, C4<1>, C4<1>;
L_00000000017868b0 .functor AND 1, L_0000000001787480, L_000000000170f140, C4<1>, C4<1>;
L_00000000017874f0 .functor AND 1, L_0000000001787410, L_0000000001710a40, C4<1>, C4<1>;
L_0000000001787aa0 .functor AND 1, L_00000000017874f0, L_0000000001787f70, C4<1>, C4<1>;
L_0000000001787800 .functor AND 1, L_0000000001787aa0, L_00000000017879c0, C4<1>, C4<1>;
L_0000000001787560 .functor OR 1, L_00000000017868b0, L_0000000001787800, C4<0>, C4<0>;
L_00000000017880c0 .functor AND 1, L_0000000001710b80, L_0000000001787170, C4<1>, C4<1>;
L_0000000001788280 .functor AND 1, L_00000000017880c0, L_000000000170eb00, C4<1>, C4<1>;
L_0000000001788130 .functor AND 1, L_0000000001788280, L_000000000170f140, C4<1>, C4<1>;
L_00000000017882f0 .functor OR 1, L_0000000001787560, L_0000000001788130, C4<0>, C4<0>;
L_0000000001788360 .functor AND 1, L_0000000001710b80, L_0000000001710a40, C4<1>, C4<1>;
L_0000000001786a00 .functor AND 1, L_0000000001788360, L_0000000001787f70, C4<1>, C4<1>;
L_0000000001798f00 .functor AND 1, L_0000000001786a00, L_000000000170f140, C4<1>, C4<1>;
L_0000000001798aa0 .functor OR 1, L_00000000017882f0, L_0000000001798f00, C4<0>, C4<0>;
L_000000000179a240 .functor OR 1, L_00000000017149c8, L_0000000001798aa0, C4<0>, C4<0>;
L_0000000001799210 .functor AND 1, L_0000000001787410, L_0000000001710a40, C4<1>, C4<1>;
L_0000000001798c60 .functor AND 1, L_0000000001799210, L_0000000001787f70, C4<1>, C4<1>;
L_0000000001799bb0 .functor AND 1, L_0000000001798c60, L_000000000170f140, C4<1>, C4<1>;
L_0000000001798f70 .functor AND 1, L_0000000001710a40, L_000000000170eb00, C4<1>, C4<1>;
L_00000000017993d0 .functor AND 1, L_0000000001798f70, L_00000000017879c0, C4<1>, C4<1>;
L_0000000001798cd0 .functor OR 1, L_0000000001799bb0, L_00000000017993d0, C4<0>, C4<0>;
L_0000000001799d70 .functor AND 1, L_0000000001710b80, L_0000000001710a40, C4<1>, C4<1>;
L_0000000001799670 .functor AND 1, L_0000000001799d70, L_00000000017879c0, C4<1>, C4<1>;
L_0000000001799130 .functor OR 1, L_0000000001798cd0, L_0000000001799670, C4<0>, C4<0>;
L_0000000001798e90 .functor AND 1, L_0000000001710b80, L_000000000170eb00, C4<1>, C4<1>;
L_000000000179a0f0 .functor AND 1, L_0000000001798e90, L_000000000170f140, C4<1>, C4<1>;
L_0000000001798d40 .functor OR 1, L_0000000001799130, L_000000000179a0f0, C4<0>, C4<0>;
L_000000000179a010 .functor OR 1, L_00000000017149c8, L_0000000001798d40, C4<0>, C4<0>;
L_0000000001799a60 .functor AND 1, L_0000000001787410, L_0000000001787170, C4<1>, C4<1>;
L_00000000017989c0 .functor AND 1, L_0000000001799a60, L_000000000170eb00, C4<1>, C4<1>;
L_0000000001799440 .functor AND 1, L_00000000017989c0, L_00000000017879c0, C4<1>, C4<1>;
L_0000000001799520 .functor AND 1, L_0000000001710b80, L_0000000001710a40, C4<1>, C4<1>;
L_0000000001799d00 .functor AND 1, L_0000000001799520, L_00000000017879c0, C4<1>, C4<1>;
L_0000000001798bf0 .functor OR 1, L_0000000001799440, L_0000000001799d00, C4<0>, C4<0>;
L_0000000001798a30 .functor AND 1, L_0000000001710b80, L_0000000001710a40, C4<1>, C4<1>;
L_0000000001799280 .functor AND 1, L_0000000001798a30, L_000000000170eb00, C4<1>, C4<1>;
L_0000000001798e20 .functor OR 1, L_0000000001798bf0, L_0000000001799280, C4<0>, C4<0>;
L_0000000001799b40 .functor OR 1, L_00000000017149c8, L_0000000001798e20, C4<0>, C4<0>;
L_00000000017991a0 .functor AND 1, L_0000000001787410, L_0000000001787170, C4<1>, C4<1>;
L_00000000017988e0 .functor AND 1, L_00000000017991a0, L_0000000001787f70, C4<1>, C4<1>;
L_00000000017996e0 .functor AND 1, L_00000000017988e0, L_000000000170f140, C4<1>, C4<1>;
L_0000000001799050 .functor AND 1, L_0000000001787410, L_0000000001710a40, C4<1>, C4<1>;
L_0000000001799c20 .functor AND 1, L_0000000001799050, L_0000000001787f70, C4<1>, C4<1>;
L_000000000179a320 .functor AND 1, L_0000000001799c20, L_00000000017879c0, C4<1>, C4<1>;
L_0000000001798fe0 .functor OR 1, L_00000000017996e0, L_000000000179a320, C4<0>, C4<0>;
L_0000000001799910 .functor AND 1, L_0000000001710a40, L_000000000170eb00, C4<1>, C4<1>;
L_0000000001799c90 .functor AND 1, L_0000000001799910, L_000000000170f140, C4<1>, C4<1>;
L_000000000179a080 .functor OR 1, L_0000000001798fe0, L_0000000001799c90, C4<0>, C4<0>;
L_00000000017994b0 .functor AND 1, L_0000000001710b80, L_0000000001787170, C4<1>, C4<1>;
L_00000000017990c0 .functor AND 1, L_00000000017994b0, L_000000000170eb00, C4<1>, C4<1>;
L_0000000001799de0 .functor AND 1, L_00000000017990c0, L_00000000017879c0, C4<1>, C4<1>;
L_000000000179a2b0 .functor OR 1, L_000000000179a080, L_0000000001799de0, C4<0>, C4<0>;
L_00000000017992f0 .functor OR 1, L_00000000017149c8, L_000000000179a2b0, C4<0>, C4<0>;
L_0000000001799750 .functor AND 1, L_0000000001787410, L_000000000170f140, C4<1>, C4<1>;
L_0000000001799e50 .functor AND 1, L_0000000001787410, L_0000000001710a40, C4<1>, C4<1>;
L_00000000017998a0 .functor AND 1, L_0000000001799e50, L_0000000001787f70, C4<1>, C4<1>;
L_0000000001799ec0 .functor OR 1, L_0000000001799750, L_00000000017998a0, C4<0>, C4<0>;
L_0000000001799f30 .functor AND 1, L_0000000001787170, L_0000000001787f70, C4<1>, C4<1>;
L_000000000179a160 .functor AND 1, L_0000000001799f30, L_000000000170f140, C4<1>, C4<1>;
L_0000000001798950 .functor OR 1, L_0000000001799ec0, L_000000000179a160, C4<0>, C4<0>;
L_000000000179a390 .functor OR 1, L_00000000017149c8, L_0000000001798950, C4<0>, C4<0>;
L_0000000001798b10 .functor AND 1, L_0000000001787410, L_0000000001787170, C4<1>, C4<1>;
L_0000000001799fa0 .functor AND 1, L_0000000001798b10, L_000000000170f140, C4<1>, C4<1>;
L_000000000179a1d0 .functor AND 1, L_0000000001787410, L_0000000001787170, C4<1>, C4<1>;
L_0000000001799590 .functor AND 1, L_000000000179a1d0, L_000000000170eb00, C4<1>, C4<1>;
L_0000000001798800 .functor OR 1, L_0000000001799fa0, L_0000000001799590, C4<0>, C4<0>;
L_0000000001798b80 .functor AND 1, L_0000000001787410, L_000000000170eb00, C4<1>, C4<1>;
L_00000000017997c0 .functor AND 1, L_0000000001798b80, L_000000000170f140, C4<1>, C4<1>;
L_0000000001798870 .functor OR 1, L_0000000001798800, L_00000000017997c0, C4<0>, C4<0>;
L_0000000001799360 .functor AND 1, L_0000000001710b80, L_0000000001710a40, C4<1>, C4<1>;
L_0000000001798db0 .functor AND 1, L_0000000001799360, L_0000000001787f70, C4<1>, C4<1>;
L_0000000001799600 .functor AND 1, L_0000000001798db0, L_000000000170f140, C4<1>, C4<1>;
L_0000000001799830 .functor OR 1, L_0000000001798870, L_0000000001799600, C4<0>, C4<0>;
L_0000000001799980 .functor OR 1, L_00000000017149c8, L_0000000001799830, C4<0>, C4<0>;
L_00000000017999f0 .functor AND 1, L_0000000001787410, L_0000000001787170, C4<1>, C4<1>;
L_0000000001799ad0 .functor AND 1, L_00000000017999f0, L_0000000001787f70, C4<1>, C4<1>;
L_000000000179a780 .functor AND 1, L_0000000001787410, L_0000000001710a40, C4<1>, C4<1>;
L_000000000179ba50 .functor AND 1, L_000000000179a780, L_000000000170eb00, C4<1>, C4<1>;
L_000000000179a9b0 .functor AND 1, L_000000000179ba50, L_000000000170f140, C4<1>, C4<1>;
L_000000000179a630 .functor OR 1, L_0000000001799ad0, L_000000000179a9b0, C4<0>, C4<0>;
L_000000000179b3c0 .functor AND 1, L_0000000001710b80, L_0000000001710a40, C4<1>, C4<1>;
L_000000000179b4a0 .functor AND 1, L_000000000179b3c0, L_0000000001787f70, C4<1>, C4<1>;
L_000000000179b200 .functor AND 1, L_000000000179b4a0, L_00000000017879c0, C4<1>, C4<1>;
L_000000000179b430 .functor OR 1, L_000000000179a630, L_000000000179b200, C4<0>, C4<0>;
L_000000000179b9e0 .functor OR 1, L_00000000017149c8, L_000000000179b430, C4<0>, C4<0>;
L_000000000179bd60 .functor NOT 1, L_0000000001710c20, C4<0>, C4<0>, C4<0>;
v00000000016db0a0_0 .net "D0", 0 0, L_000000000170f140;  1 drivers
v00000000016da740_0 .net "D0n", 0 0, L_00000000017879c0;  1 drivers
v00000000016dad80_0 .net "D1", 0 0, L_000000000170eb00;  1 drivers
v00000000016da060_0 .net "D1n", 0 0, L_0000000001787f70;  1 drivers
v00000000016dae20_0 .net "D2", 0 0, L_0000000001710a40;  1 drivers
v00000000016daec0_0 .net "D2n", 0 0, L_0000000001787170;  1 drivers
v00000000016daf60_0 .net "D3", 0 0, L_0000000001710b80;  1 drivers
v00000000016db000_0 .net "D3n", 0 0, L_0000000001787410;  1 drivers
v00000000016db280_0 .net "LE", 0 0, L_00000000017149c8;  alias, 1 drivers
v00000000016db5a0_0 .net *"_s10", 0 0, L_0000000001787480;  1 drivers
v00000000016dc720_0 .net *"_s100", 0 0, L_0000000001799910;  1 drivers
v00000000016dd080_0 .net *"_s102", 0 0, L_0000000001799c90;  1 drivers
v00000000016dd260_0 .net *"_s104", 0 0, L_000000000179a080;  1 drivers
v00000000016dcae0_0 .net *"_s106", 0 0, L_00000000017994b0;  1 drivers
v00000000016de0c0_0 .net *"_s108", 0 0, L_00000000017990c0;  1 drivers
v00000000016de340_0 .net *"_s110", 0 0, L_0000000001799de0;  1 drivers
v00000000016dccc0_0 .net *"_s112", 0 0, L_000000000179a2b0;  1 drivers
v00000000016dd9e0_0 .net *"_s116", 0 0, L_0000000001799750;  1 drivers
v00000000016dcb80_0 .net *"_s118", 0 0, L_0000000001799e50;  1 drivers
v00000000016ddf80_0 .net *"_s12", 0 0, L_00000000017868b0;  1 drivers
v00000000016de700_0 .net *"_s120", 0 0, L_00000000017998a0;  1 drivers
v00000000016dcd60_0 .net *"_s122", 0 0, L_0000000001799ec0;  1 drivers
v00000000016dc0e0_0 .net *"_s124", 0 0, L_0000000001799f30;  1 drivers
v00000000016dc360_0 .net *"_s126", 0 0, L_000000000179a160;  1 drivers
v00000000016dc220_0 .net *"_s128", 0 0, L_0000000001798950;  1 drivers
v00000000016dd1c0_0 .net *"_s132", 0 0, L_0000000001798b10;  1 drivers
v00000000016dd940_0 .net *"_s134", 0 0, L_0000000001799fa0;  1 drivers
v00000000016de660_0 .net *"_s136", 0 0, L_000000000179a1d0;  1 drivers
v00000000016dd3a0_0 .net *"_s138", 0 0, L_0000000001799590;  1 drivers
v00000000016dd300_0 .net *"_s14", 0 0, L_00000000017874f0;  1 drivers
v00000000016dd800_0 .net *"_s140", 0 0, L_0000000001798800;  1 drivers
v00000000016ddbc0_0 .net *"_s142", 0 0, L_0000000001798b80;  1 drivers
v00000000016dc900_0 .net *"_s144", 0 0, L_00000000017997c0;  1 drivers
v00000000016dc680_0 .net *"_s146", 0 0, L_0000000001798870;  1 drivers
v00000000016dd8a0_0 .net *"_s148", 0 0, L_0000000001799360;  1 drivers
v00000000016dda80_0 .net *"_s150", 0 0, L_0000000001798db0;  1 drivers
v00000000016dd4e0_0 .net *"_s152", 0 0, L_0000000001799600;  1 drivers
v00000000016dc2c0_0 .net *"_s154", 0 0, L_0000000001799830;  1 drivers
v00000000016ddb20_0 .net *"_s158", 0 0, L_00000000017999f0;  1 drivers
v00000000016de3e0_0 .net *"_s16", 0 0, L_0000000001787aa0;  1 drivers
v00000000016dc7c0_0 .net *"_s160", 0 0, L_0000000001799ad0;  1 drivers
v00000000016de480_0 .net *"_s162", 0 0, L_000000000179a780;  1 drivers
v00000000016dd440_0 .net *"_s164", 0 0, L_000000000179ba50;  1 drivers
v00000000016ddc60_0 .net *"_s166", 0 0, L_000000000179a9b0;  1 drivers
v00000000016dbfa0_0 .net *"_s168", 0 0, L_000000000179a630;  1 drivers
v00000000016dc5e0_0 .net *"_s170", 0 0, L_000000000179b3c0;  1 drivers
v00000000016dd580_0 .net *"_s172", 0 0, L_000000000179b4a0;  1 drivers
v00000000016dd620_0 .net *"_s174", 0 0, L_000000000179b200;  1 drivers
v00000000016dc860_0 .net *"_s176", 0 0, L_000000000179b430;  1 drivers
v00000000016ddd00_0 .net *"_s18", 0 0, L_0000000001787800;  1 drivers
v00000000016dc9a0_0 .net *"_s20", 0 0, L_0000000001787560;  1 drivers
v00000000016de200_0 .net *"_s22", 0 0, L_00000000017880c0;  1 drivers
v00000000016dca40_0 .net *"_s24", 0 0, L_0000000001788280;  1 drivers
v00000000016dde40_0 .net *"_s26", 0 0, L_0000000001788130;  1 drivers
v00000000016de160_0 .net *"_s28", 0 0, L_00000000017882f0;  1 drivers
v00000000016dce00_0 .net *"_s30", 0 0, L_0000000001788360;  1 drivers
v00000000016ddee0_0 .net *"_s32", 0 0, L_0000000001786a00;  1 drivers
v00000000016dd6c0_0 .net *"_s34", 0 0, L_0000000001798f00;  1 drivers
v00000000016dc040_0 .net *"_s36", 0 0, L_0000000001798aa0;  1 drivers
v00000000016ddda0_0 .net *"_s40", 0 0, L_0000000001799210;  1 drivers
v00000000016de020_0 .net *"_s42", 0 0, L_0000000001798c60;  1 drivers
v00000000016de2a0_0 .net *"_s44", 0 0, L_0000000001799bb0;  1 drivers
v00000000016de520_0 .net *"_s46", 0 0, L_0000000001798f70;  1 drivers
v00000000016de5c0_0 .net *"_s48", 0 0, L_00000000017993d0;  1 drivers
v00000000016dc180_0 .net *"_s50", 0 0, L_0000000001798cd0;  1 drivers
v00000000016dc400_0 .net *"_s52", 0 0, L_0000000001799d70;  1 drivers
v00000000016dcea0_0 .net *"_s54", 0 0, L_0000000001799670;  1 drivers
v00000000016dc4a0_0 .net *"_s56", 0 0, L_0000000001799130;  1 drivers
v00000000016dc540_0 .net *"_s58", 0 0, L_0000000001798e90;  1 drivers
v00000000016dcc20_0 .net *"_s60", 0 0, L_000000000179a0f0;  1 drivers
v00000000016dcfe0_0 .net *"_s62", 0 0, L_0000000001798d40;  1 drivers
v00000000016dcf40_0 .net *"_s66", 0 0, L_0000000001799a60;  1 drivers
v00000000016dd120_0 .net *"_s68", 0 0, L_00000000017989c0;  1 drivers
v00000000016dd760_0 .net *"_s70", 0 0, L_0000000001799440;  1 drivers
v00000000016f6230_0 .net *"_s72", 0 0, L_0000000001799520;  1 drivers
v00000000016f42f0_0 .net *"_s74", 0 0, L_0000000001799d00;  1 drivers
v00000000016f4f70_0 .net *"_s76", 0 0, L_0000000001798bf0;  1 drivers
v00000000016f50b0_0 .net *"_s78", 0 0, L_0000000001798a30;  1 drivers
v00000000016f5470_0 .net *"_s8", 0 0, L_00000000017878e0;  1 drivers
v00000000016f6370_0 .net *"_s80", 0 0, L_0000000001799280;  1 drivers
v00000000016f4250_0 .net *"_s82", 0 0, L_0000000001798e20;  1 drivers
v00000000016f4e30_0 .net *"_s86", 0 0, L_00000000017991a0;  1 drivers
v00000000016f5010_0 .net *"_s88", 0 0, L_00000000017988e0;  1 drivers
v00000000016f4430_0 .net *"_s90", 0 0, L_00000000017996e0;  1 drivers
v00000000016f5510_0 .net *"_s92", 0 0, L_0000000001799050;  1 drivers
v00000000016f4610_0 .net *"_s94", 0 0, L_0000000001799c20;  1 drivers
v00000000016f5e70_0 .net *"_s96", 0 0, L_000000000179a320;  1 drivers
v00000000016f44d0_0 .net *"_s98", 0 0, L_0000000001798fe0;  1 drivers
v00000000016f5ab0_0 .net "a", 0 0, L_000000000179a240;  1 drivers
v00000000016f4750_0 .net "b", 0 0, L_000000000179a010;  1 drivers
v00000000016f5c90_0 .net "c", 0 0, L_0000000001799b40;  1 drivers
v00000000016f4930_0 .net "d", 0 0, L_00000000017992f0;  1 drivers
v00000000016f4b10_0 .net "e", 0 0, L_000000000179a390;  1 drivers
v00000000016f4390_0 .net "f", 0 0, L_0000000001799980;  1 drivers
v00000000016f5150_0 .net "g", 0 0, L_000000000179b9e0;  1 drivers
v00000000016f5650_0 .net "p", 0 0, L_000000000179bd60;  1 drivers
v00000000016f4890_0 .net "point", 0 0, L_0000000001710c20;  1 drivers
S_00000000016f32d0 .scope module, "MyMc7" "MyMC14495" 6 51, 7 1 0, S_0000000001183840;
 .timescale 0 0;
    .port_info 0 /INPUT 1 "D0";
    .port_info 1 /INPUT 1 "D1";
    .port_info 2 /INPUT 1 "D2";
    .port_info 3 /INPUT 1 "D3";
    .port_info 4 /INPUT 1 "LE";
    .port_info 5 /INPUT 1 "point";
    .port_info 6 /OUTPUT 1 "a";
    .port_info 7 /OUTPUT 1 "b";
    .port_info 8 /OUTPUT 1 "c";
    .port_info 9 /OUTPUT 1 "d";
    .port_info 10 /OUTPUT 1 "e";
    .port_info 11 /OUTPUT 1 "f";
    .port_info 12 /OUTPUT 1 "g";
    .port_info 13 /OUTPUT 1 "p";
L_000000000179ab00 .functor NOT 1, L_0000000001712340, C4<0>, C4<0>, C4<0>;
L_000000000179a470 .functor NOT 1, L_00000000017114e0, C4<0>, C4<0>, C4<0>;
L_000000000179aa20 .functor NOT 1, L_00000000017120c0, C4<0>, C4<0>, C4<0>;
L_000000000179b740 .functor NOT 1, L_0000000001712480, C4<0>, C4<0>, C4<0>;
L_000000000179a8d0 .functor AND 1, L_000000000179b740, L_000000000179aa20, C4<1>, C4<1>;
L_000000000179b2e0 .functor AND 1, L_000000000179a8d0, L_000000000179a470, C4<1>, C4<1>;
L_000000000179b270 .functor AND 1, L_000000000179b2e0, L_0000000001712340, C4<1>, C4<1>;
L_000000000179b510 .functor AND 1, L_000000000179b740, L_00000000017120c0, C4<1>, C4<1>;
L_000000000179b190 .functor AND 1, L_000000000179b510, L_000000000179a470, C4<1>, C4<1>;
L_000000000179bdd0 .functor AND 1, L_000000000179b190, L_000000000179ab00, C4<1>, C4<1>;
L_000000000179bc80 .functor OR 1, L_000000000179b270, L_000000000179bdd0, C4<0>, C4<0>;
L_000000000179af60 .functor AND 1, L_0000000001712480, L_000000000179aa20, C4<1>, C4<1>;
L_000000000179b580 .functor AND 1, L_000000000179af60, L_00000000017114e0, C4<1>, C4<1>;
L_000000000179b120 .functor AND 1, L_000000000179b580, L_0000000001712340, C4<1>, C4<1>;
L_000000000179a940 .functor OR 1, L_000000000179bc80, L_000000000179b120, C4<0>, C4<0>;
L_000000000179b350 .functor AND 1, L_0000000001712480, L_00000000017120c0, C4<1>, C4<1>;
L_000000000179b820 .functor AND 1, L_000000000179b350, L_000000000179a470, C4<1>, C4<1>;
L_000000000179b040 .functor AND 1, L_000000000179b820, L_0000000001712340, C4<1>, C4<1>;
L_000000000179ac50 .functor OR 1, L_000000000179a940, L_000000000179b040, C4<0>, C4<0>;
L_000000000179b5f0 .functor OR 1, L_00000000017149c8, L_000000000179ac50, C4<0>, C4<0>;
L_000000000179bac0 .functor AND 1, L_000000000179b740, L_00000000017120c0, C4<1>, C4<1>;
L_000000000179a710 .functor AND 1, L_000000000179bac0, L_000000000179a470, C4<1>, C4<1>;
L_000000000179b660 .functor AND 1, L_000000000179a710, L_0000000001712340, C4<1>, C4<1>;
L_000000000179ad30 .functor AND 1, L_00000000017120c0, L_00000000017114e0, C4<1>, C4<1>;
L_000000000179b970 .functor AND 1, L_000000000179ad30, L_000000000179ab00, C4<1>, C4<1>;
L_000000000179a550 .functor OR 1, L_000000000179b660, L_000000000179b970, C4<0>, C4<0>;
L_000000000179a6a0 .functor AND 1, L_0000000001712480, L_00000000017120c0, C4<1>, C4<1>;
L_000000000179b6d0 .functor AND 1, L_000000000179a6a0, L_000000000179ab00, C4<1>, C4<1>;
L_000000000179ab70 .functor OR 1, L_000000000179a550, L_000000000179b6d0, C4<0>, C4<0>;
L_000000000179aa90 .functor AND 1, L_0000000001712480, L_00000000017114e0, C4<1>, C4<1>;
L_000000000179bcf0 .functor AND 1, L_000000000179aa90, L_0000000001712340, C4<1>, C4<1>;
L_000000000179b7b0 .functor OR 1, L_000000000179ab70, L_000000000179bcf0, C4<0>, C4<0>;
L_000000000179abe0 .functor OR 1, L_00000000017149c8, L_000000000179b7b0, C4<0>, C4<0>;
L_000000000179a7f0 .functor AND 1, L_000000000179b740, L_000000000179aa20, C4<1>, C4<1>;
L_000000000179b890 .functor AND 1, L_000000000179a7f0, L_00000000017114e0, C4<1>, C4<1>;
L_000000000179b900 .functor AND 1, L_000000000179b890, L_000000000179ab00, C4<1>, C4<1>;
L_000000000179bb30 .functor AND 1, L_0000000001712480, L_00000000017120c0, C4<1>, C4<1>;
L_000000000179bba0 .functor AND 1, L_000000000179bb30, L_000000000179ab00, C4<1>, C4<1>;
L_000000000179bc10 .functor OR 1, L_000000000179b900, L_000000000179bba0, C4<0>, C4<0>;
L_000000000179acc0 .functor AND 1, L_0000000001712480, L_00000000017120c0, C4<1>, C4<1>;
L_000000000179a860 .functor AND 1, L_000000000179acc0, L_00000000017114e0, C4<1>, C4<1>;
L_000000000179be40 .functor OR 1, L_000000000179bc10, L_000000000179a860, C4<0>, C4<0>;
L_000000000179beb0 .functor OR 1, L_00000000017149c8, L_000000000179be40, C4<0>, C4<0>;
L_000000000179bf20 .functor AND 1, L_000000000179b740, L_000000000179aa20, C4<1>, C4<1>;
L_000000000179bf90 .functor AND 1, L_000000000179bf20, L_000000000179a470, C4<1>, C4<1>;
L_000000000179a4e0 .functor AND 1, L_000000000179bf90, L_0000000001712340, C4<1>, C4<1>;
L_000000000179ada0 .functor AND 1, L_000000000179b740, L_00000000017120c0, C4<1>, C4<1>;
L_000000000179ae10 .functor AND 1, L_000000000179ada0, L_000000000179a470, C4<1>, C4<1>;
L_000000000179a400 .functor AND 1, L_000000000179ae10, L_000000000179ab00, C4<1>, C4<1>;
L_000000000179a5c0 .functor OR 1, L_000000000179a4e0, L_000000000179a400, C4<0>, C4<0>;
L_000000000179ae80 .functor AND 1, L_00000000017120c0, L_00000000017114e0, C4<1>, C4<1>;
L_000000000179aef0 .functor AND 1, L_000000000179ae80, L_0000000001712340, C4<1>, C4<1>;
L_000000000179afd0 .functor OR 1, L_000000000179a5c0, L_000000000179aef0, C4<0>, C4<0>;
L_000000000179b0b0 .functor AND 1, L_0000000001712480, L_000000000179aa20, C4<1>, C4<1>;
L_000000000179cd90 .functor AND 1, L_000000000179b0b0, L_00000000017114e0, C4<1>, C4<1>;
L_000000000179ca10 .functor AND 1, L_000000000179cd90, L_000000000179ab00, C4<1>, C4<1>;
L_000000000179c380 .functor OR 1, L_000000000179afd0, L_000000000179ca10, C4<0>, C4<0>;
L_000000000179c0e0 .functor OR 1, L_00000000017149c8, L_000000000179c380, C4<0>, C4<0>;
L_000000000179ce00 .functor AND 1, L_000000000179b740, L_0000000001712340, C4<1>, C4<1>;
L_000000000179ccb0 .functor AND 1, L_000000000179b740, L_00000000017120c0, C4<1>, C4<1>;
L_000000000179c540 .functor AND 1, L_000000000179ccb0, L_000000000179a470, C4<1>, C4<1>;
L_000000000179c230 .functor OR 1, L_000000000179ce00, L_000000000179c540, C4<0>, C4<0>;
L_000000000179c2a0 .functor AND 1, L_000000000179aa20, L_000000000179a470, C4<1>, C4<1>;
L_000000000179c3f0 .functor AND 1, L_000000000179c2a0, L_0000000001712340, C4<1>, C4<1>;
L_000000000179cc40 .functor OR 1, L_000000000179c230, L_000000000179c3f0, C4<0>, C4<0>;
L_000000000179cbd0 .functor OR 1, L_00000000017149c8, L_000000000179cc40, C4<0>, C4<0>;
L_000000000179c310 .functor AND 1, L_000000000179b740, L_000000000179aa20, C4<1>, C4<1>;
L_000000000179c150 .functor AND 1, L_000000000179c310, L_0000000001712340, C4<1>, C4<1>;
L_000000000179c4d0 .functor AND 1, L_000000000179b740, L_000000000179aa20, C4<1>, C4<1>;
L_000000000179c5b0 .functor AND 1, L_000000000179c4d0, L_00000000017114e0, C4<1>, C4<1>;
L_000000000179c460 .functor OR 1, L_000000000179c150, L_000000000179c5b0, C4<0>, C4<0>;
L_000000000179c8c0 .functor AND 1, L_000000000179b740, L_00000000017114e0, C4<1>, C4<1>;
L_000000000179ce70 .functor AND 1, L_000000000179c8c0, L_0000000001712340, C4<1>, C4<1>;
L_000000000179cd20 .functor OR 1, L_000000000179c460, L_000000000179ce70, C4<0>, C4<0>;
L_000000000179c1c0 .functor AND 1, L_0000000001712480, L_00000000017120c0, C4<1>, C4<1>;
L_000000000179c070 .functor AND 1, L_000000000179c1c0, L_000000000179a470, C4<1>, C4<1>;
L_000000000179c620 .functor AND 1, L_000000000179c070, L_0000000001712340, C4<1>, C4<1>;
L_000000000179ca80 .functor OR 1, L_000000000179cd20, L_000000000179c620, C4<0>, C4<0>;
L_000000000179c690 .functor OR 1, L_00000000017149c8, L_000000000179ca80, C4<0>, C4<0>;
L_000000000179c700 .functor AND 1, L_000000000179b740, L_000000000179aa20, C4<1>, C4<1>;
L_000000000179caf0 .functor AND 1, L_000000000179c700, L_000000000179a470, C4<1>, C4<1>;
L_000000000179c9a0 .functor AND 1, L_000000000179b740, L_00000000017120c0, C4<1>, C4<1>;
L_000000000179c770 .functor AND 1, L_000000000179c9a0, L_00000000017114e0, C4<1>, C4<1>;
L_000000000179c7e0 .functor AND 1, L_000000000179c770, L_0000000001712340, C4<1>, C4<1>;
L_000000000179c850 .functor OR 1, L_000000000179caf0, L_000000000179c7e0, C4<0>, C4<0>;
L_000000000179c930 .functor AND 1, L_0000000001712480, L_00000000017120c0, C4<1>, C4<1>;
L_000000000179cb60 .functor AND 1, L_000000000179c930, L_000000000179a470, C4<1>, C4<1>;
L_000000000179cee0 .functor AND 1, L_000000000179cb60, L_000000000179ab00, C4<1>, C4<1>;
L_000000000179c000 .functor OR 1, L_000000000179c850, L_000000000179cee0, C4<0>, C4<0>;
L_0000000001795700 .functor OR 1, L_00000000017149c8, L_000000000179c000, C4<0>, C4<0>;
L_0000000001795230 .functor NOT 1, L_0000000001711760, C4<0>, C4<0>, C4<0>;
v00000000016f4a70_0 .net "D0", 0 0, L_0000000001712340;  1 drivers
v00000000016f56f0_0 .net "D0n", 0 0, L_000000000179ab00;  1 drivers
v00000000016f47f0_0 .net "D1", 0 0, L_00000000017114e0;  1 drivers
v00000000016f4bb0_0 .net "D1n", 0 0, L_000000000179a470;  1 drivers
v00000000016f6050_0 .net "D2", 0 0, L_00000000017120c0;  1 drivers
v00000000016f3fd0_0 .net "D2n", 0 0, L_000000000179aa20;  1 drivers
v00000000016f49d0_0 .net "D3", 0 0, L_0000000001712480;  1 drivers
v00000000016f6190_0 .net "D3n", 0 0, L_000000000179b740;  1 drivers
v00000000016f62d0_0 .net "LE", 0 0, L_00000000017149c8;  alias, 1 drivers
v00000000016f4c50_0 .net *"_s10", 0 0, L_000000000179b2e0;  1 drivers
v00000000016f5f10_0 .net *"_s100", 0 0, L_000000000179ae80;  1 drivers
v00000000016f5a10_0 .net *"_s102", 0 0, L_000000000179aef0;  1 drivers
v00000000016f5830_0 .net *"_s104", 0 0, L_000000000179afd0;  1 drivers
v00000000016f4cf0_0 .net *"_s106", 0 0, L_000000000179b0b0;  1 drivers
v00000000016f4d90_0 .net *"_s108", 0 0, L_000000000179cd90;  1 drivers
v00000000016f4ed0_0 .net *"_s110", 0 0, L_000000000179ca10;  1 drivers
v00000000016f3c10_0 .net *"_s112", 0 0, L_000000000179c380;  1 drivers
v00000000016f5b50_0 .net *"_s116", 0 0, L_000000000179ce00;  1 drivers
v00000000016f5970_0 .net *"_s118", 0 0, L_000000000179ccb0;  1 drivers
v00000000016f55b0_0 .net *"_s12", 0 0, L_000000000179b270;  1 drivers
v00000000016f51f0_0 .net *"_s120", 0 0, L_000000000179c540;  1 drivers
v00000000016f5290_0 .net *"_s122", 0 0, L_000000000179c230;  1 drivers
v00000000016f4570_0 .net *"_s124", 0 0, L_000000000179c2a0;  1 drivers
v00000000016f5fb0_0 .net *"_s126", 0 0, L_000000000179c3f0;  1 drivers
v00000000016f46b0_0 .net *"_s128", 0 0, L_000000000179cc40;  1 drivers
v00000000016f60f0_0 .net *"_s132", 0 0, L_000000000179c310;  1 drivers
v00000000016f4070_0 .net *"_s134", 0 0, L_000000000179c150;  1 drivers
v00000000016f3cb0_0 .net *"_s136", 0 0, L_000000000179c4d0;  1 drivers
v00000000016f4110_0 .net *"_s138", 0 0, L_000000000179c5b0;  1 drivers
v00000000016f3d50_0 .net *"_s14", 0 0, L_000000000179b510;  1 drivers
v00000000016f5330_0 .net *"_s140", 0 0, L_000000000179c460;  1 drivers
v00000000016f5790_0 .net *"_s142", 0 0, L_000000000179c8c0;  1 drivers
v00000000016f3df0_0 .net *"_s144", 0 0, L_000000000179ce70;  1 drivers
v00000000016f58d0_0 .net *"_s146", 0 0, L_000000000179cd20;  1 drivers
v00000000016f53d0_0 .net *"_s148", 0 0, L_000000000179c1c0;  1 drivers
v00000000016f5bf0_0 .net *"_s150", 0 0, L_000000000179c070;  1 drivers
v00000000016f5d30_0 .net *"_s152", 0 0, L_000000000179c620;  1 drivers
v00000000016f5dd0_0 .net *"_s154", 0 0, L_000000000179ca80;  1 drivers
v00000000016f3e90_0 .net *"_s158", 0 0, L_000000000179c700;  1 drivers
v00000000016f3f30_0 .net *"_s16", 0 0, L_000000000179b190;  1 drivers
v00000000016f41b0_0 .net *"_s160", 0 0, L_000000000179caf0;  1 drivers
v00000000016f71d0_0 .net *"_s162", 0 0, L_000000000179c9a0;  1 drivers
v00000000016f6550_0 .net *"_s164", 0 0, L_000000000179c770;  1 drivers
v00000000016f67d0_0 .net *"_s166", 0 0, L_000000000179c7e0;  1 drivers
v00000000016f6690_0 .net *"_s168", 0 0, L_000000000179c850;  1 drivers
v00000000016f7630_0 .net *"_s170", 0 0, L_000000000179c930;  1 drivers
v00000000016f7db0_0 .net *"_s172", 0 0, L_000000000179cb60;  1 drivers
v00000000016f8ad0_0 .net *"_s174", 0 0, L_000000000179cee0;  1 drivers
v00000000016f7810_0 .net *"_s176", 0 0, L_000000000179c000;  1 drivers
v00000000016f7770_0 .net *"_s18", 0 0, L_000000000179bdd0;  1 drivers
v00000000016f7c70_0 .net *"_s20", 0 0, L_000000000179bc80;  1 drivers
v00000000016f8030_0 .net *"_s22", 0 0, L_000000000179af60;  1 drivers
v00000000016f6d70_0 .net *"_s24", 0 0, L_000000000179b580;  1 drivers
v00000000016f69b0_0 .net *"_s26", 0 0, L_000000000179b120;  1 drivers
v00000000016f65f0_0 .net *"_s28", 0 0, L_000000000179a940;  1 drivers
v00000000016f64b0_0 .net *"_s30", 0 0, L_000000000179b350;  1 drivers
v00000000016f7e50_0 .net *"_s32", 0 0, L_000000000179b820;  1 drivers
v00000000016f76d0_0 .net *"_s34", 0 0, L_000000000179b040;  1 drivers
v00000000016f7ef0_0 .net *"_s36", 0 0, L_000000000179ac50;  1 drivers
v00000000016f6b90_0 .net *"_s40", 0 0, L_000000000179bac0;  1 drivers
v00000000016f6c30_0 .net *"_s42", 0 0, L_000000000179a710;  1 drivers
v00000000016f74f0_0 .net *"_s44", 0 0, L_000000000179b660;  1 drivers
v00000000016f78b0_0 .net *"_s46", 0 0, L_000000000179ad30;  1 drivers
v00000000016f6f50_0 .net *"_s48", 0 0, L_000000000179b970;  1 drivers
v00000000016f8530_0 .net *"_s50", 0 0, L_000000000179a550;  1 drivers
v00000000016f87b0_0 .net *"_s52", 0 0, L_000000000179a6a0;  1 drivers
v00000000016f6730_0 .net *"_s54", 0 0, L_000000000179b6d0;  1 drivers
v00000000016f6870_0 .net *"_s56", 0 0, L_000000000179ab70;  1 drivers
v00000000016f80d0_0 .net *"_s58", 0 0, L_000000000179aa90;  1 drivers
v00000000016f8670_0 .net *"_s60", 0 0, L_000000000179bcf0;  1 drivers
v00000000016f88f0_0 .net *"_s62", 0 0, L_000000000179b7b0;  1 drivers
v00000000016f6910_0 .net *"_s66", 0 0, L_000000000179a7f0;  1 drivers
v00000000016f6af0_0 .net *"_s68", 0 0, L_000000000179b890;  1 drivers
v00000000016f7950_0 .net *"_s70", 0 0, L_000000000179b900;  1 drivers
v00000000016f79f0_0 .net *"_s72", 0 0, L_000000000179bb30;  1 drivers
v00000000016f7f90_0 .net *"_s74", 0 0, L_000000000179bba0;  1 drivers
v00000000016f7a90_0 .net *"_s76", 0 0, L_000000000179bc10;  1 drivers
v00000000016f8490_0 .net *"_s78", 0 0, L_000000000179acc0;  1 drivers
v00000000016f7d10_0 .net *"_s8", 0 0, L_000000000179a8d0;  1 drivers
v00000000016f6ff0_0 .net *"_s80", 0 0, L_000000000179a860;  1 drivers
v00000000016f8170_0 .net *"_s82", 0 0, L_000000000179be40;  1 drivers
v00000000016f7270_0 .net *"_s86", 0 0, L_000000000179bf20;  1 drivers
v00000000016f6cd0_0 .net *"_s88", 0 0, L_000000000179bf90;  1 drivers
v00000000016f6eb0_0 .net *"_s90", 0 0, L_000000000179a4e0;  1 drivers
v00000000016f7b30_0 .net *"_s92", 0 0, L_000000000179ada0;  1 drivers
v00000000016f7590_0 .net *"_s94", 0 0, L_000000000179ae10;  1 drivers
v00000000016f85d0_0 .net *"_s96", 0 0, L_000000000179a400;  1 drivers
v00000000016f7bd0_0 .net *"_s98", 0 0, L_000000000179a5c0;  1 drivers
v00000000016f82b0_0 .net "a", 0 0, L_000000000179b5f0;  1 drivers
v00000000016f8210_0 .net "b", 0 0, L_000000000179abe0;  1 drivers
v00000000016f6a50_0 .net "c", 0 0, L_000000000179beb0;  1 drivers
v00000000016f7450_0 .net "d", 0 0, L_000000000179c0e0;  1 drivers
v00000000016f6e10_0 .net "e", 0 0, L_000000000179cbd0;  1 drivers
v00000000016f7090_0 .net "f", 0 0, L_000000000179c690;  1 drivers
v00000000016f8350_0 .net "g", 0 0, L_0000000001795700;  1 drivers
v00000000016f83f0_0 .net "p", 0 0, L_0000000001795230;  1 drivers
v00000000016f7130_0 .net "point", 0 0, L_0000000001711760;  1 drivers
S_00000000016f2970 .scope module, "cd" "clkdiv" 6 28, 8 1 0, S_0000000001183840;
 .timescale 0 0;
    .port_info 0 /INPUT 1 "clk";
    .port_info 1 /INPUT 1 "rst";
    .port_info 2 /OUTPUT 32 "clkdiv";
v00000000016f7310_0 .net "clk", 0 0, v0000000001709ba0_0;  alias, 1 drivers
v00000000016f73b0_0 .var "clkdiv", 31 0;
v00000000016f8710_0 .net "rst", 0 0, L_0000000001656d80;  alias, 1 drivers
E_0000000001658ce0 .event posedge, v00000000016f8710_0, v00000000016f7310_0;
S_00000000016f2e20 .scope module, "count0" "create_clock_00" 6 31, 2 51 0, S_0000000001183840;
 .timescale 0 0;
    .port_info 0 /INPUT 1 "clk";
    .port_info 1 /INPUT 1 "clk_1ms";
    .port_info 2 /INPUT 4 "btn";
    .port_info 3 /OUTPUT 4 "n0";
    .port_info 4 /OUTPUT 4 "n1";
    .port_info 5 /OUTPUT 4 "n2";
    .port_info 6 /OUTPUT 4 "n3";
    .port_info 7 /OUTPUT 4 "n4";
    .port_info 8 /OUTPUT 4 "n5";
    .port_info 9 /OUTPUT 4 "n6";
    .port_info 10 /OUTPUT 4 "n7";
v00000000016fa290_0 .var "EN", 0 0;
L_0000000001714f20 .functor BUFT 1, C4<000000>, C4<0>, C4<0>, C4<0>;
v00000000016fa3d0_0 .net *"_s102", 5 0, L_0000000001714f20;  1 drivers
L_0000000001714f68 .functor BUFT 1, C4<00000000000000000000000001100100>, C4<0>, C4<0>, C4<0>;
v00000000016fb230_0 .net/2u *"_s103", 31 0, L_0000000001714f68;  1 drivers
v00000000016fae70_0 .net *"_s105", 31 0, L_000000000170c440;  1 drivers
L_0000000001714fb0 .functor BUFT 1, C4<00000000000000000000000000111100>, C4<0>, C4<0>, C4<0>;
v00000000016fa470_0 .net/2u *"_s107", 31 0, L_0000000001714fb0;  1 drivers
v00000000016f8f30_0 .net *"_s109", 31 0, L_000000000170c8a0;  1 drivers
L_0000000001714ff8 .functor BUFT 1, C4<00000000000000000000000000111100>, C4<0>, C4<0>, C4<0>;
v00000000016f9e30_0 .net/2u *"_s111", 31 0, L_0000000001714ff8;  1 drivers
v00000000016fb0f0_0 .net *"_s113", 31 0, L_000000000170c9e0;  1 drivers
L_0000000001715040 .functor BUFT 1, C4<00000000000000000000000000001010>, C4<0>, C4<0>, C4<0>;
v00000000016fa790_0 .net/2u *"_s115", 31 0, L_0000000001715040;  1 drivers
v00000000016fa010_0 .net *"_s117", 31 0, L_000000000170f960;  1 drivers
v00000000016f94d0_0 .net *"_s121", 31 0, L_000000000170f640;  1 drivers
L_0000000001715088 .functor BUFT 1, C4<000000>, C4<0>, C4<0>, C4<0>;
v00000000016fa510_0 .net *"_s124", 5 0, L_0000000001715088;  1 drivers
L_00000000017150d0 .functor BUFT 1, C4<00000000000000000000000001100100>, C4<0>, C4<0>, C4<0>;
v00000000016f9610_0 .net/2u *"_s125", 31 0, L_00000000017150d0;  1 drivers
v00000000016fafb0_0 .net *"_s127", 31 0, L_000000000170ec40;  1 drivers
L_0000000001715118 .functor BUFT 1, C4<00000000000000000000000000111100>, C4<0>, C4<0>, C4<0>;
v00000000016f9570_0 .net/2u *"_s129", 31 0, L_0000000001715118;  1 drivers
v00000000016faab0_0 .net *"_s131", 31 0, L_000000000170f460;  1 drivers
L_0000000001715160 .functor BUFT 1, C4<00000000000000000000000000111100>, C4<0>, C4<0>, C4<0>;
v00000000016fad30_0 .net/2u *"_s133", 31 0, L_0000000001715160;  1 drivers
v00000000016f9890_0 .net *"_s135", 31 0, L_0000000001710900;  1 drivers
L_00000000017151a8 .functor BUFT 1, C4<00000000000000000000000000011000>, C4<0>, C4<0>, C4<0>;
v00000000016f9390_0 .net/2u *"_s137", 31 0, L_00000000017151a8;  1 drivers
v00000000016f8df0_0 .net *"_s139", 31 0, L_000000000170fc80;  1 drivers
L_00000000017151f0 .functor BUFT 1, C4<00000000000000000000000000001010>, C4<0>, C4<0>, C4<0>;
v00000000016f9930_0 .net/2u *"_s141", 31 0, L_00000000017151f0;  1 drivers
v00000000016fb2d0_0 .net *"_s143", 31 0, L_000000000170f280;  1 drivers
v00000000016f9b10_0 .net *"_s147", 31 0, L_000000000170f1e0;  1 drivers
L_0000000001715238 .functor BUFT 1, C4<000000>, C4<0>, C4<0>, C4<0>;
v00000000016fa5b0_0 .net *"_s150", 5 0, L_0000000001715238;  1 drivers
L_0000000001715280 .functor BUFT 1, C4<00000000000000000000000001100100>, C4<0>, C4<0>, C4<0>;
v00000000016f9cf0_0 .net/2u *"_s151", 31 0, L_0000000001715280;  1 drivers
v00000000016f96b0_0 .net *"_s153", 31 0, L_000000000170fa00;  1 drivers
L_00000000017152c8 .functor BUFT 1, C4<00000000000000000000000000111100>, C4<0>, C4<0>, C4<0>;
v00000000016f9d90_0 .net/2u *"_s155", 31 0, L_00000000017152c8;  1 drivers
v00000000016fb190_0 .net *"_s157", 31 0, L_000000000170fdc0;  1 drivers
L_0000000001715310 .functor BUFT 1, C4<00000000000000000000000000111100>, C4<0>, C4<0>, C4<0>;
v00000000016fb370_0 .net/2u *"_s159", 31 0, L_0000000001715310;  1 drivers
v00000000016f8fd0_0 .net *"_s161", 31 0, L_000000000170fd20;  1 drivers
L_0000000001715358 .functor BUFT 1, C4<00000000000000000000000000011000>, C4<0>, C4<0>, C4<0>;
v00000000016fa1f0_0 .net/2u *"_s163", 31 0, L_0000000001715358;  1 drivers
v00000000016f91b0_0 .net *"_s165", 31 0, L_000000000170f8c0;  1 drivers
L_00000000017153a0 .functor BUFT 1, C4<00000000000000000000000000001010>, C4<0>, C4<0>, C4<0>;
v00000000016f9750_0 .net/2u *"_s167", 31 0, L_00000000017153a0;  1 drivers
v00000000016f99d0_0 .net *"_s169", 31 0, L_000000000170fbe0;  1 drivers
v00000000016f8c10_0 .net *"_s17", 31 0, L_000000000170d7a0;  1 drivers
L_0000000001714a10 .functor BUFT 1, C4<000000>, C4<0>, C4<0>, C4<0>;
v00000000016f8cb0_0 .net *"_s20", 5 0, L_0000000001714a10;  1 drivers
L_0000000001714a58 .functor BUFT 1, C4<00000000000000000000000000001010>, C4<0>, C4<0>, C4<0>;
v00000000016f9ed0_0 .net/2u *"_s21", 31 0, L_0000000001714a58;  1 drivers
v00000000016f9c50_0 .net *"_s23", 31 0, L_000000000170de80;  1 drivers
v00000000016fabf0_0 .net *"_s27", 31 0, L_000000000170d480;  1 drivers
L_0000000001714aa0 .functor BUFT 1, C4<000000>, C4<0>, C4<0>, C4<0>;
v00000000016f9250_0 .net *"_s30", 5 0, L_0000000001714aa0;  1 drivers
L_0000000001714ae8 .functor BUFT 1, C4<00000000000000000000000000001010>, C4<0>, C4<0>, C4<0>;
v00000000016f9f70_0 .net/2u *"_s31", 31 0, L_0000000001714ae8;  1 drivers
v00000000016fa0b0_0 .net *"_s33", 31 0, L_000000000170df20;  1 drivers
L_0000000001714b30 .functor BUFT 1, C4<00000000000000000000000000001010>, C4<0>, C4<0>, C4<0>;
v00000000016f9110_0 .net/2u *"_s35", 31 0, L_0000000001714b30;  1 drivers
v00000000016fac90_0 .net *"_s37", 31 0, L_000000000170dfc0;  1 drivers
v00000000016fadd0_0 .net *"_s41", 31 0, L_000000000170e060;  1 drivers
L_0000000001714b78 .functor BUFT 1, C4<000000>, C4<0>, C4<0>, C4<0>;
v00000000016f8d50_0 .net *"_s44", 5 0, L_0000000001714b78;  1 drivers
L_0000000001714bc0 .functor BUFT 1, C4<00000000000000000000000001100100>, C4<0>, C4<0>, C4<0>;
v00000000016fa650_0 .net/2u *"_s45", 31 0, L_0000000001714bc0;  1 drivers
v00000000016fa150_0 .net *"_s47", 31 0, L_000000000170e100;  1 drivers
L_0000000001714c08 .functor BUFT 1, C4<00000000000000000000000000111100>, C4<0>, C4<0>, C4<0>;
v00000000016fa330_0 .net/2u *"_s49", 31 0, L_0000000001714c08;  1 drivers
v00000000016fa6f0_0 .net *"_s51", 31 0, L_000000000170c800;  1 drivers
L_0000000001714c50 .functor BUFT 1, C4<00000000000000000000000000001010>, C4<0>, C4<0>, C4<0>;
v00000000016f8e90_0 .net/2u *"_s53", 31 0, L_0000000001714c50;  1 drivers
v00000000016fa8d0_0 .net *"_s55", 31 0, L_000000000170e1a0;  1 drivers
v00000000016f9070_0 .net *"_s59", 31 0, L_000000000170e380;  1 drivers
L_0000000001714c98 .functor BUFT 1, C4<000000>, C4<0>, C4<0>, C4<0>;
v00000000016fb4b0_0 .net *"_s62", 5 0, L_0000000001714c98;  1 drivers
L_0000000001714ce0 .functor BUFT 1, C4<00000000000000000000000001100100>, C4<0>, C4<0>, C4<0>;
v00000000016fbaf0_0 .net/2u *"_s63", 31 0, L_0000000001714ce0;  1 drivers
v00000000016fb550_0 .net *"_s65", 31 0, L_000000000170e4c0;  1 drivers
L_0000000001714d28 .functor BUFT 1, C4<00000000000000000000000000111100>, C4<0>, C4<0>, C4<0>;
v00000000016fb410_0 .net/2u *"_s67", 31 0, L_0000000001714d28;  1 drivers
v00000000016fb910_0 .net *"_s69", 31 0, L_000000000170e420;  1 drivers
L_0000000001714d70 .functor BUFT 1, C4<00000000000000000000000000001010>, C4<0>, C4<0>, C4<0>;
v00000000016fb5f0_0 .net/2u *"_s71", 31 0, L_0000000001714d70;  1 drivers
v00000000016fb690_0 .net *"_s73", 31 0, L_000000000170c760;  1 drivers
v00000000016fb730_0 .net *"_s77", 31 0, L_000000000170e740;  1 drivers
L_0000000001714db8 .functor BUFT 1, C4<000000>, C4<0>, C4<0>, C4<0>;
v00000000016fb9b0_0 .net *"_s80", 5 0, L_0000000001714db8;  1 drivers
L_0000000001714e00 .functor BUFT 1, C4<00000000000000000000000001100100>, C4<0>, C4<0>, C4<0>;
v00000000016fba50_0 .net/2u *"_s81", 31 0, L_0000000001714e00;  1 drivers
v00000000016fb7d0_0 .net *"_s83", 31 0, L_000000000170e6a0;  1 drivers
L_0000000001714e48 .functor BUFT 1, C4<00000000000000000000000000111100>, C4<0>, C4<0>, C4<0>;
v00000000016fb870_0 .net/2u *"_s85", 31 0, L_0000000001714e48;  1 drivers
v0000000001708160_0 .net *"_s87", 31 0, L_000000000170c6c0;  1 drivers
L_0000000001714e90 .functor BUFT 1, C4<00000000000000000000000000111100>, C4<0>, C4<0>, C4<0>;
v0000000001707ee0_0 .net/2u *"_s89", 31 0, L_0000000001714e90;  1 drivers
v00000000017071c0_0 .net *"_s91", 31 0, L_000000000170e7e0;  1 drivers
L_0000000001714ed8 .functor BUFT 1, C4<00000000000000000000000000001010>, C4<0>, C4<0>, C4<0>;
v0000000001707760_0 .net/2u *"_s93", 31 0, L_0000000001714ed8;  1 drivers
v00000000017085c0_0 .net *"_s95", 31 0, L_000000000170c260;  1 drivers
v0000000001708660_0 .net *"_s99", 31 0, L_000000000170c3a0;  1 drivers
v0000000001708a20_0 .net "btn", 3 0, L_00000000017113a0;  alias, 1 drivers
v0000000001708480_0 .net "clk", 0 0, L_0000000001710540;  1 drivers
v0000000001708ac0_0 .net "clk_1ms", 0 0, L_0000000001710cc0;  1 drivers
v0000000001707440_0 .net "n0", 3 0, L_000000000170d3e0;  alias, 1 drivers
v0000000001709420_0 .net "n1", 3 0, L_000000000170d520;  alias, 1 drivers
v0000000001708c00_0 .net "n2", 3 0, L_000000000170e2e0;  alias, 1 drivers
v0000000001707a80_0 .net "n3", 3 0, L_000000000170e600;  alias, 1 drivers
v0000000001709560_0 .net "n4", 3 0, L_000000000170c300;  alias, 1 drivers
v0000000001707b20_0 .net "n5", 3 0, L_0000000001710fe0;  alias, 1 drivers
v0000000001709380_0 .net "n6", 3 0, L_00000000017104a0;  alias, 1 drivers
v0000000001708f20_0 .net "n7", 3 0, L_0000000001710180;  alias, 1 drivers
v00000000017080c0_0 .var "old0", 0 0;
v0000000001709240_0 .var "old1", 0 0;
v0000000001708700_0 .net "tbtn", 3 0, L_000000000170e560;  1 drivers
v00000000017073a0_0 .var "tick", 25 0;
E_00000000016587e0 .event posedge, v0000000001708480_0;
L_000000000170db60 .part L_00000000017113a0, 0, 1;
L_000000000170dde0 .part L_00000000017113a0, 1, 1;
L_000000000170cee0 .part L_00000000017113a0, 2, 1;
L_000000000170cf80 .part L_00000000017113a0, 3, 1;
L_000000000170e560 .concat8 [ 1 1 1 1], v00000000016f8990_0, v00000000016f97f0_0, v00000000016faf10_0, v00000000016fab50_0;
L_000000000170d7a0 .concat [ 26 6 0 0], v00000000017073a0_0, L_0000000001714a10;
L_000000000170de80 .arith/mod 32, L_000000000170d7a0, L_0000000001714a58;
L_000000000170d3e0 .part L_000000000170de80, 0, 4;
L_000000000170d480 .concat [ 26 6 0 0], v00000000017073a0_0, L_0000000001714aa0;
L_000000000170df20 .arith/div 32, L_000000000170d480, L_0000000001714ae8;
L_000000000170dfc0 .arith/mod 32, L_000000000170df20, L_0000000001714b30;
L_000000000170d520 .part L_000000000170dfc0, 0, 4;
L_000000000170e060 .concat [ 26 6 0 0], v00000000017073a0_0, L_0000000001714b78;
L_000000000170e100 .arith/div 32, L_000000000170e060, L_0000000001714bc0;
L_000000000170c800 .arith/mod 32, L_000000000170e100, L_0000000001714c08;
L_000000000170e1a0 .arith/mod 32, L_000000000170c800, L_0000000001714c50;
L_000000000170e2e0 .part L_000000000170e1a0, 0, 4;
L_000000000170e380 .concat [ 26 6 0 0], v00000000017073a0_0, L_0000000001714c98;
L_000000000170e4c0 .arith/div 32, L_000000000170e380, L_0000000001714ce0;
L_000000000170e420 .arith/mod 32, L_000000000170e4c0, L_0000000001714d28;
L_000000000170c760 .arith/div 32, L_000000000170e420, L_0000000001714d70;
L_000000000170e600 .part L_000000000170c760, 0, 4;
L_000000000170e740 .concat [ 26 6 0 0], v00000000017073a0_0, L_0000000001714db8;
L_000000000170e6a0 .arith/div 32, L_000000000170e740, L_0000000001714e00;
L_000000000170c6c0 .arith/div 32, L_000000000170e6a0, L_0000000001714e48;
L_000000000170e7e0 .arith/mod 32, L_000000000170c6c0, L_0000000001714e90;
L_000000000170c260 .arith/mod 32, L_000000000170e7e0, L_0000000001714ed8;
L_000000000170c300 .part L_000000000170c260, 0, 4;
L_000000000170c3a0 .concat [ 26 6 0 0], v00000000017073a0_0, L_0000000001714f20;
L_000000000170c440 .arith/div 32, L_000000000170c3a0, L_0000000001714f68;
L_000000000170c8a0 .arith/div 32, L_000000000170c440, L_0000000001714fb0;
L_000000000170c9e0 .arith/mod 32, L_000000000170c8a0, L_0000000001714ff8;
L_000000000170f960 .arith/div 32, L_000000000170c9e0, L_0000000001715040;
L_0000000001710fe0 .part L_000000000170f960, 0, 4;
L_000000000170f640 .concat [ 26 6 0 0], v00000000017073a0_0, L_0000000001715088;
L_000000000170ec40 .arith/div 32, L_000000000170f640, L_00000000017150d0;
L_000000000170f460 .arith/div 32, L_000000000170ec40, L_0000000001715118;
L_0000000001710900 .arith/div 32, L_000000000170f460, L_0000000001715160;
L_000000000170fc80 .arith/mod 32, L_0000000001710900, L_00000000017151a8;
L_000000000170f280 .arith/mod 32, L_000000000170fc80, L_00000000017151f0;
L_00000000017104a0 .part L_000000000170f280, 0, 4;
L_000000000170f1e0 .concat [ 26 6 0 0], v00000000017073a0_0, L_0000000001715238;
L_000000000170fa00 .arith/div 32, L_000000000170f1e0, L_0000000001715280;
L_000000000170fdc0 .arith/div 32, L_000000000170fa00, L_00000000017152c8;
L_000000000170fd20 .arith/div 32, L_000000000170fdc0, L_0000000001715310;
L_000000000170f8c0 .arith/mod 32, L_000000000170fd20, L_0000000001715358;
L_000000000170fbe0 .arith/div 32, L_000000000170f8c0, L_00000000017153a0;
L_0000000001710180 .part L_000000000170fbe0, 0, 4;
S_00000000016f27e0 .scope module, "db0" "pbdebounce" 2 61, 2 1 0, S_00000000016f2e20;
 .timescale 0 0;
    .port_info 0 /INPUT 1 "clk_1ms";
    .port_info 1 /INPUT 1 "I";
    .port_info 2 /OUTPUT 1 "O";
v00000000016f8850_0 .net "I", 0 0, L_000000000170db60;  1 drivers
v00000000016f8990_0 .var "O", 0 0;
v00000000016f8a30_0 .net "clk_1ms", 0 0, L_0000000001710cc0;  alias, 1 drivers
v00000000016f8b70_0 .var "pbshift", 7 0;
E_0000000001658ee0 .event posedge, v00000000016f8a30_0;
S_00000000016f2fb0 .scope module, "db1" "pbdebounce" 2 62, 2 1 0, S_00000000016f2e20;
 .timescale 0 0;
    .port_info 0 /INPUT 1 "clk_1ms";
    .port_info 1 /INPUT 1 "I";
    .port_info 2 /OUTPUT 1 "O";
v00000000016f6410_0 .net "I", 0 0, L_000000000170dde0;  1 drivers
v00000000016f97f0_0 .var "O", 0 0;
v00000000016f9bb0_0 .net "clk_1ms", 0 0, L_0000000001710cc0;  alias, 1 drivers
v00000000016fb050_0 .var "pbshift", 7 0;
S_00000000016f3140 .scope module, "db2" "pbdebounce" 2 63, 2 1 0, S_00000000016f2e20;
 .timescale 0 0;
    .port_info 0 /INPUT 1 "clk_1ms";
    .port_info 1 /INPUT 1 "I";
    .port_info 2 /OUTPUT 1 "O";
v00000000016f9a70_0 .net "I", 0 0, L_000000000170cee0;  1 drivers
v00000000016faf10_0 .var "O", 0 0;
v00000000016faa10_0 .net "clk_1ms", 0 0, L_0000000001710cc0;  alias, 1 drivers
v00000000016fa830_0 .var "pbshift", 7 0;
S_00000000016f3460 .scope module, "db3" "pbdebounce" 2 64, 2 1 0, S_00000000016f2e20;
 .timescale 0 0;
    .port_info 0 /INPUT 1 "clk_1ms";
    .port_info 1 /INPUT 1 "I";
    .port_info 2 /OUTPUT 1 "O";
v00000000016f92f0_0 .net "I", 0 0, L_000000000170cf80;  1 drivers
v00000000016fab50_0 .var "O", 0 0;
v00000000016f9430_0 .net "clk_1ms", 0 0, L_0000000001710cc0;  alias, 1 drivers
v00000000016fa970_0 .var "pbshift", 7 0;
S_00000000016f35f0 .scope module, "ctrl1" "LED_ctrl" 6 54, 9 1 0, S_0000000001183840;
 .timescale 0 0;
    .port_info 0 /INPUT 8 "I0";
    .port_info 1 /INPUT 8 "I1";
    .port_info 2 /INPUT 8 "I2";
    .port_info 3 /INPUT 8 "I3";
    .port_info 4 /INPUT 8 "I4";
    .port_info 5 /INPUT 8 "I5";
    .port_info 6 /INPUT 8 "I6";
    .port_info 7 /INPUT 8 "I7";
    .port_info 8 /INPUT 1 "start";
    .port_info 9 /INPUT 1 "clk";
    .port_info 10 /OUTPUT 1 "clk_LED";
    .port_info 11 /OUTPUT 1 "o_LED";
    .port_info 12 /OUTPUT 1 "clr_LED";
    .port_info 13 /OUTPUT 1 "EN_LED";
L_00000000017954d0 .functor BUFZ 1, v00000000017083e0_0, C4<0>, C4<0>, C4<0>;
L_00000000017955b0 .functor BUFZ 1, v00000000017097e0_0, C4<0>, C4<0>, C4<0>;
v0000000001708520_0 .net "EN_LED", 0 0, L_00000000017153e8;  alias, 1 drivers
v0000000001708fc0_0 .net "I0", 7 0, L_0000000001710720;  alias, 1 drivers
v0000000001709600_0 .net "I1", 7 0, L_000000000170fb40;  alias, 1 drivers
v00000000017082a0_0 .net "I2", 7 0, L_000000000170f500;  alias, 1 drivers
v0000000001708b60_0 .net "I3", 7 0, L_000000000170f3c0;  alias, 1 drivers
v0000000001707300_0 .net "I4", 7 0, L_000000000170f000;  alias, 1 drivers
v0000000001707bc0_0 .net "I5", 7 0, L_000000000170f0a0;  alias, 1 drivers
v0000000001707940_0 .net "I6", 7 0, L_0000000001712c00;  alias, 1 drivers
v0000000001708ca0_0 .net "I7", 7 0, L_0000000001711b20;  alias, 1 drivers
v0000000001708d40_0 .var "ST", 0 0;
v0000000001708020_0 .net "bits", 63 0, L_00000000017116c0;  1 drivers
v0000000001707c60_0 .net "clk", 0 0, L_0000000001713100;  1 drivers
v00000000017074e0_0 .net "clk_LED", 0 0, L_00000000017954d0;  alias, 1 drivers
v00000000017083e0_0 .var "clk_mid", 0 0;
v0000000001707f80_0 .net "clr_LED", 0 0, L_0000000001715430;  alias, 1 drivers
v00000000017079e0_0 .var "now", 5 0;
v0000000001708200_0 .net "o_LED", 0 0, L_00000000017955b0;  alias, 1 drivers
v0000000001708340_0 .var "old_start", 0 0;
v00000000017097e0_0 .var "outp", 0 0;
v0000000001707260_0 .net "start", 0 0, L_0000000001713600;  1 drivers
E_0000000001659d60 .event edge, v0000000001707c60_0;
E_0000000001659720 .event posedge, v0000000001707c60_0;
LS_00000000017116c0_0_0 .concat [ 8 8 8 8], L_0000000001710720, L_000000000170fb40, L_000000000170f500, L_000000000170f3c0;
LS_00000000017116c0_0_4 .concat [ 8 8 8 8], L_000000000170f000, L_000000000170f0a0, L_0000000001712c00, L_0000000001711b20;
L_00000000017116c0 .concat [ 32 32 0 0], LS_00000000017116c0_0_0, LS_00000000017116c0_0_4;
    .scope S_0000000001185b40;
T_0 ;
    %pushi/vec4 0, 0, 1;
    %store/vec4 v0000000001637940_0, 0, 1;
    %pushi/vec4 0, 0, 8;
    %store/vec4 v0000000001636ea0_0, 0, 8;
    %end;
    .thread T_0;
    .scope S_0000000001185b40;
T_1 ;
    %wait E_0000000001658620;
    %load/vec4 v0000000001636ea0_0;
    %ix/load 4, 1, 0;
    %flag_set/imm 4, 0;
    %shiftl 4;
    %store/vec4 v0000000001636ea0_0, 0, 8;
    %load/vec4 v0000000001635dc0_0;
    %ix/load 4, 0, 0;
    %flag_set/imm 4, 0;
    %store/vec4 v0000000001636ea0_0, 4, 1;
    %load/vec4 v0000000001636ea0_0;
    %cmpi/e 0, 0, 8;
    %jmp/0xz  T_1.0, 4;
    %pushi/vec4 0, 0, 1;
    %store/vec4 v0000000001637940_0, 0, 1;
T_1.0 ;
    %load/vec4 v0000000001636ea0_0;
    %cmpi/e 255, 0, 8;
    %jmp/0xz  T_1.2, 4;
    %pushi/vec4 1, 0, 1;
    %store/vec4 v0000000001637940_0, 0, 1;
T_1.2 ;
    %jmp T_1;
    .thread T_1;
    .scope S_0000000001185cd0;
T_2 ;
    %pushi/vec4 0, 0, 1;
    %store/vec4 v0000000001635fa0_0, 0, 1;
    %pushi/vec4 0, 0, 8;
    %store/vec4 v00000000016360e0_0, 0, 8;
    %end;
    .thread T_2;
    .scope S_0000000001185cd0;
T_3 ;
    %wait E_0000000001658620;
    %load/vec4 v00000000016360e0_0;
    %ix/load 4, 1, 0;
    %flag_set/imm 4, 0;
    %shiftl 4;
    %store/vec4 v00000000016360e0_0, 0, 8;
    %load/vec4 v00000000016364a0_0;
    %ix/load 4, 0, 0;
    %flag_set/imm 4, 0;
    %store/vec4 v00000000016360e0_0, 4, 1;
    %load/vec4 v00000000016360e0_0;
    %cmpi/e 0, 0, 8;
    %jmp/0xz  T_3.0, 4;
    %pushi/vec4 0, 0, 1;
    %store/vec4 v0000000001635fa0_0, 0, 1;
T_3.0 ;
    %load/vec4 v00000000016360e0_0;
    %cmpi/e 255, 0, 8;
    %jmp/0xz  T_3.2, 4;
    %pushi/vec4 1, 0, 1;
    %store/vec4 v0000000001635fa0_0, 0, 1;
T_3.2 ;
    %jmp T_3;
    .thread T_3;
    .scope S_00000000011a05f0;
T_4 ;
    %pushi/vec4 0, 0, 1;
    %store/vec4 v0000000001636f40_0, 0, 1;
    %pushi/vec4 0, 0, 8;
    %store/vec4 v00000000016380c0_0, 0, 8;
    %end;
    .thread T_4;
    .scope S_00000000011a05f0;
T_5 ;
    %wait E_0000000001658620;
    %load/vec4 v00000000016380c0_0;
    %ix/load 4, 1, 0;
    %flag_set/imm 4, 0;
    %shiftl 4;
    %store/vec4 v00000000016380c0_0, 0, 8;
    %load/vec4 v0000000001635e60_0;
    %ix/load 4, 0, 0;
    %flag_set/imm 4, 0;
    %store/vec4 v00000000016380c0_0, 4, 1;
    %load/vec4 v00000000016380c0_0;
    %cmpi/e 0, 0, 8;
    %jmp/0xz  T_5.0, 4;
    %pushi/vec4 0, 0, 1;
    %store/vec4 v0000000001636f40_0, 0, 1;
T_5.0 ;
    %load/vec4 v00000000016380c0_0;
    %cmpi/e 255, 0, 8;
    %jmp/0xz  T_5.2, 4;
    %pushi/vec4 1, 0, 1;
    %store/vec4 v0000000001636f40_0, 0, 1;
T_5.2 ;
    %jmp T_5;
    .thread T_5;
    .scope S_00000000011a0780;
T_6 ;
    %pushi/vec4 0, 0, 1;
    %store/vec4 v0000000001636fe0_0, 0, 1;
    %pushi/vec4 0, 0, 8;
    %store/vec4 v0000000001637a80_0, 0, 8;
    %end;
    .thread T_6;
    .scope S_00000000011a0780;
T_7 ;
    %wait E_0000000001658620;
    %load/vec4 v0000000001637a80_0;
    %ix/load 4, 1, 0;
    %flag_set/imm 4, 0;
    %shiftl 4;
    %store/vec4 v0000000001637a80_0, 0, 8;
    %load/vec4 v0000000001636b80_0;
    %ix/load 4, 0, 0;
    %flag_set/imm 4, 0;
    %store/vec4 v0000000001637a80_0, 4, 1;
    %load/vec4 v0000000001637a80_0;
    %cmpi/e 0, 0, 8;
    %jmp/0xz  T_7.0, 4;
    %pushi/vec4 0, 0, 1;
    %store/vec4 v0000000001636fe0_0, 0, 1;
T_7.0 ;
    %load/vec4 v0000000001637a80_0;
    %cmpi/e 255, 0, 8;
    %jmp/0xz  T_7.2, 4;
    %pushi/vec4 1, 0, 1;
    %store/vec4 v0000000001636fe0_0, 0, 1;
T_7.2 ;
    %jmp T_7;
    .thread T_7;
    .scope S_00000000016719e0;
T_8 ;
    %pushi/vec4 0, 0, 16;
    %split/vec4 4;
    %assign/vec4 v0000000001636360_0, 0;
    %split/vec4 4;
    %assign/vec4 v0000000001636400_0, 0;
    %split/vec4 4;
    %assign/vec4 v0000000001636860_0, 0;
    %assign/vec4 v0000000001636900_0, 0;
    %end;
    .thread T_8;
    .scope S_00000000016719e0;
T_9 ;
    %wait E_0000000001658560;
    %load/vec4 v00000000016369a0_0;
    %assign/vec4 v0000000001636360_0, 0;
    %jmp T_9;
    .thread T_9;
    .scope S_00000000016719e0;
T_10 ;
    %wait E_0000000001658420;
    %load/vec4 v00000000016371c0_0;
    %assign/vec4 v0000000001636400_0, 0;
    %jmp T_10;
    .thread T_10;
    .scope S_00000000016719e0;
T_11 ;
    %wait E_0000000001658fe0;
    %load/vec4 v0000000001636ae0_0;
    %assign/vec4 v0000000001636860_0, 0;
    %jmp T_11;
    .thread T_11;
    .scope S_00000000016719e0;
T_12 ;
    %wait E_0000000001658e20;
    %load/vec4 v0000000001638e80_0;
    %assign/vec4 v0000000001636900_0, 0;
    %jmp T_12;
    .thread T_12;
    .scope S_00000000016f2970;
T_13 ;
    %pushi/vec4 0, 0, 32;
    %assign/vec4 v00000000016f73b0_0, 0;
    %end;
    .thread T_13;
    .scope S_00000000016f2970;
T_14 ;
    %wait E_0000000001658ce0;
    %load/vec4 v00000000016f8710_0;
    %flag_set/vec4 8;
    %jmp/0xz  T_14.0, 8;
    %pushi/vec4 0, 0, 32;
    %assign/vec4 v00000000016f73b0_0, 0;
    %jmp T_14.1;
T_14.0 ;
    %load/vec4 v00000000016f73b0_0;
    %addi 1, 0, 32;
    %assign/vec4 v00000000016f73b0_0, 0;
T_14.1 ;
    %jmp T_14;
    .thread T_14;
    .scope S_00000000016f27e0;
T_15 ;
    %pushi/vec4 0, 0, 1;
    %store/vec4 v00000000016f8990_0, 0, 1;
    %pushi/vec4 0, 0, 8;
    %store/vec4 v00000000016f8b70_0, 0, 8;
    %end;
    .thread T_15;
    .scope S_00000000016f27e0;
T_16 ;
    %wait E_0000000001658ee0;
    %load/vec4 v00000000016f8b70_0;
    %ix/load 4, 1, 0;
    %flag_set/imm 4, 0;
    %shiftl 4;
    %store/vec4 v00000000016f8b70_0, 0, 8;
    %load/vec4 v00000000016f8850_0;
    %ix/load 4, 0, 0;
    %flag_set/imm 4, 0;
    %store/vec4 v00000000016f8b70_0, 4, 1;
    %load/vec4 v00000000016f8b70_0;
    %cmpi/e 0, 0, 8;
    %jmp/0xz  T_16.0, 4;
    %pushi/vec4 0, 0, 1;
    %store/vec4 v00000000016f8990_0, 0, 1;
T_16.0 ;
    %load/vec4 v00000000016f8b70_0;
    %cmpi/e 255, 0, 8;
    %jmp/0xz  T_16.2, 4;
    %pushi/vec4 1, 0, 1;
    %store/vec4 v00000000016f8990_0, 0, 1;
T_16.2 ;
    %jmp T_16;
    .thread T_16;
    .scope S_00000000016f2fb0;
T_17 ;
    %pushi/vec4 0, 0, 1;
    %store/vec4 v00000000016f97f0_0, 0, 1;
    %pushi/vec4 0, 0, 8;
    %store/vec4 v00000000016fb050_0, 0, 8;
    %end;
    .thread T_17;
    .scope S_00000000016f2fb0;
T_18 ;
    %wait E_0000000001658ee0;
    %load/vec4 v00000000016fb050_0;
    %ix/load 4, 1, 0;
    %flag_set/imm 4, 0;
    %shiftl 4;
    %store/vec4 v00000000016fb050_0, 0, 8;
    %load/vec4 v00000000016f6410_0;
    %ix/load 4, 0, 0;
    %flag_set/imm 4, 0;
    %store/vec4 v00000000016fb050_0, 4, 1;
    %load/vec4 v00000000016fb050_0;
    %cmpi/e 0, 0, 8;
    %jmp/0xz  T_18.0, 4;
    %pushi/vec4 0, 0, 1;
    %store/vec4 v00000000016f97f0_0, 0, 1;
T_18.0 ;
    %load/vec4 v00000000016fb050_0;
    %cmpi/e 255, 0, 8;
    %jmp/0xz  T_18.2, 4;
    %pushi/vec4 1, 0, 1;
    %store/vec4 v00000000016f97f0_0, 0, 1;
T_18.2 ;
    %jmp T_18;
    .thread T_18;
    .scope S_00000000016f3140;
T_19 ;
    %pushi/vec4 0, 0, 1;
    %store/vec4 v00000000016faf10_0, 0, 1;
    %pushi/vec4 0, 0, 8;
    %store/vec4 v00000000016fa830_0, 0, 8;
    %end;
    .thread T_19;
    .scope S_00000000016f3140;
T_20 ;
    %wait E_0000000001658ee0;
    %load/vec4 v00000000016fa830_0;
    %ix/load 4, 1, 0;
    %flag_set/imm 4, 0;
    %shiftl 4;
    %store/vec4 v00000000016fa830_0, 0, 8;
    %load/vec4 v00000000016f9a70_0;
    %ix/load 4, 0, 0;
    %flag_set/imm 4, 0;
    %store/vec4 v00000000016fa830_0, 4, 1;
    %load/vec4 v00000000016fa830_0;
    %cmpi/e 0, 0, 8;
    %jmp/0xz  T_20.0, 4;
    %pushi/vec4 0, 0, 1;
    %store/vec4 v00000000016faf10_0, 0, 1;
T_20.0 ;
    %load/vec4 v00000000016fa830_0;
    %cmpi/e 255, 0, 8;
    %jmp/0xz  T_20.2, 4;
    %pushi/vec4 1, 0, 1;
    %store/vec4 v00000000016faf10_0, 0, 1;
T_20.2 ;
    %jmp T_20;
    .thread T_20;
    .scope S_00000000016f3460;
T_21 ;
    %pushi/vec4 0, 0, 1;
    %store/vec4 v00000000016fab50_0, 0, 1;
    %pushi/vec4 0, 0, 8;
    %store/vec4 v00000000016fa970_0, 0, 8;
    %end;
    .thread T_21;
    .scope S_00000000016f3460;
T_22 ;
    %wait E_0000000001658ee0;
    %load/vec4 v00000000016fa970_0;
    %ix/load 4, 1, 0;
    %flag_set/imm 4, 0;
    %shiftl 4;
    %store/vec4 v00000000016fa970_0, 0, 8;
    %load/vec4 v00000000016f92f0_0;
    %ix/load 4, 0, 0;
    %flag_set/imm 4, 0;
    %store/vec4 v00000000016fa970_0, 4, 1;
    %load/vec4 v00000000016fa970_0;
    %cmpi/e 0, 0, 8;
    %jmp/0xz  T_22.0, 4;
    %pushi/vec4 0, 0, 1;
    %store/vec4 v00000000016fab50_0, 0, 1;
T_22.0 ;
    %load/vec4 v00000000016fa970_0;
    %cmpi/e 255, 0, 8;
    %jmp/0xz  T_22.2, 4;
    %pushi/vec4 1, 0, 1;
    %store/vec4 v00000000016fab50_0, 0, 1;
T_22.2 ;
    %jmp T_22;
    .thread T_22;
    .scope S_00000000016f2e20;
T_23 ;
    %pushi/vec4 0, 0, 1;
    %assign/vec4 v00000000017080c0_0, 0;
    %pushi/vec4 0, 0, 1;
    %assign/vec4 v0000000001709240_0, 0;
    %pushi/vec4 0, 0, 26;
    %assign/vec4 v00000000017073a0_0, 0;
    %pushi/vec4 0, 0, 1;
    %assign/vec4 v00000000016fa290_0, 0;
    %end;
    .thread T_23;
    .scope S_00000000016f2e20;
T_24 ;
    %wait E_00000000016587e0;
    %load/vec4 v0000000001708700_0;
    %parti/s 1, 0, 2;
    %assign/vec4 v00000000017080c0_0, 0;
    %load/vec4 v0000000001708700_0;
    %parti/s 1, 1, 2;
    %assign/vec4 v0000000001709240_0, 0;
    %load/vec4 v00000000017080c0_0;
    %pad/u 32;
    %pushi/vec4 0, 0, 32;
    %cmp/e;
    %flag_get/vec4 4;
    %load/vec4 v0000000001708700_0;
    %parti/s 1, 0, 2;
    %pad/u 32;
    %pushi/vec4 1, 0, 32;
    %cmp/e;
    %flag_get/vec4 4;
    %and;
    %flag_set/vec4 8;
    %jmp/0xz  T_24.0, 8;
    %pushi/vec4 0, 0, 26;
    %assign/vec4 v00000000017073a0_0, 0;
    %pushi/vec4 0, 0, 1;
    %assign/vec4 v00000000016fa290_0, 0;
    %jmp T_24.1;
T_24.0 ;
    %load/vec4 v0000000001709240_0;
    %pad/u 32;
    %pushi/vec4 0, 0, 32;
    %cmp/e;
    %flag_get/vec4 4;
    %load/vec4 v0000000001708700_0;
    %parti/s 1, 1, 2;
    %pad/u 32;
    %pushi/vec4 1, 0, 32;
    %cmp/e;
    %flag_get/vec4 4;
    %and;
    %flag_set/vec4 8;
    %jmp/0xz  T_24.2, 8;
    %load/vec4 v00000000016fa290_0;
    %pad/u 2;
    %pushi/vec4 1, 0, 2;
    %xor;
    %pad/u 1;
    %assign/vec4 v00000000016fa290_0, 0;
    %jmp T_24.3;
T_24.2 ;
    %load/vec4 v00000000017073a0_0;
    %pad/u 32;
    %load/vec4 v00000000016fa290_0;
    %pad/u 32;
    %add;
    %pushi/vec4 8640000, 0, 32;
    %mod;
    %pad/u 26;
    %assign/vec4 v00000000017073a0_0, 0;
T_24.3 ;
T_24.1 ;
    %jmp T_24;
    .thread T_24;
    .scope S_00000000016f35f0;
T_25 ;
    %pushi/vec4 0, 0, 1;
    %store/vec4 v0000000001708d40_0, 0, 1;
    %pushi/vec4 0, 0, 6;
    %store/vec4 v00000000017079e0_0, 0, 6;
    %pushi/vec4 0, 0, 1;
    %store/vec4 v00000000017097e0_0, 0, 1;
    %pushi/vec4 0, 0, 1;
    %store/vec4 v0000000001708340_0, 0, 1;
    %pushi/vec4 0, 0, 1;
    %store/vec4 v00000000017083e0_0, 0, 1;
    %end;
    .thread T_25;
    .scope S_00000000016f35f0;
T_26 ;
    %wait E_0000000001659720;
    %load/vec4 v0000000001707260_0;
    %assign/vec4 v0000000001708340_0, 0;
    %load/vec4 v0000000001708d40_0;
    %pad/u 32;
    %pushi/vec4 0, 0, 32;
    %cmp/e;
    %flag_get/vec4 4;
    %load/vec4 v0000000001708340_0;
    %pad/u 32;
    %pushi/vec4 0, 0, 32;
    %cmp/e;
    %flag_get/vec4 4;
    %and;
    %load/vec4 v0000000001707260_0;
    %pad/u 32;
    %pushi/vec4 1, 0, 32;
    %cmp/e;
    %flag_get/vec4 4;
    %and;
    %flag_set/vec4 8;
    %jmp/0xz  T_26.0, 8;
    %pushi/vec4 1, 0, 1;
    %assign/vec4 v0000000001708d40_0, 0;
    %pushi/vec4 63, 0, 6;
    %assign/vec4 v00000000017079e0_0, 0;
    %load/vec4 v0000000001708020_0;
    %parti/s 1, 63, 7;
    %assign/vec4 v00000000017097e0_0, 0;
    %jmp T_26.1;
T_26.0 ;
    %load/vec4 v0000000001708d40_0;
    %pad/u 32;
    %cmpi/e 1, 0, 32;
    %jmp/0xz  T_26.2, 4;
    %load/vec4 v00000000017079e0_0;
    %pad/u 32;
    %cmpi/e 0, 0, 32;
    %jmp/0xz  T_26.4, 4;
    %pushi/vec4 0, 0, 1;
    %assign/vec4 v0000000001708d40_0, 0;
    %jmp T_26.5;
T_26.4 ;
    %load/vec4 v00000000017079e0_0;
    %subi 1, 0, 6;
    %assign/vec4 v00000000017079e0_0, 0;
    %load/vec4 v0000000001708020_0;
    %load/vec4 v00000000017079e0_0;
    %pad/u 32;
    %subi 1, 0, 32;
    %part/u 1;
    %assign/vec4 v00000000017097e0_0, 0;
T_26.5 ;
T_26.2 ;
T_26.1 ;
    %jmp T_26;
    .thread T_26;
    .scope S_00000000016f35f0;
T_27 ;
    %wait E_0000000001659d60;
    %load/vec4 v0000000001708d40_0;
    %pad/u 32;
    %pushi/vec4 0, 0, 32;
    %cmp/e;
    %flag_get/vec4 4;
    %load/vec4 v0000000001708340_0;
    %pad/u 32;
    %pushi/vec4 0, 0, 32;
    %cmp/e;
    %flag_get/vec4 4;
    %load/vec4 v0000000001707260_0;
    %pad/u 32;
    %pushi/vec4 1, 0, 32;
    %cmp/e;
    %flag_get/vec4 4;
    %and;
    %nor/r;
    %and;
    %flag_set/vec4 8;
    %jmp/0 T_27.0, 8;
    %pushi/vec4 0, 0, 1;
    %jmp/1 T_27.1, 8;
T_27.0 ; End of true expr.
    %load/vec4 v0000000001707c60_0;
    %jmp/0 T_27.1, 8;
 ; End of false expr.
    %blend;
T_27.1;
    %assign/vec4 v00000000017083e0_0, 0;
    %jmp T_27;
    .thread T_27, $push;
    .scope S_0000000001183840;
T_28 ;
    %pushi/vec4 0, 0, 1;
    %assign/vec4 v0000000001707d00_0, 0;
    %end;
    .thread T_28;
    .scope S_00000000011c04f0;
T_29 ;
    %pushi/vec4 0, 0, 8;
    %store/vec4 v000000000170a6e0_0, 0, 8;
    %pushi/vec4 255, 0, 9;
    %store/vec4 v000000000170b9a0_0, 0, 9;
    %pushi/vec4 0, 0, 1;
    %store/vec4 v0000000001709ba0_0, 0, 1;
    %end;
    .thread T_29;
    .scope S_00000000011c04f0;
T_30 ;
    %delay 5, 0;
    %load/vec4 v0000000001709ba0_0;
    %inv;
    %store/vec4 v0000000001709ba0_0, 0, 1;
    %jmp T_30;
    .thread T_30;
    .scope S_00000000011c04f0;
T_31 ;
    %delay 5000, 0;
    %pushi/vec4 1, 0, 1;
    %ix/load 4, 0, 0;
    %flag_set/imm 4, 0;
    %store/vec4 v000000000170a6e0_0, 4, 1;
    %delay 10000, 0;
    %pushi/vec4 0, 0, 1;
    %ix/load 4, 0, 0;
    %flag_set/imm 4, 0;
    %store/vec4 v000000000170a6e0_0, 4, 1;
    %delay 5000, 0;
    %pushi/vec4 1, 0, 1;
    %ix/load 4, 1, 0;
    %flag_set/imm 4, 0;
    %store/vec4 v000000000170a6e0_0, 4, 1;
    %delay 5000, 0;
    %pushi/vec4 0, 0, 1;
    %ix/load 4, 1, 0;
    %flag_set/imm 4, 0;
    %store/vec4 v000000000170a6e0_0, 4, 1;
    %delay 1000000, 0;
    %pushi/vec4 1, 0, 1;
    %ix/load 4, 1, 0;
    %flag_set/imm 4, 0;
    %store/vec4 v000000000170a6e0_0, 4, 1;
    %delay 5000, 0;
    %pushi/vec4 0, 0, 1;
    %ix/load 4, 1, 0;
    %flag_set/imm 4, 0;
    %store/vec4 v000000000170a6e0_0, 4, 1;
    %delay 5000, 0;
    %pushi/vec4 1, 0, 1;
    %ix/load 4, 1, 0;
    %flag_set/imm 4, 0;
    %store/vec4 v000000000170a6e0_0, 4, 1;
    %delay 5000, 0;
    %pushi/vec4 0, 0, 1;
    %ix/load 4, 1, 0;
    %flag_set/imm 4, 0;
    %store/vec4 v000000000170a6e0_0, 4, 1;
    %end;
    .thread T_31;
    .scope S_00000000011c04f0;
T_32 ;
    %vpi_call 5 36 "$dumpfile", ".\134build\134wave.vcd" {0 0 0};
    %vpi_call 5 37 "$dumpvars", 32'sb00000000000000000000000000000000, S_00000000011c04f0 {0 0 0};
    %delay 1000000, 0;
    %vpi_call 5 38 "$finish" {0 0 0};
    %end;
    .thread T_32;
# The file index is used to find the file name in the following table.
:file_names 10;
    "N/A";
    "<interactive>";
    ".\src\createnumber.v";
    ".\src\display.v";
    ".\src\MUX41.v";
    ".\src\testbench_top.v";
    ".\src\top.v";
    ".\src\MyMC14495.v";
    ".\src\clkdiv.v";
    ".\src\LED.v";
