#! /usr/local/iverilog/bin/vvp
:ivl_version "11.0 (devel)" "(s20150603-642-g3bdb50da)";
:ivl_delay_selection "TYPICAL";
:vpi_time_precision - 9;
:vpi_module "system";
:vpi_module "vhdl_sys";
:vpi_module "vhdl_textio";
:vpi_module "v2005_math";
:vpi_module "va_math";
S_0000000001771b50 .scope module, "display_sync" "display_sync" 2 1;
 .timescale 0 0;
    .port_info 0 /INPUT 4 "I0";
    .port_info 1 /INPUT 4 "I1";
    .port_info 2 /INPUT 4 "I2";
    .port_info 3 /INPUT 4 "I3";
    .port_info 4 /INPUT 4 "points";
    .port_info 5 /INPUT 4 "LES";
    .port_info 6 /INPUT 2 "scan";
    .port_info 7 /OUTPUT 4 "Hex";
    .port_info 8 /OUTPUT 4 "AN";
    .port_info 9 /OUTPUT 1 "p";
    .port_info 10 /OUTPUT 1 "LE";
L_000000000180c960 .functor AND 1, L_00000000017f9bc0, L_00000000017fa660, C4<1>, C4<1>;
L_000000000180d990 .functor AND 1, L_00000000017f89a0, L_00000000017fae80, C4<1>, C4<1>;
L_000000000180ce30 .functor OR 1, L_000000000180c960, L_000000000180d990, C4<0>, C4<0>;
L_000000000180cab0 .functor AND 1, L_00000000017f98a0, L_00000000017fa700, C4<1>, C4<1>;
L_000000000180e020 .functor OR 1, L_000000000180ce30, L_000000000180cab0, C4<0>, C4<0>;
L_000000000180e170 .functor AND 1, L_00000000017f96c0, L_00000000017fad40, C4<1>, C4<1>;
L_000000000180e330 .functor OR 1, L_000000000180e020, L_000000000180e170, C4<0>, C4<0>;
L_000000000180d220 .functor AND 1, L_00000000017f9c60, L_00000000017fa340, C4<1>, C4<1>;
L_000000000180de60 .functor AND 1, L_00000000017f93a0, L_00000000017f9d00, C4<1>, C4<1>;
L_000000000180cc70 .functor OR 1, L_000000000180d220, L_000000000180de60, C4<0>, C4<0>;
L_000000000180d290 .functor AND 1, L_00000000017f9120, L_00000000017f8b80, C4<1>, C4<1>;
L_000000000180d4c0 .functor OR 1, L_000000000180cc70, L_000000000180d290, C4<0>, C4<0>;
L_000000000180cce0 .functor AND 1, L_00000000017f94e0, L_00000000017fade0, C4<1>, C4<1>;
L_000000000180e250 .functor OR 1, L_000000000180d4c0, L_000000000180cce0, C4<0>, C4<0>;
L_000000000180dae0 .functor NOT 4, L_00000000017faf20, C4<0000>, C4<0000>, C4<0000>;
v0000000001754f60_0 .net "AN", 3 0, L_000000000180dae0;  1 drivers
v0000000001755000_0 .net "Hex", 3 0, L_00000000017f9300;  1 drivers
o0000000001772338 .functor BUFZ 4, C4<zzzz>; HiZ drive
v00000000017551e0_0 .net "I0", 3 0, o0000000001772338;  0 drivers
o0000000001772368 .functor BUFZ 4, C4<zzzz>; HiZ drive
v0000000001755280_0 .net "I1", 3 0, o0000000001772368;  0 drivers
o0000000001772398 .functor BUFZ 4, C4<zzzz>; HiZ drive
v00000000017550a0_0 .net "I2", 3 0, o0000000001772398;  0 drivers
o00000000017723c8 .functor BUFZ 4, C4<zzzz>; HiZ drive
v000000000174f560_0 .net "I3", 3 0, o00000000017723c8;  0 drivers
v000000000174ea20_0 .net "LE", 0 0, L_000000000180e250;  1 drivers
o0000000001773478 .functor BUFZ 4, C4<zzzz>; HiZ drive
v000000000174fba0_0 .net "LES", 3 0, o0000000001773478;  0 drivers
v000000000174dda0_0 .net "M", 3 0, L_00000000017faf20;  1 drivers
v000000000174dc60_0 .net *"_s1", 0 0, L_00000000017f9bc0;  1 drivers
v000000000174e340_0 .net *"_s10", 0 0, L_000000000180d990;  1 drivers
v000000000174fa60_0 .net *"_s12", 0 0, L_000000000180ce30;  1 drivers
v000000000174dd00_0 .net *"_s15", 0 0, L_00000000017f98a0;  1 drivers
v000000000174f240_0 .net *"_s17", 0 0, L_00000000017fa700;  1 drivers
v000000000174ede0_0 .net *"_s18", 0 0, L_000000000180cab0;  1 drivers
v000000000174d760_0 .net *"_s20", 0 0, L_000000000180e020;  1 drivers
v000000000174e980_0 .net *"_s23", 0 0, L_00000000017f96c0;  1 drivers
v000000000174d440_0 .net *"_s25", 0 0, L_00000000017fad40;  1 drivers
v000000000174d4e0_0 .net *"_s26", 0 0, L_000000000180e170;  1 drivers
v000000000174fb00_0 .net *"_s3", 0 0, L_00000000017fa660;  1 drivers
v000000000174f380_0 .net *"_s31", 0 0, L_00000000017f9c60;  1 drivers
v000000000174d8a0_0 .net *"_s33", 0 0, L_00000000017fa340;  1 drivers
v000000000174f2e0_0 .net *"_s34", 0 0, L_000000000180d220;  1 drivers
v000000000174db20_0 .net *"_s37", 0 0, L_00000000017f93a0;  1 drivers
v000000000174d580_0 .net *"_s39", 0 0, L_00000000017f9d00;  1 drivers
v000000000174e3e0_0 .net *"_s4", 0 0, L_000000000180c960;  1 drivers
v000000000174d620_0 .net *"_s40", 0 0, L_000000000180de60;  1 drivers
v000000000174f420_0 .net *"_s42", 0 0, L_000000000180cc70;  1 drivers
v000000000174f740_0 .net *"_s45", 0 0, L_00000000017f9120;  1 drivers
v000000000174e520_0 .net *"_s47", 0 0, L_00000000017f8b80;  1 drivers
v000000000174d6c0_0 .net *"_s48", 0 0, L_000000000180d290;  1 drivers
v000000000174f060_0 .net *"_s50", 0 0, L_000000000180d4c0;  1 drivers
v000000000174e480_0 .net *"_s53", 0 0, L_00000000017f94e0;  1 drivers
v000000000174e840_0 .net *"_s55", 0 0, L_00000000017fade0;  1 drivers
v000000000174ec00_0 .net *"_s56", 0 0, L_000000000180cce0;  1 drivers
v000000000174e5c0_0 .net *"_s7", 0 0, L_00000000017f89a0;  1 drivers
v000000000174f100_0 .net *"_s9", 0 0, L_00000000017fae80;  1 drivers
v000000000174f4c0_0 .net "p", 0 0, L_000000000180e330;  1 drivers
o0000000001773a18 .functor BUFZ 4, C4<zzzz>; HiZ drive
v000000000174e020_0 .net "points", 3 0, o0000000001773a18;  0 drivers
o00000000017722a8 .functor BUFZ 2, C4<zz>; HiZ drive
v000000000174e0c0_0 .net "scan", 1 0, o00000000017722a8;  0 drivers
L_00000000017f9bc0 .part L_00000000017faf20, 0, 1;
L_00000000017fa660 .part o0000000001773a18, 0, 1;
L_00000000017f89a0 .part L_00000000017faf20, 1, 1;
L_00000000017fae80 .part o0000000001773a18, 1, 1;
L_00000000017f98a0 .part L_00000000017faf20, 2, 1;
L_00000000017fa700 .part o0000000001773a18, 2, 1;
L_00000000017f96c0 .part L_00000000017faf20, 3, 1;
L_00000000017fad40 .part o0000000001773a18, 3, 1;
L_00000000017f9c60 .part L_00000000017faf20, 0, 1;
L_00000000017fa340 .part o0000000001773478, 0, 1;
L_00000000017f93a0 .part L_00000000017faf20, 1, 1;
L_00000000017f9d00 .part o0000000001773478, 1, 1;
L_00000000017f9120 .part L_00000000017faf20, 2, 1;
L_00000000017f8b80 .part o0000000001773478, 2, 1;
L_00000000017f94e0 .part L_00000000017faf20, 3, 1;
L_00000000017fade0 .part o0000000001773478, 3, 1;
S_00000000012d4b80 .scope module, "Muxb4" "Mux_4_1_b4" 2 7, 3 12 0, S_0000000001771b50;
 .timescale 0 0;
    .port_info 0 /INPUT 2 "s";
    .port_info 1 /INPUT 4 "I0";
    .port_info 2 /INPUT 4 "I1";
    .port_info 3 /INPUT 4 "I2";
    .port_info 4 /INPUT 4 "I3";
    .port_info 5 /OUTPUT 4 "o";
L_000000000173a150 .functor AND 1, L_00000000017f6ba0, L_00000000017f6d80, C4<1>, C4<1>;
L_0000000001739d60 .functor AND 1, L_00000000017f7d20, L_00000000017f7a00, C4<1>, C4<1>;
L_0000000001739b30 .functor OR 1, L_000000000173a150, L_0000000001739d60, C4<0>, C4<0>;
L_0000000001320450 .functor AND 1, L_00000000017f7780, L_00000000017f8680, C4<1>, C4<1>;
L_0000000001320060 .functor OR 1, L_0000000001739b30, L_0000000001320450, C4<0>, C4<0>;
L_0000000001320a70 .functor AND 1, L_00000000017f8720, L_00000000017f7820, C4<1>, C4<1>;
L_000000000131ff80 .functor OR 1, L_0000000001320060, L_0000000001320a70, C4<0>, C4<0>;
L_0000000001320d10 .functor AND 1, L_00000000017f8220, L_00000000017f6600, C4<1>, C4<1>;
L_000000000180cf80 .functor AND 1, L_00000000017f62e0, L_00000000017f7dc0, C4<1>, C4<1>;
L_000000000180d060 .functor OR 1, L_0000000001320d10, L_000000000180cf80, C4<0>, C4<0>;
L_000000000180d5a0 .functor AND 1, L_00000000017f7f00, L_00000000017f7fa0, C4<1>, C4<1>;
L_000000000180cb20 .functor OR 1, L_000000000180d060, L_000000000180d5a0, C4<0>, C4<0>;
L_000000000180dc30 .functor AND 1, L_00000000017f82c0, L_00000000017f8040, C4<1>, C4<1>;
L_000000000180d140 .functor OR 1, L_000000000180cb20, L_000000000180dc30, C4<0>, C4<0>;
L_000000000180e1e0 .functor AND 1, L_00000000017f87c0, L_00000000017f8860, C4<1>, C4<1>;
L_000000000180d680 .functor AND 1, L_00000000017f6560, L_00000000017f6380, C4<1>, C4<1>;
L_000000000180dca0 .functor OR 1, L_000000000180e1e0, L_000000000180d680, C4<0>, C4<0>;
L_000000000180dd10 .functor AND 1, L_00000000017f66a0, L_00000000017f6740, C4<1>, C4<1>;
L_000000000180d8b0 .functor OR 1, L_000000000180dca0, L_000000000180dd10, C4<0>, C4<0>;
L_000000000180cdc0 .functor AND 1, L_00000000017f67e0, L_00000000017f8ae0, C4<1>, C4<1>;
L_000000000180ca40 .functor OR 1, L_000000000180d8b0, L_000000000180cdc0, C4<0>, C4<0>;
L_000000000180cd50 .functor AND 1, L_00000000017faca0, L_00000000017f9a80, C4<1>, C4<1>;
L_000000000180cb90 .functor AND 1, L_00000000017f99e0, L_00000000017f91c0, C4<1>, C4<1>;
L_000000000180dd80 .functor OR 1, L_000000000180cd50, L_000000000180cb90, C4<0>, C4<0>;
L_000000000180e4f0 .functor AND 1, L_00000000017f9260, L_00000000017f9b20, C4<1>, C4<1>;
L_000000000180e480 .functor OR 1, L_000000000180dd80, L_000000000180e4f0, C4<0>, C4<0>;
L_000000000180e090 .functor AND 1, L_00000000017f9940, L_00000000017f8e00, C4<1>, C4<1>;
L_000000000180d840 .functor OR 1, L_000000000180e480, L_000000000180e090, C4<0>, C4<0>;
v00000000017505a0_0 .net "I0", 3 0, o0000000001772338;  alias, 0 drivers
v00000000017506e0_0 .net "I1", 3 0, o0000000001772368;  alias, 0 drivers
v00000000017514a0_0 .net "I2", 3 0, o0000000001772398;  alias, 0 drivers
v0000000001751680_0 .net "I3", 3 0, o00000000017723c8;  alias, 0 drivers
v00000000017517c0_0 .net "Muxer", 3 0, L_00000000017f7500;  1 drivers
v000000000174fe20_0 .net *"_s100", 0 0, L_00000000017faca0;  1 drivers
v0000000001751c20_0 .net *"_s102", 0 0, L_00000000017f9a80;  1 drivers
v0000000001751860_0 .net *"_s103", 0 0, L_000000000180cd50;  1 drivers
v00000000017519a0_0 .net *"_s106", 0 0, L_00000000017f99e0;  1 drivers
v0000000001751ae0_0 .net *"_s108", 0 0, L_00000000017f91c0;  1 drivers
v0000000001751d60_0 .net *"_s109", 0 0, L_000000000180cb90;  1 drivers
v0000000001751e00_0 .net *"_s11", 0 0, L_00000000017f7a00;  1 drivers
v0000000001751ea0_0 .net *"_s111", 0 0, L_000000000180dd80;  1 drivers
v0000000001752120_0 .net *"_s114", 0 0, L_00000000017f9260;  1 drivers
v0000000001754a60_0 .net *"_s116", 0 0, L_00000000017f9b20;  1 drivers
v0000000001752c60_0 .net *"_s117", 0 0, L_000000000180e4f0;  1 drivers
v0000000001754240_0 .net *"_s119", 0 0, L_000000000180e480;  1 drivers
v00000000017530c0_0 .net *"_s12", 0 0, L_0000000001739d60;  1 drivers
v0000000001753fc0_0 .net *"_s122", 0 0, L_00000000017f9940;  1 drivers
v00000000017533e0_0 .net *"_s124", 0 0, L_00000000017f8e00;  1 drivers
v0000000001754ba0_0 .net *"_s125", 0 0, L_000000000180e090;  1 drivers
v0000000001752440_0 .net *"_s127", 0 0, L_000000000180d840;  1 drivers
v0000000001754b00_0 .net *"_s14", 0 0, L_0000000001739b30;  1 drivers
v0000000001754380_0 .net *"_s17", 0 0, L_00000000017f7780;  1 drivers
v00000000017528a0_0 .net *"_s19", 0 0, L_00000000017f8680;  1 drivers
v00000000017542e0_0 .net *"_s20", 0 0, L_0000000001320450;  1 drivers
v0000000001752b20_0 .net *"_s22", 0 0, L_0000000001320060;  1 drivers
v00000000017524e0_0 .net *"_s25", 0 0, L_00000000017f8720;  1 drivers
v0000000001753340_0 .net *"_s27", 0 0, L_00000000017f7820;  1 drivers
v0000000001752580_0 .net *"_s28", 0 0, L_0000000001320a70;  1 drivers
v0000000001754420_0 .net *"_s3", 0 0, L_00000000017f6ba0;  1 drivers
v0000000001754740_0 .net *"_s30", 0 0, L_000000000131ff80;  1 drivers
v0000000001753520_0 .net *"_s35", 0 0, L_00000000017f8220;  1 drivers
v0000000001752620_0 .net *"_s37", 0 0, L_00000000017f6600;  1 drivers
v0000000001754060_0 .net *"_s38", 0 0, L_0000000001320d10;  1 drivers
v0000000001753480_0 .net *"_s41", 0 0, L_00000000017f62e0;  1 drivers
v0000000001753840_0 .net *"_s43", 0 0, L_00000000017f7dc0;  1 drivers
v0000000001753c00_0 .net *"_s44", 0 0, L_000000000180cf80;  1 drivers
v00000000017535c0_0 .net *"_s46", 0 0, L_000000000180d060;  1 drivers
v0000000001754100_0 .net *"_s49", 0 0, L_00000000017f7f00;  1 drivers
v00000000017544c0_0 .net *"_s5", 0 0, L_00000000017f6d80;  1 drivers
v0000000001752bc0_0 .net *"_s51", 0 0, L_00000000017f7fa0;  1 drivers
v00000000017538e0_0 .net *"_s52", 0 0, L_000000000180d5a0;  1 drivers
v0000000001754880_0 .net *"_s54", 0 0, L_000000000180cb20;  1 drivers
v00000000017549c0_0 .net *"_s57", 0 0, L_00000000017f82c0;  1 drivers
v00000000017547e0_0 .net *"_s59", 0 0, L_00000000017f8040;  1 drivers
v0000000001753de0_0 .net *"_s6", 0 0, L_000000000173a150;  1 drivers
v00000000017526c0_0 .net *"_s60", 0 0, L_000000000180dc30;  1 drivers
v0000000001753700_0 .net *"_s62", 0 0, L_000000000180d140;  1 drivers
v0000000001753660_0 .net *"_s67", 0 0, L_00000000017f87c0;  1 drivers
v0000000001753980_0 .net *"_s69", 0 0, L_00000000017f8860;  1 drivers
v0000000001753a20_0 .net *"_s70", 0 0, L_000000000180e1e0;  1 drivers
v0000000001753ca0_0 .net *"_s73", 0 0, L_00000000017f6560;  1 drivers
v0000000001752940_0 .net *"_s75", 0 0, L_00000000017f6380;  1 drivers
v00000000017532a0_0 .net *"_s76", 0 0, L_000000000180d680;  1 drivers
v0000000001752d00_0 .net *"_s78", 0 0, L_000000000180dca0;  1 drivers
v0000000001753f20_0 .net *"_s81", 0 0, L_00000000017f66a0;  1 drivers
v00000000017541a0_0 .net *"_s83", 0 0, L_00000000017f6740;  1 drivers
v0000000001754920_0 .net *"_s84", 0 0, L_000000000180dd10;  1 drivers
v0000000001752760_0 .net *"_s86", 0 0, L_000000000180d8b0;  1 drivers
v0000000001752800_0 .net *"_s89", 0 0, L_00000000017f67e0;  1 drivers
v0000000001753200_0 .net *"_s9", 0 0, L_00000000017f7d20;  1 drivers
v0000000001754560_0 .net *"_s91", 0 0, L_00000000017f8ae0;  1 drivers
v00000000017529e0_0 .net *"_s92", 0 0, L_000000000180cdc0;  1 drivers
v0000000001752a80_0 .net *"_s94", 0 0, L_000000000180ca40;  1 drivers
v00000000017537a0_0 .net "o", 3 0, L_00000000017f9300;  alias, 1 drivers
v0000000001752da0_0 .net "s", 1 0, o00000000017722a8;  alias, 0 drivers
L_00000000017f6ba0 .part L_00000000017f7500, 0, 1;
L_00000000017f6d80 .part o0000000001772338, 0, 1;
L_00000000017f7d20 .part L_00000000017f7500, 1, 1;
L_00000000017f7a00 .part o0000000001772368, 0, 1;
L_00000000017f7780 .part L_00000000017f7500, 2, 1;
L_00000000017f8680 .part o0000000001772398, 0, 1;
L_00000000017f8720 .part L_00000000017f7500, 3, 1;
L_00000000017f7820 .part o00000000017723c8, 0, 1;
L_00000000017f8220 .part L_00000000017f7500, 0, 1;
L_00000000017f6600 .part o0000000001772338, 1, 1;
L_00000000017f62e0 .part L_00000000017f7500, 1, 1;
L_00000000017f7dc0 .part o0000000001772368, 1, 1;
L_00000000017f7f00 .part L_00000000017f7500, 2, 1;
L_00000000017f7fa0 .part o0000000001772398, 1, 1;
L_00000000017f82c0 .part L_00000000017f7500, 3, 1;
L_00000000017f8040 .part o00000000017723c8, 1, 1;
L_00000000017f87c0 .part L_00000000017f7500, 0, 1;
L_00000000017f8860 .part o0000000001772338, 2, 1;
L_00000000017f6560 .part L_00000000017f7500, 1, 1;
L_00000000017f6380 .part o0000000001772368, 2, 1;
L_00000000017f66a0 .part L_00000000017f7500, 2, 1;
L_00000000017f6740 .part o0000000001772398, 2, 1;
L_00000000017f67e0 .part L_00000000017f7500, 3, 1;
L_00000000017f8ae0 .part o00000000017723c8, 2, 1;
L_00000000017f9300 .concat8 [ 1 1 1 1], L_000000000131ff80, L_000000000180d140, L_000000000180ca40, L_000000000180d840;
L_00000000017faca0 .part L_00000000017f7500, 0, 1;
L_00000000017f9a80 .part o0000000001772338, 3, 1;
L_00000000017f99e0 .part L_00000000017f7500, 1, 1;
L_00000000017f91c0 .part o0000000001772368, 3, 1;
L_00000000017f9260 .part L_00000000017f7500, 2, 1;
L_00000000017f9b20 .part o0000000001772398, 3, 1;
L_00000000017f9940 .part L_00000000017f7500, 3, 1;
L_00000000017f8e00 .part o00000000017723c8, 3, 1;
S_00000000012a5bd0 .scope module, "Decoder" "decoder_2_4" 3 18, 3 1 0, S_00000000012d4b80;
 .timescale 0 0;
    .port_info 0 /INPUT 2 "s";
    .port_info 1 /OUTPUT 4 "outp";
L_000000000173a000 .functor NOT 1, L_00000000017f8360, C4<0>, C4<0>, C4<0>;
L_000000000173a070 .functor NOT 1, L_00000000017f7960, C4<0>, C4<0>, C4<0>;
L_0000000001739c10 .functor AND 1, L_000000000173a000, L_000000000173a070, C4<1>, C4<1>;
L_0000000001739dd0 .functor NOT 1, L_00000000017f7460, C4<0>, C4<0>, C4<0>;
L_0000000001739e40 .functor AND 1, L_00000000017f6b00, L_0000000001739dd0, C4<1>, C4<1>;
L_0000000001739ba0 .functor NOT 1, L_00000000017f8540, C4<0>, C4<0>, C4<0>;
L_000000000173a0e0 .functor AND 1, L_0000000001739ba0, L_00000000017f6240, C4<1>, C4<1>;
L_0000000001739cf0 .functor AND 1, L_00000000017f75a0, L_00000000017f76e0, C4<1>, C4<1>;
v0000000001752300_0 .net *"_s10", 0 0, L_0000000001739c10;  1 drivers
v0000000001750000_0 .net *"_s15", 0 0, L_00000000017f6b00;  1 drivers
v000000000174fd80_0 .net *"_s17", 0 0, L_00000000017f7460;  1 drivers
v0000000001750e60_0 .net *"_s18", 0 0, L_0000000001739dd0;  1 drivers
v0000000001750820_0 .net *"_s20", 0 0, L_0000000001739e40;  1 drivers
v0000000001751220_0 .net *"_s25", 0 0, L_00000000017f8540;  1 drivers
v000000000174ff60_0 .net *"_s26", 0 0, L_0000000001739ba0;  1 drivers
v0000000001751720_0 .net *"_s29", 0 0, L_00000000017f6240;  1 drivers
v00000000017501e0_0 .net *"_s3", 0 0, L_00000000017f8360;  1 drivers
v0000000001751040_0 .net *"_s30", 0 0, L_000000000173a0e0;  1 drivers
v00000000017512c0_0 .net *"_s36", 0 0, L_00000000017f75a0;  1 drivers
v00000000017503c0_0 .net *"_s38", 0 0, L_00000000017f76e0;  1 drivers
v0000000001750460_0 .net *"_s39", 0 0, L_0000000001739cf0;  1 drivers
v0000000001751fe0_0 .net *"_s4", 0 0, L_000000000173a000;  1 drivers
v0000000001750500_0 .net *"_s7", 0 0, L_00000000017f7960;  1 drivers
v0000000001752260_0 .net *"_s8", 0 0, L_000000000173a070;  1 drivers
v0000000001751360_0 .net "outp", 3 0, L_00000000017f7500;  alias, 1 drivers
v0000000001751400_0 .net "s", 1 0, o00000000017722a8;  alias, 0 drivers
L_00000000017f8360 .part o00000000017722a8, 0, 1;
L_00000000017f7960 .part o00000000017722a8, 1, 1;
L_00000000017f6b00 .part o00000000017722a8, 0, 1;
L_00000000017f7460 .part o00000000017722a8, 1, 1;
L_00000000017f8540 .part o00000000017722a8, 0, 1;
L_00000000017f6240 .part o00000000017722a8, 1, 1;
L_00000000017f7500 .concat8 [ 1 1 1 1], L_0000000001739c10, L_0000000001739e40, L_000000000173a0e0, L_0000000001739cf0;
L_00000000017f75a0 .part o00000000017722a8, 0, 1;
L_00000000017f76e0 .part o00000000017722a8, 1, 1;
S_00000000012a5d60 .scope module, "d24_1" "decoder_2_4" 2 10, 3 1 0, S_0000000001771b50;
 .timescale 0 0;
    .port_info 0 /INPUT 2 "s";
    .port_info 1 /OUTPUT 4 "outp";
L_000000000180dfb0 .functor NOT 1, L_00000000017fa5c0, C4<0>, C4<0>, C4<0>;
L_000000000180d0d0 .functor NOT 1, L_00000000017f8fe0, C4<0>, C4<0>, C4<0>;
L_000000000180c9d0 .functor AND 1, L_000000000180dfb0, L_000000000180d0d0, C4<1>, C4<1>;
L_000000000180e100 .functor NOT 1, L_00000000017f9440, C4<0>, C4<0>, C4<0>;
L_000000000180ddf0 .functor AND 1, L_00000000017f8d60, L_000000000180e100, C4<1>, C4<1>;
L_000000000180d7d0 .functor NOT 1, L_00000000017f9080, C4<0>, C4<0>, C4<0>;
L_000000000180cc00 .functor AND 1, L_000000000180d7d0, L_00000000017fa8e0, C4<1>, C4<1>;
L_000000000180d1b0 .functor AND 1, L_00000000017fa7a0, L_00000000017f9e40, C4<1>, C4<1>;
v0000000001752f80_0 .net *"_s10", 0 0, L_000000000180c9d0;  1 drivers
v0000000001754600_0 .net *"_s15", 0 0, L_00000000017f8d60;  1 drivers
v0000000001753ac0_0 .net *"_s17", 0 0, L_00000000017f9440;  1 drivers
v0000000001752e40_0 .net *"_s18", 0 0, L_000000000180e100;  1 drivers
v00000000017546a0_0 .net *"_s20", 0 0, L_000000000180ddf0;  1 drivers
v0000000001753b60_0 .net *"_s25", 0 0, L_00000000017f9080;  1 drivers
v0000000001753d40_0 .net *"_s26", 0 0, L_000000000180d7d0;  1 drivers
v0000000001753e80_0 .net *"_s29", 0 0, L_00000000017fa8e0;  1 drivers
v0000000001752ee0_0 .net *"_s3", 0 0, L_00000000017fa5c0;  1 drivers
v0000000001753020_0 .net *"_s30", 0 0, L_000000000180cc00;  1 drivers
v0000000001753160_0 .net *"_s36", 0 0, L_00000000017fa7a0;  1 drivers
v0000000001754ce0_0 .net *"_s38", 0 0, L_00000000017f9e40;  1 drivers
v0000000001754d80_0 .net *"_s39", 0 0, L_000000000180d1b0;  1 drivers
v0000000001754e20_0 .net *"_s4", 0 0, L_000000000180dfb0;  1 drivers
v0000000001755320_0 .net *"_s7", 0 0, L_00000000017f8fe0;  1 drivers
v0000000001755140_0 .net *"_s8", 0 0, L_000000000180d0d0;  1 drivers
v0000000001754ec0_0 .net "outp", 3 0, L_00000000017faf20;  alias, 1 drivers
v0000000001754c40_0 .net "s", 1 0, o00000000017722a8;  alias, 0 drivers
L_00000000017fa5c0 .part o00000000017722a8, 0, 1;
L_00000000017f8fe0 .part o00000000017722a8, 1, 1;
L_00000000017f8d60 .part o00000000017722a8, 0, 1;
L_00000000017f9440 .part o00000000017722a8, 1, 1;
L_00000000017f9080 .part o00000000017722a8, 0, 1;
L_00000000017fa8e0 .part o00000000017722a8, 1, 1;
L_00000000017faf20 .concat8 [ 1 1 1 1], L_000000000180c9d0, L_000000000180ddf0, L_000000000180cc00, L_000000000180d1b0;
L_00000000017fa7a0 .part o00000000017722a8, 0, 1;
L_00000000017f9e40 .part o00000000017722a8, 1, 1;
S_00000000012d49f0 .scope module, "uut" "uut" 4 3;
 .timescale -9 -9;
o0000000001781128 .functor BUFZ 4, C4<zzzz>; HiZ drive
v00000000017f6e20_0 .net "AN", 3 0, o0000000001781128;  0 drivers
v00000000017f78c0_0 .net "BTNX4", 0 0, L_000000000180e2c0;  1 drivers
v00000000017f7000_0 .net "SEGMENT", 7 0, L_00000000017fcbe0;  1 drivers
v00000000017f7c80_0 .var "SW", 8 0;
v00000000017f7320_0 .var "btn", 7 0;
v00000000017f61a0_0 .var "clk", 0 0;
L_00000000017fb2e0 .part v00000000017f7320_0, 0, 4;
S_00000000012bb820 .scope module, "uut0" "top" 4 18, 5 1 0, S_00000000012d49f0;
 .timescale 0 0;
    .port_info 0 /INPUT 4 "btn";
    .port_info 1 /INPUT 1 "clk";
    .port_info 2 /INPUT 9 "SW";
    .port_info 3 /OUTPUT 4 "AN";
    .port_info 4 /OUTPUT 8 "SEGMENT";
    .port_info 5 /OUTPUT 1 "clk_LED";
    .port_info 6 /OUTPUT 1 "o_LED";
    .port_info 7 /OUTPUT 1 "clr_LED";
    .port_info 8 /OUTPUT 1 "EN_LED";
    .port_info 9 /OUTPUT 1 "BTNX4";
    .port_info 10 /OUTPUT 1 "Ring";
L_000000000180e2c0 .functor BUFZ 1, v00000000017f5020_0, C4<0>, C4<0>, C4<0>;
L_000000000180cea0 .functor BUFZ 1, v00000000017f5020_0, C4<0>, C4<0>, C4<0>;
L_000000000180df40 .functor BUFZ 1, v00000000017f5020_0, C4<0>, C4<0>, C4<0>;
v00000000017f4440_0 .net "AN", 3 0, o0000000001781128;  alias, 0 drivers
v00000000017f48a0_0 .net "BTNX4", 0 0, L_000000000180e2c0;  alias, 1 drivers
v00000000017f4940_0 .net "EN_LED", 0 0, v00000000017f3040_0;  1 drivers
v00000000017f5020_0 .var "GND", 0 0;
L_0000000001812d48 .functor BUFT 1, C4<0000>, C4<0>, C4<0>, C4<0>;
v00000000017f50c0_0 .net "Hex", 3 0, L_0000000001812d48;  1 drivers
v00000000017f5160_0 .net "I0", 3 0, v00000000017f5200_0;  1 drivers
v00000000017f5840_0 .net "I1", 3 0, v00000000017f46c0_0;  1 drivers
v00000000017f71e0_0 .net "I2", 3 0, v00000000017f5de0_0;  1 drivers
v00000000017f6880_0 .net "I3", 3 0, v00000000017f5e80_0;  1 drivers
v00000000017f6f60_0 .net "I4", 3 0, v00000000017f44e0_0;  1 drivers
v00000000017f7b40_0 .net "I5", 3 0, v00000000017f3ae0_0;  1 drivers
v00000000017f6c40_0 .net "I6", 3 0, v00000000017f4120_0;  1 drivers
v00000000017f80e0_0 .net "I7", 3 0, v00000000017f3b80_0;  1 drivers
L_0000000001812dd8 .functor BUFT 1, C4<0>, C4<0>, C4<0>, C4<0>;
v00000000017f73c0_0 .net "LE", 0 0, L_0000000001812dd8;  1 drivers
L_0000000001812d90 .functor BUFT 1, C4<0>, C4<0>, C4<0>, C4<0>;
v00000000017f8400_0 .net "P", 0 0, L_0000000001812d90;  1 drivers
v00000000017f69c0_0 .net "RST", 0 0, L_000000000180cea0;  1 drivers
v00000000017f64c0_0 .net "Ring", 0 0, L_000000000180df40;  1 drivers
v00000000017f6ec0_0 .net "S0", 7 0, L_00000000017fc280;  1 drivers
v00000000017f84a0_0 .net "S1", 7 0, L_00000000017fb7e0;  1 drivers
v00000000017f7280_0 .net "S2", 7 0, L_00000000017fba60;  1 drivers
v00000000017f6ce0_0 .net "S3", 7 0, L_00000000017fb420;  1 drivers
v00000000017f7aa0_0 .net "S4", 7 0, L_00000000017fd180;  1 drivers
v00000000017f7140_0 .net "S5", 7 0, L_00000000017fc3c0;  1 drivers
v00000000017f7e60_0 .net "S6", 7 0, L_00000000017fc500;  1 drivers
v00000000017f8180_0 .net "S7", 7 0, L_00000000017fc8c0;  1 drivers
v00000000017f6920_0 .net "SEGMENT", 7 0, L_00000000017fcbe0;  alias, 1 drivers
v00000000017f7640_0 .net "SW", 8 0, v00000000017f7c80_0;  1 drivers
v00000000017f85e0_0 .net "btn", 3 0, L_00000000017fb2e0;  1 drivers
v00000000017f6a60_0 .net "clk", 0 0, v00000000017f61a0_0;  1 drivers
v00000000017f6420_0 .net "clk_LED", 0 0, L_000000000187d5c0;  1 drivers
v00000000017f7be0_0 .net "clkd", 31 0, v00000000017f2320_0;  1 drivers
v00000000017f70a0_0 .net "clr_LED", 0 0, v00000000017f17e0_0;  1 drivers
v00000000017f8900_0 .net "o_LED", 0 0, v00000000017f1920_0;  1 drivers
L_00000000017fa020 .part v00000000017f2320_0, 3, 1;
L_00000000017fa0c0 .part v00000000017f7c80_0, 0, 4;
L_00000000017f8ea0 .part v00000000017f2320_0, 3, 1;
L_00000000017fc140 .part v00000000017f7c80_0, 4, 4;
L_00000000017fcc80 .part L_0000000001812d48, 0, 1;
L_00000000017fce60 .part L_0000000001812d48, 1, 1;
L_00000000017fb1a0 .part L_0000000001812d48, 2, 1;
L_00000000017fca00 .part L_0000000001812d48, 3, 1;
LS_00000000017fcbe0_0_0 .concat8 [ 1 1 1 1], L_000000000180f670, L_000000000180ffa0, L_000000000180ee90, L_000000000180e5d0;
LS_00000000017fcbe0_0_4 .concat8 [ 1 1 1 1], L_000000000180eaa0, L_000000000180f9f0, L_0000000001810320, L_0000000001810400;
L_00000000017fcbe0 .concat8 [ 4 4 0 0], LS_00000000017fcbe0_0_0, LS_00000000017fcbe0_0_4;
L_00000000017fc960 .part v00000000017f5200_0, 0, 1;
L_00000000017fcfa0 .part v00000000017f5200_0, 1, 1;
L_00000000017fd680 .part v00000000017f5200_0, 2, 1;
L_00000000017fbd80 .part v00000000017f5200_0, 3, 1;
L_00000000017fcaa0 .part v00000000017f7c80_0, 0, 1;
LS_00000000017fc280_0_0 .concat8 [ 1 1 1 1], L_000000000185f120, L_000000000185c8e0, L_000000000185bae0, L_000000000185c480;
LS_00000000017fc280_0_4 .concat8 [ 1 1 1 1], L_000000000185c330, L_000000000185b920, L_000000000185d520, L_000000000185d830;
L_00000000017fc280 .concat8 [ 4 4 0 0], LS_00000000017fc280_0_0, LS_00000000017fc280_0_4;
L_00000000017fbc40 .part v00000000017f46c0_0, 0, 1;
L_00000000017fcb40 .part v00000000017f46c0_0, 1, 1;
L_00000000017fc1e0 .part v00000000017f46c0_0, 2, 1;
L_00000000017fb6a0 .part v00000000017f46c0_0, 3, 1;
L_00000000017fb740 .part v00000000017f7c80_0, 0, 1;
LS_00000000017fb7e0_0_0 .concat8 [ 1 1 1 1], L_000000000185ea90, L_000000000185da60, L_000000000185dec0, L_000000000185d1a0;
LS_00000000017fb7e0_0_4 .concat8 [ 1 1 1 1], L_0000000001860b70, L_0000000001860470, L_0000000001860630, L_00000000018606a0;
L_00000000017fb7e0 .concat8 [ 4 4 0 0], LS_00000000017fb7e0_0_0, LS_00000000017fb7e0_0_4;
L_00000000017fd540 .part v00000000017f5de0_0, 0, 1;
L_00000000017fd720 .part v00000000017f5de0_0, 1, 1;
L_00000000017fbe20 .part v00000000017f5de0_0, 2, 1;
L_00000000017fd400 .part v00000000017f5de0_0, 3, 1;
L_00000000017fcd20 .part v00000000017f7c80_0, 0, 1;
LS_00000000017fba60_0_0 .concat8 [ 1 1 1 1], L_00000000018607f0, L_0000000001860240, L_0000000001862930, L_0000000001862700;
LS_00000000017fba60_0_4 .concat8 [ 1 1 1 1], L_0000000001861dd0, L_0000000001861b30, L_0000000001862d90, L_00000000018629a0;
L_00000000017fba60 .concat8 [ 4 4 0 0], LS_00000000017fba60_0_0, LS_00000000017fba60_0_4;
L_00000000017fcf00 .part v00000000017f5e80_0, 0, 1;
L_00000000017fb240 .part v00000000017f5e80_0, 1, 1;
L_00000000017fcdc0 .part v00000000017f5e80_0, 2, 1;
L_00000000017fd0e0 .part v00000000017f5e80_0, 3, 1;
L_00000000017fb880 .part v00000000017f7c80_0, 0, 1;
LS_00000000017fb420_0_0 .concat8 [ 1 1 1 1], L_00000000018633b0, L_0000000001870190, L_0000000001870eb0, L_0000000001870890;
LS_00000000017fb420_0_4 .concat8 [ 1 1 1 1], L_00000000018715b0, L_0000000001870ba0, L_0000000001871ee0, L_0000000001871c40;
L_00000000017fb420 .concat8 [ 4 4 0 0], LS_00000000017fb420_0_0, LS_00000000017fb420_0_4;
L_00000000017fc320 .part v00000000017f44e0_0, 0, 1;
L_00000000017fb560 .part v00000000017f44e0_0, 1, 1;
L_00000000017fbce0 .part v00000000017f44e0_0, 2, 1;
L_00000000017fbec0 .part v00000000017f44e0_0, 3, 1;
L_00000000017fd040 .part v00000000017f7c80_0, 0, 1;
LS_00000000017fd180_0_0 .concat8 [ 1 1 1 1], L_0000000001871cb0, L_0000000001873060, L_00000000018730d0, L_0000000001873300;
LS_00000000017fd180_0_4 .concat8 [ 1 1 1 1], L_0000000001874090, L_0000000001873b50, L_0000000001873990, L_00000000018741e0;
L_00000000017fd180 .concat8 [ 4 4 0 0], LS_00000000017fd180_0_0, LS_00000000017fd180_0_4;
L_00000000017fd220 .part v00000000017f3ae0_0, 0, 1;
L_00000000017fc6e0 .part v00000000017f3ae0_0, 1, 1;
L_00000000017fd900 .part v00000000017f3ae0_0, 2, 1;
L_00000000017fb920 .part v00000000017f3ae0_0, 3, 1;
L_00000000017fb9c0 .part v00000000017f7c80_0, 0, 1;
LS_00000000017fc3c0_0_0 .concat8 [ 1 1 1 1], L_00000000018748e0, L_0000000001873760, L_0000000001874f70, L_0000000001874fe0;
LS_00000000017fc3c0_0_4 .concat8 [ 1 1 1 1], L_0000000001875210, L_000000000186fa20, L_000000000186f1d0, L_000000000186e600;
L_00000000017fc3c0 .concat8 [ 4 4 0 0], LS_00000000017fc3c0_0_0, LS_00000000017fc3c0_0_4;
L_00000000017fd7c0 .part v00000000017f4120_0, 0, 1;
L_00000000017fc460 .part v00000000017f4120_0, 1, 1;
L_00000000017fd2c0 .part v00000000017f4120_0, 2, 1;
L_00000000017fbb00 .part v00000000017f4120_0, 3, 1;
L_00000000017fbba0 .part v00000000017f7c80_0, 0, 1;
LS_00000000017fc500_0_0 .concat8 [ 1 1 1 1], L_000000000186f400, L_000000000186e360, L_0000000001879f10, L_000000000187a920;
LS_00000000017fc500_0_4 .concat8 [ 1 1 1 1], L_0000000001879f80, L_000000000187a4c0, L_000000000187afb0, L_000000000187a530;
L_00000000017fc500 .concat8 [ 4 4 0 0], LS_00000000017fc500_0_0, LS_00000000017fc500_0_4;
L_00000000017fd5e0 .part v00000000017f3b80_0, 0, 1;
L_00000000017fd360 .part v00000000017f3b80_0, 1, 1;
L_00000000017fd860 .part v00000000017f3b80_0, 2, 1;
L_00000000017fd4a0 .part v00000000017f3b80_0, 3, 1;
L_00000000017fc5a0 .part v00000000017f7c80_0, 0, 1;
LS_00000000017fc8c0_0_0 .concat8 [ 1 1 1 1], L_000000000187c980, L_000000000187bc60, L_000000000187c520, L_000000000187b790;
LS_00000000017fc8c0_0_4 .concat8 [ 1 1 1 1], L_000000000187bdb0, L_000000000187c440, L_000000000187d630, L_000000000187e9e0;
L_00000000017fc8c0 .concat8 [ 4 4 0 0], LS_00000000017fc8c0_0_0, LS_00000000017fc8c0_0_4;
L_00000000017fc000 .part v00000000017f2320_0, 0, 1;
L_00000000017fc0a0 .part v00000000017f7c80_0, 8, 1;
S_00000000012c5430 .scope module, "MyMc" "MyMC14495" 5 33, 6 1 0, S_00000000012bb820;
 .timescale 0 0;
    .port_info 0 /INPUT 1 "D0";
    .port_info 1 /INPUT 1 "D1";
    .port_info 2 /INPUT 1 "D2";
    .port_info 3 /INPUT 1 "D3";
    .port_info 4 /INPUT 1 "LE";
    .port_info 5 /INPUT 1 "point";
    .port_info 6 /OUTPUT 1 "a";
    .port_info 7 /OUTPUT 1 "b";
    .port_info 8 /OUTPUT 1 "c";
    .port_info 9 /OUTPUT 1 "d";
    .port_info 10 /OUTPUT 1 "e";
    .port_info 11 /OUTPUT 1 "f";
    .port_info 12 /OUTPUT 1 "g";
    .port_info 13 /OUTPUT 1 "p";
L_000000000180cff0 .functor NOT 1, L_00000000017fcc80, C4<0>, C4<0>, C4<0>;
L_000000000180e3a0 .functor NOT 1, L_00000000017fce60, C4<0>, C4<0>, C4<0>;
L_000000000180d370 .functor NOT 1, L_00000000017fb1a0, C4<0>, C4<0>, C4<0>;
L_000000000180e410 .functor NOT 1, L_00000000017fca00, C4<0>, C4<0>, C4<0>;
L_000000000180d3e0 .functor AND 1, L_000000000180e410, L_000000000180d370, C4<1>, C4<1>;
L_000000000180d450 .functor AND 1, L_000000000180d3e0, L_000000000180e3a0, C4<1>, C4<1>;
L_000000000180d920 .functor AND 1, L_000000000180d450, L_00000000017fcc80, C4<1>, C4<1>;
L_000000000180da70 .functor AND 1, L_000000000180e410, L_00000000017fb1a0, C4<1>, C4<1>;
L_000000000180d530 .functor AND 1, L_000000000180da70, L_000000000180e3a0, C4<1>, C4<1>;
L_000000000180d610 .functor AND 1, L_000000000180d530, L_000000000180cff0, C4<1>, C4<1>;
L_000000000180da00 .functor OR 1, L_000000000180d920, L_000000000180d610, C4<0>, C4<0>;
L_000000000180d6f0 .functor AND 1, L_00000000017fca00, L_000000000180d370, C4<1>, C4<1>;
L_000000000180d760 .functor AND 1, L_000000000180d6f0, L_00000000017fce60, C4<1>, C4<1>;
L_000000000180dbc0 .functor AND 1, L_000000000180d760, L_00000000017fcc80, C4<1>, C4<1>;
L_000000000180ded0 .functor OR 1, L_000000000180da00, L_000000000180dbc0, C4<0>, C4<0>;
L_000000000180db50 .functor AND 1, L_00000000017fca00, L_00000000017fb1a0, C4<1>, C4<1>;
L_000000000180f2f0 .functor AND 1, L_000000000180db50, L_000000000180e3a0, C4<1>, C4<1>;
L_000000000180edb0 .functor AND 1, L_000000000180f2f0, L_00000000017fcc80, C4<1>, C4<1>;
L_000000000180fc20 .functor OR 1, L_000000000180ded0, L_000000000180edb0, C4<0>, C4<0>;
L_000000000180f670 .functor OR 1, L_0000000001812dd8, L_000000000180fc20, C4<0>, C4<0>;
L_000000000180ff30 .functor AND 1, L_000000000180e410, L_00000000017fb1a0, C4<1>, C4<1>;
L_000000000180ecd0 .functor AND 1, L_000000000180ff30, L_000000000180e3a0, C4<1>, C4<1>;
L_00000000018100f0 .functor AND 1, L_000000000180ecd0, L_00000000017fcc80, C4<1>, C4<1>;
L_000000000180f210 .functor AND 1, L_00000000017fb1a0, L_00000000017fce60, C4<1>, C4<1>;
L_000000000180fc90 .functor AND 1, L_000000000180f210, L_000000000180cff0, C4<1>, C4<1>;
L_000000000180fbb0 .functor OR 1, L_00000000018100f0, L_000000000180fc90, C4<0>, C4<0>;
L_000000000180f750 .functor AND 1, L_00000000017fca00, L_00000000017fb1a0, C4<1>, C4<1>;
L_000000000180ef70 .functor AND 1, L_000000000180f750, L_000000000180cff0, C4<1>, C4<1>;
L_000000000180f280 .functor OR 1, L_000000000180fbb0, L_000000000180ef70, C4<0>, C4<0>;
L_000000000180e790 .functor AND 1, L_00000000017fca00, L_00000000017fce60, C4<1>, C4<1>;
L_000000000180e6b0 .functor AND 1, L_000000000180e790, L_00000000017fcc80, C4<1>, C4<1>;
L_000000000180fb40 .functor OR 1, L_000000000180f280, L_000000000180e6b0, C4<0>, C4<0>;
L_000000000180ffa0 .functor OR 1, L_0000000001812dd8, L_000000000180fb40, C4<0>, C4<0>;
L_000000000180fd00 .functor AND 1, L_000000000180e410, L_000000000180d370, C4<1>, C4<1>;
L_000000000180e950 .functor AND 1, L_000000000180fd00, L_00000000017fce60, C4<1>, C4<1>;
L_000000000180f7c0 .functor AND 1, L_000000000180e950, L_000000000180cff0, C4<1>, C4<1>;
L_000000000180ee20 .functor AND 1, L_00000000017fca00, L_00000000017fb1a0, C4<1>, C4<1>;
L_000000000180fde0 .functor AND 1, L_000000000180ee20, L_000000000180cff0, C4<1>, C4<1>;
L_000000000180f910 .functor OR 1, L_000000000180f7c0, L_000000000180fde0, C4<0>, C4<0>;
L_000000000180f520 .functor AND 1, L_00000000017fca00, L_00000000017fb1a0, C4<1>, C4<1>;
L_000000000180fe50 .functor AND 1, L_000000000180f520, L_00000000017fce60, C4<1>, C4<1>;
L_000000000180e870 .functor OR 1, L_000000000180f910, L_000000000180fe50, C4<0>, C4<0>;
L_000000000180ee90 .functor OR 1, L_0000000001812dd8, L_000000000180e870, C4<0>, C4<0>;
L_000000000180e640 .functor AND 1, L_000000000180e410, L_000000000180d370, C4<1>, C4<1>;
L_000000000180ec60 .functor AND 1, L_000000000180e640, L_000000000180e3a0, C4<1>, C4<1>;
L_0000000001810010 .functor AND 1, L_000000000180ec60, L_00000000017fcc80, C4<1>, C4<1>;
L_000000000180f0c0 .functor AND 1, L_000000000180e410, L_00000000017fb1a0, C4<1>, C4<1>;
L_000000000180f130 .functor AND 1, L_000000000180f0c0, L_000000000180e3a0, C4<1>, C4<1>;
L_000000000180fec0 .functor AND 1, L_000000000180f130, L_000000000180cff0, C4<1>, C4<1>;
L_000000000180e720 .functor OR 1, L_0000000001810010, L_000000000180fec0, C4<0>, C4<0>;
L_000000000180f360 .functor AND 1, L_00000000017fb1a0, L_00000000017fce60, C4<1>, C4<1>;
L_000000000180f590 .functor AND 1, L_000000000180f360, L_00000000017fcc80, C4<1>, C4<1>;
L_000000000180e800 .functor OR 1, L_000000000180e720, L_000000000180f590, C4<0>, C4<0>;
L_000000000180f6e0 .functor AND 1, L_00000000017fca00, L_000000000180d370, C4<1>, C4<1>;
L_000000000180ea30 .functor AND 1, L_000000000180f6e0, L_00000000017fce60, C4<1>, C4<1>;
L_0000000001810080 .functor AND 1, L_000000000180ea30, L_000000000180cff0, C4<1>, C4<1>;
L_000000000180e560 .functor OR 1, L_000000000180e800, L_0000000001810080, C4<0>, C4<0>;
L_000000000180e5d0 .functor OR 1, L_0000000001812dd8, L_000000000180e560, C4<0>, C4<0>;
L_000000000180e9c0 .functor AND 1, L_000000000180e410, L_00000000017fcc80, C4<1>, C4<1>;
L_000000000180ed40 .functor AND 1, L_000000000180e410, L_00000000017fb1a0, C4<1>, C4<1>;
L_000000000180eb10 .functor AND 1, L_000000000180ed40, L_000000000180e3a0, C4<1>, C4<1>;
L_000000000180e8e0 .functor OR 1, L_000000000180e9c0, L_000000000180eb10, C4<0>, C4<0>;
L_000000000180f600 .functor AND 1, L_000000000180d370, L_000000000180e3a0, C4<1>, C4<1>;
L_000000000180f1a0 .functor AND 1, L_000000000180f600, L_00000000017fcc80, C4<1>, C4<1>;
L_000000000180f3d0 .functor OR 1, L_000000000180e8e0, L_000000000180f1a0, C4<0>, C4<0>;
L_000000000180eaa0 .functor OR 1, L_0000000001812dd8, L_000000000180f3d0, C4<0>, C4<0>;
L_000000000180f050 .functor AND 1, L_000000000180e410, L_000000000180d370, C4<1>, C4<1>;
L_000000000180fd70 .functor AND 1, L_000000000180f050, L_00000000017fcc80, C4<1>, C4<1>;
L_000000000180eb80 .functor AND 1, L_000000000180e410, L_000000000180d370, C4<1>, C4<1>;
L_000000000180ebf0 .functor AND 1, L_000000000180eb80, L_00000000017fce60, C4<1>, C4<1>;
L_000000000180ef00 .functor OR 1, L_000000000180fd70, L_000000000180ebf0, C4<0>, C4<0>;
L_000000000180efe0 .functor AND 1, L_000000000180e410, L_00000000017fce60, C4<1>, C4<1>;
L_000000000180f440 .functor AND 1, L_000000000180efe0, L_00000000017fcc80, C4<1>, C4<1>;
L_000000000180f4b0 .functor OR 1, L_000000000180ef00, L_000000000180f440, C4<0>, C4<0>;
L_000000000180f980 .functor AND 1, L_00000000017fca00, L_00000000017fb1a0, C4<1>, C4<1>;
L_000000000180f830 .functor AND 1, L_000000000180f980, L_000000000180e3a0, C4<1>, C4<1>;
L_000000000180f8a0 .functor AND 1, L_000000000180f830, L_00000000017fcc80, C4<1>, C4<1>;
L_000000000180fad0 .functor OR 1, L_000000000180f4b0, L_000000000180f8a0, C4<0>, C4<0>;
L_000000000180f9f0 .functor OR 1, L_0000000001812dd8, L_000000000180fad0, C4<0>, C4<0>;
L_000000000180fa60 .functor AND 1, L_000000000180e410, L_000000000180d370, C4<1>, C4<1>;
L_0000000001810390 .functor AND 1, L_000000000180fa60, L_000000000180e3a0, C4<1>, C4<1>;
L_00000000018107f0 .functor AND 1, L_000000000180e410, L_00000000017fb1a0, C4<1>, C4<1>;
L_00000000018102b0 .functor AND 1, L_00000000018107f0, L_00000000017fce60, C4<1>, C4<1>;
L_0000000001810630 .functor AND 1, L_00000000018102b0, L_00000000017fcc80, C4<1>, C4<1>;
L_0000000001810860 .functor OR 1, L_0000000001810390, L_0000000001810630, C4<0>, C4<0>;
L_00000000018106a0 .functor AND 1, L_00000000017fca00, L_00000000017fb1a0, C4<1>, C4<1>;
L_0000000001810710 .functor AND 1, L_00000000018106a0, L_000000000180e3a0, C4<1>, C4<1>;
L_0000000001810160 .functor AND 1, L_0000000001810710, L_000000000180cff0, C4<1>, C4<1>;
L_00000000018104e0 .functor OR 1, L_0000000001810860, L_0000000001810160, C4<0>, C4<0>;
L_0000000001810320 .functor OR 1, L_0000000001812dd8, L_00000000018104e0, C4<0>, C4<0>;
L_0000000001810400 .functor NOT 1, L_0000000001812d90, C4<0>, C4<0>, C4<0>;
v000000000174f600_0 .net "D0", 0 0, L_00000000017fcc80;  1 drivers
v000000000174f6a0_0 .net "D0n", 0 0, L_000000000180cff0;  1 drivers
v000000000174d800_0 .net "D1", 0 0, L_00000000017fce60;  1 drivers
v000000000174d940_0 .net "D1n", 0 0, L_000000000180e3a0;  1 drivers
v000000000174e660_0 .net "D2", 0 0, L_00000000017fb1a0;  1 drivers
v000000000174d9e0_0 .net "D2n", 0 0, L_000000000180d370;  1 drivers
v000000000174e2a0_0 .net "D3", 0 0, L_00000000017fca00;  1 drivers
v000000000174e160_0 .net "D3n", 0 0, L_000000000180e410;  1 drivers
v000000000174ed40_0 .net "LE", 0 0, L_0000000001812dd8;  alias, 1 drivers
v000000000174e200_0 .net *"_s10", 0 0, L_000000000180d450;  1 drivers
v000000000174f7e0_0 .net *"_s100", 0 0, L_000000000180f360;  1 drivers
v000000000174f880_0 .net *"_s102", 0 0, L_000000000180f590;  1 drivers
v000000000174ee80_0 .net *"_s104", 0 0, L_000000000180e800;  1 drivers
v000000000174eb60_0 .net *"_s106", 0 0, L_000000000180f6e0;  1 drivers
v000000000174eca0_0 .net *"_s108", 0 0, L_000000000180ea30;  1 drivers
v000000000174eac0_0 .net *"_s110", 0 0, L_0000000001810080;  1 drivers
v000000000174da80_0 .net *"_s112", 0 0, L_000000000180e560;  1 drivers
v000000000174dbc0_0 .net *"_s116", 0 0, L_000000000180e9c0;  1 drivers
v000000000174f920_0 .net *"_s118", 0 0, L_000000000180ed40;  1 drivers
v000000000174f9c0_0 .net *"_s12", 0 0, L_000000000180d920;  1 drivers
v000000000174f1a0_0 .net *"_s120", 0 0, L_000000000180eb10;  1 drivers
v000000000174ef20_0 .net *"_s122", 0 0, L_000000000180e8e0;  1 drivers
v000000000174e700_0 .net *"_s124", 0 0, L_000000000180f600;  1 drivers
v000000000174df80_0 .net *"_s126", 0 0, L_000000000180f1a0;  1 drivers
v000000000174de40_0 .net *"_s128", 0 0, L_000000000180f3d0;  1 drivers
v000000000174e7a0_0 .net *"_s132", 0 0, L_000000000180f050;  1 drivers
v000000000174dee0_0 .net *"_s134", 0 0, L_000000000180fd70;  1 drivers
v000000000174e8e0_0 .net *"_s136", 0 0, L_000000000180eb80;  1 drivers
v000000000174efc0_0 .net *"_s138", 0 0, L_000000000180ebf0;  1 drivers
v000000000131b030_0 .net *"_s14", 0 0, L_000000000180da70;  1 drivers
v000000000131a9f0_0 .net *"_s140", 0 0, L_000000000180ef00;  1 drivers
v000000000131b7b0_0 .net *"_s142", 0 0, L_000000000180efe0;  1 drivers
v000000000132c360_0 .net *"_s144", 0 0, L_000000000180f440;  1 drivers
v000000000132c680_0 .net *"_s146", 0 0, L_000000000180f4b0;  1 drivers
v000000000132cc20_0 .net *"_s148", 0 0, L_000000000180f980;  1 drivers
v00000000017c75a0_0 .net *"_s150", 0 0, L_000000000180f830;  1 drivers
v00000000017c96c0_0 .net *"_s152", 0 0, L_000000000180f8a0;  1 drivers
v00000000017c8cc0_0 .net *"_s154", 0 0, L_000000000180fad0;  1 drivers
v00000000017c9760_0 .net *"_s158", 0 0, L_000000000180fa60;  1 drivers
v00000000017c7320_0 .net *"_s16", 0 0, L_000000000180d530;  1 drivers
v00000000017c78c0_0 .net *"_s160", 0 0, L_0000000001810390;  1 drivers
v00000000017c91c0_0 .net *"_s162", 0 0, L_00000000018107f0;  1 drivers
v00000000017c9580_0 .net *"_s164", 0 0, L_00000000018102b0;  1 drivers
v00000000017c8ae0_0 .net *"_s166", 0 0, L_0000000001810630;  1 drivers
v00000000017c8860_0 .net *"_s168", 0 0, L_0000000001810860;  1 drivers
v00000000017c8b80_0 .net *"_s170", 0 0, L_00000000018106a0;  1 drivers
v00000000017c73c0_0 .net *"_s172", 0 0, L_0000000001810710;  1 drivers
v00000000017c76e0_0 .net *"_s174", 0 0, L_0000000001810160;  1 drivers
v00000000017c7aa0_0 .net *"_s176", 0 0, L_00000000018104e0;  1 drivers
v00000000017c70a0_0 .net *"_s18", 0 0, L_000000000180d610;  1 drivers
v00000000017c84a0_0 .net *"_s20", 0 0, L_000000000180da00;  1 drivers
v00000000017c8540_0 .net *"_s22", 0 0, L_000000000180d6f0;  1 drivers
v00000000017c7f00_0 .net *"_s24", 0 0, L_000000000180d760;  1 drivers
v00000000017c82c0_0 .net *"_s26", 0 0, L_000000000180dbc0;  1 drivers
v00000000017c8d60_0 .net *"_s28", 0 0, L_000000000180ded0;  1 drivers
v00000000017c7640_0 .net *"_s30", 0 0, L_000000000180db50;  1 drivers
v00000000017c7b40_0 .net *"_s32", 0 0, L_000000000180f2f0;  1 drivers
v00000000017c7c80_0 .net *"_s34", 0 0, L_000000000180edb0;  1 drivers
v00000000017c7d20_0 .net *"_s36", 0 0, L_000000000180fc20;  1 drivers
v00000000017c7140_0 .net *"_s40", 0 0, L_000000000180ff30;  1 drivers
v00000000017c7fa0_0 .net *"_s42", 0 0, L_000000000180ecd0;  1 drivers
v00000000017c9260_0 .net *"_s44", 0 0, L_00000000018100f0;  1 drivers
v00000000017c89a0_0 .net *"_s46", 0 0, L_000000000180f210;  1 drivers
v00000000017c9620_0 .net *"_s48", 0 0, L_000000000180fc90;  1 drivers
v00000000017c7820_0 .net *"_s50", 0 0, L_000000000180fbb0;  1 drivers
v00000000017c9300_0 .net *"_s52", 0 0, L_000000000180f750;  1 drivers
v00000000017c8fe0_0 .net *"_s54", 0 0, L_000000000180ef70;  1 drivers
v00000000017c7280_0 .net *"_s56", 0 0, L_000000000180f280;  1 drivers
v00000000017c71e0_0 .net *"_s58", 0 0, L_000000000180e790;  1 drivers
v00000000017c93a0_0 .net *"_s60", 0 0, L_000000000180e6b0;  1 drivers
v00000000017c94e0_0 .net *"_s62", 0 0, L_000000000180fb40;  1 drivers
v00000000017c7dc0_0 .net *"_s66", 0 0, L_000000000180fd00;  1 drivers
v00000000017c9800_0 .net *"_s68", 0 0, L_000000000180e950;  1 drivers
v00000000017c9120_0 .net *"_s70", 0 0, L_000000000180f7c0;  1 drivers
v00000000017c7460_0 .net *"_s72", 0 0, L_000000000180ee20;  1 drivers
v00000000017c8900_0 .net *"_s74", 0 0, L_000000000180fde0;  1 drivers
v00000000017c85e0_0 .net *"_s76", 0 0, L_000000000180f910;  1 drivers
v00000000017c7a00_0 .net *"_s78", 0 0, L_000000000180f520;  1 drivers
v00000000017c7be0_0 .net *"_s8", 0 0, L_000000000180d3e0;  1 drivers
v00000000017c8220_0 .net *"_s80", 0 0, L_000000000180fe50;  1 drivers
v00000000017c7960_0 .net *"_s82", 0 0, L_000000000180e870;  1 drivers
v00000000017c7500_0 .net *"_s86", 0 0, L_000000000180e640;  1 drivers
v00000000017c9080_0 .net *"_s88", 0 0, L_000000000180ec60;  1 drivers
v00000000017c9440_0 .net *"_s90", 0 0, L_0000000001810010;  1 drivers
v00000000017c8e00_0 .net *"_s92", 0 0, L_000000000180f0c0;  1 drivers
v00000000017c8c20_0 .net *"_s94", 0 0, L_000000000180f130;  1 drivers
v00000000017c8040_0 .net *"_s96", 0 0, L_000000000180fec0;  1 drivers
v00000000017c7e60_0 .net *"_s98", 0 0, L_000000000180e720;  1 drivers
v00000000017c7780_0 .net "a", 0 0, L_000000000180f670;  1 drivers
v00000000017c80e0_0 .net "b", 0 0, L_000000000180ffa0;  1 drivers
v00000000017c8180_0 .net "c", 0 0, L_000000000180ee90;  1 drivers
v00000000017c8ea0_0 .net "d", 0 0, L_000000000180e5d0;  1 drivers
v00000000017c8360_0 .net "e", 0 0, L_000000000180eaa0;  1 drivers
v00000000017c8400_0 .net "f", 0 0, L_000000000180f9f0;  1 drivers
v00000000017c8680_0 .net "g", 0 0, L_0000000001810320;  1 drivers
v00000000017c8720_0 .net "p", 0 0, L_0000000001810400;  1 drivers
v00000000017c87c0_0 .net "point", 0 0, L_0000000001812d90;  alias, 1 drivers
S_00000000012c55c0 .scope module, "MyMc0" "MyMC14495" 5 36, 6 1 0, S_00000000012bb820;
 .timescale 0 0;
    .port_info 0 /INPUT 1 "D0";
    .port_info 1 /INPUT 1 "D1";
    .port_info 2 /INPUT 1 "D2";
    .port_info 3 /INPUT 1 "D3";
    .port_info 4 /INPUT 1 "LE";
    .port_info 5 /INPUT 1 "point";
    .port_info 6 /OUTPUT 1 "a";
    .port_info 7 /OUTPUT 1 "b";
    .port_info 8 /OUTPUT 1 "c";
    .port_info 9 /OUTPUT 1 "d";
    .port_info 10 /OUTPUT 1 "e";
    .port_info 11 /OUTPUT 1 "f";
    .port_info 12 /OUTPUT 1 "g";
    .port_info 13 /OUTPUT 1 "p";
L_0000000001810470 .functor NOT 1, L_00000000017fc960, C4<0>, C4<0>, C4<0>;
L_0000000001810550 .functor NOT 1, L_00000000017fcfa0, C4<0>, C4<0>, C4<0>;
L_0000000001810780 .functor NOT 1, L_00000000017fd680, C4<0>, C4<0>, C4<0>;
L_00000000018101d0 .functor NOT 1, L_00000000017fbd80, C4<0>, C4<0>, C4<0>;
L_0000000001810240 .functor AND 1, L_00000000018101d0, L_0000000001810780, C4<1>, C4<1>;
L_00000000018105c0 .functor AND 1, L_0000000001810240, L_0000000001810550, C4<1>, C4<1>;
L_0000000001320140 .functor AND 1, L_00000000018105c0, L_00000000017fc960, C4<1>, C4<1>;
L_000000000185f190 .functor AND 1, L_00000000018101d0, L_00000000017fd680, C4<1>, C4<1>;
L_000000000185efd0 .functor AND 1, L_000000000185f190, L_0000000001810550, C4<1>, C4<1>;
L_000000000185f270 .functor AND 1, L_000000000185efd0, L_0000000001810470, C4<1>, C4<1>;
L_000000000185f040 .functor OR 1, L_0000000001320140, L_000000000185f270, C4<0>, C4<0>;
L_000000000185f350 .functor AND 1, L_00000000017fbd80, L_0000000001810780, C4<1>, C4<1>;
L_000000000185ee80 .functor AND 1, L_000000000185f350, L_00000000017fcfa0, C4<1>, C4<1>;
L_000000000185ee10 .functor AND 1, L_000000000185ee80, L_00000000017fc960, C4<1>, C4<1>;
L_000000000185ed30 .functor OR 1, L_000000000185f040, L_000000000185ee10, C4<0>, C4<0>;
L_000000000185f200 .functor AND 1, L_00000000017fbd80, L_00000000017fd680, C4<1>, C4<1>;
L_000000000185f2e0 .functor AND 1, L_000000000185f200, L_0000000001810550, C4<1>, C4<1>;
L_000000000185eef0 .functor AND 1, L_000000000185f2e0, L_00000000017fc960, C4<1>, C4<1>;
L_000000000185ef60 .functor OR 1, L_000000000185ed30, L_000000000185eef0, C4<0>, C4<0>;
L_000000000185f120 .functor OR 1, L_0000000001812dd8, L_000000000185ef60, C4<0>, C4<0>;
L_000000000185f0b0 .functor AND 1, L_00000000018101d0, L_00000000017fd680, C4<1>, C4<1>;
L_000000000185f3c0 .functor AND 1, L_000000000185f0b0, L_0000000001810550, C4<1>, C4<1>;
L_000000000185f430 .functor AND 1, L_000000000185f3c0, L_00000000017fc960, C4<1>, C4<1>;
L_000000000185eda0 .functor AND 1, L_00000000017fd680, L_00000000017fcfa0, C4<1>, C4<1>;
L_000000000185cbf0 .functor AND 1, L_000000000185eda0, L_0000000001810470, C4<1>, C4<1>;
L_000000000185bd80 .functor OR 1, L_000000000185f430, L_000000000185cbf0, C4<0>, C4<0>;
L_000000000185c870 .functor AND 1, L_00000000017fbd80, L_00000000017fd680, C4<1>, C4<1>;
L_000000000185b6f0 .functor AND 1, L_000000000185c870, L_0000000001810470, C4<1>, C4<1>;
L_000000000185bfb0 .functor OR 1, L_000000000185bd80, L_000000000185b6f0, C4<0>, C4<0>;
L_000000000185c250 .functor AND 1, L_00000000017fbd80, L_00000000017fcfa0, C4<1>, C4<1>;
L_000000000185ca30 .functor AND 1, L_000000000185c250, L_00000000017fc960, C4<1>, C4<1>;
L_000000000185b680 .functor OR 1, L_000000000185bfb0, L_000000000185ca30, C4<0>, C4<0>;
L_000000000185c8e0 .functor OR 1, L_0000000001812dd8, L_000000000185b680, C4<0>, C4<0>;
L_000000000185ba00 .functor AND 1, L_00000000018101d0, L_0000000001810780, C4<1>, C4<1>;
L_000000000185ba70 .functor AND 1, L_000000000185ba00, L_00000000017fcfa0, C4<1>, C4<1>;
L_000000000185be60 .functor AND 1, L_000000000185ba70, L_0000000001810470, C4<1>, C4<1>;
L_000000000185b530 .functor AND 1, L_00000000017fbd80, L_00000000017fd680, C4<1>, C4<1>;
L_000000000185c640 .functor AND 1, L_000000000185b530, L_0000000001810470, C4<1>, C4<1>;
L_000000000185cf00 .functor OR 1, L_000000000185be60, L_000000000185c640, C4<0>, C4<0>;
L_000000000185bca0 .functor AND 1, L_00000000017fbd80, L_00000000017fd680, C4<1>, C4<1>;
L_000000000185d0c0 .functor AND 1, L_000000000185bca0, L_00000000017fcfa0, C4<1>, C4<1>;
L_000000000185c1e0 .functor OR 1, L_000000000185cf00, L_000000000185d0c0, C4<0>, C4<0>;
L_000000000185bae0 .functor OR 1, L_0000000001812dd8, L_000000000185c1e0, C4<0>, C4<0>;
L_000000000185bed0 .functor AND 1, L_00000000018101d0, L_0000000001810780, C4<1>, C4<1>;
L_000000000185c720 .functor AND 1, L_000000000185bed0, L_0000000001810550, C4<1>, C4<1>;
L_000000000185bf40 .functor AND 1, L_000000000185c720, L_00000000017fc960, C4<1>, C4<1>;
L_000000000185cfe0 .functor AND 1, L_00000000018101d0, L_00000000017fd680, C4<1>, C4<1>;
L_000000000185cb80 .functor AND 1, L_000000000185cfe0, L_0000000001810550, C4<1>, C4<1>;
L_000000000185c020 .functor AND 1, L_000000000185cb80, L_0000000001810470, C4<1>, C4<1>;
L_000000000185b5a0 .functor OR 1, L_000000000185bf40, L_000000000185c020, C4<0>, C4<0>;
L_000000000185c6b0 .functor AND 1, L_00000000017fd680, L_00000000017fcfa0, C4<1>, C4<1>;
L_000000000185d050 .functor AND 1, L_000000000185c6b0, L_00000000017fc960, C4<1>, C4<1>;
L_000000000185c2c0 .functor OR 1, L_000000000185b5a0, L_000000000185d050, C4<0>, C4<0>;
L_000000000185c950 .functor AND 1, L_00000000017fbd80, L_0000000001810780, C4<1>, C4<1>;
L_000000000185b610 .functor AND 1, L_000000000185c950, L_00000000017fcfa0, C4<1>, C4<1>;
L_000000000185cdb0 .functor AND 1, L_000000000185b610, L_0000000001810470, C4<1>, C4<1>;
L_000000000185bb50 .functor OR 1, L_000000000185c2c0, L_000000000185cdb0, C4<0>, C4<0>;
L_000000000185c480 .functor OR 1, L_0000000001812dd8, L_000000000185bb50, C4<0>, C4<0>;
L_000000000185b7d0 .functor AND 1, L_00000000018101d0, L_00000000017fc960, C4<1>, C4<1>;
L_000000000185b760 .functor AND 1, L_00000000018101d0, L_00000000017fd680, C4<1>, C4<1>;
L_000000000185b990 .functor AND 1, L_000000000185b760, L_0000000001810550, C4<1>, C4<1>;
L_000000000185b840 .functor OR 1, L_000000000185b7d0, L_000000000185b990, C4<0>, C4<0>;
L_000000000185bbc0 .functor AND 1, L_0000000001810780, L_0000000001810550, C4<1>, C4<1>;
L_000000000185c170 .functor AND 1, L_000000000185bbc0, L_00000000017fc960, C4<1>, C4<1>;
L_000000000185ce20 .functor OR 1, L_000000000185b840, L_000000000185c170, C4<0>, C4<0>;
L_000000000185c330 .functor OR 1, L_0000000001812dd8, L_000000000185ce20, C4<0>, C4<0>;
L_000000000185c090 .functor AND 1, L_00000000018101d0, L_0000000001810780, C4<1>, C4<1>;
L_000000000185b8b0 .functor AND 1, L_000000000185c090, L_00000000017fc960, C4<1>, C4<1>;
L_000000000185cf70 .functor AND 1, L_00000000018101d0, L_0000000001810780, C4<1>, C4<1>;
L_000000000185cd40 .functor AND 1, L_000000000185cf70, L_00000000017fcfa0, C4<1>, C4<1>;
L_000000000185c3a0 .functor OR 1, L_000000000185b8b0, L_000000000185cd40, C4<0>, C4<0>;
L_000000000185c100 .functor AND 1, L_00000000018101d0, L_00000000017fcfa0, C4<1>, C4<1>;
L_000000000185ce90 .functor AND 1, L_000000000185c100, L_00000000017fc960, C4<1>, C4<1>;
L_000000000185c790 .functor OR 1, L_000000000185c3a0, L_000000000185ce90, C4<0>, C4<0>;
L_000000000185c410 .functor AND 1, L_00000000017fbd80, L_00000000017fd680, C4<1>, C4<1>;
L_000000000185c4f0 .functor AND 1, L_000000000185c410, L_0000000001810550, C4<1>, C4<1>;
L_000000000185c560 .functor AND 1, L_000000000185c4f0, L_00000000017fc960, C4<1>, C4<1>;
L_000000000185c5d0 .functor OR 1, L_000000000185c790, L_000000000185c560, C4<0>, C4<0>;
L_000000000185b920 .functor OR 1, L_0000000001812dd8, L_000000000185c5d0, C4<0>, C4<0>;
L_000000000185bc30 .functor AND 1, L_00000000018101d0, L_0000000001810780, C4<1>, C4<1>;
L_000000000185c800 .functor AND 1, L_000000000185bc30, L_0000000001810550, C4<1>, C4<1>;
L_000000000185c9c0 .functor AND 1, L_00000000018101d0, L_00000000017fd680, C4<1>, C4<1>;
L_000000000185bd10 .functor AND 1, L_000000000185c9c0, L_00000000017fcfa0, C4<1>, C4<1>;
L_000000000185bdf0 .functor AND 1, L_000000000185bd10, L_00000000017fc960, C4<1>, C4<1>;
L_000000000185caa0 .functor OR 1, L_000000000185c800, L_000000000185bdf0, C4<0>, C4<0>;
L_000000000185cb10 .functor AND 1, L_00000000017fbd80, L_00000000017fd680, C4<1>, C4<1>;
L_000000000185cc60 .functor AND 1, L_000000000185cb10, L_0000000001810550, C4<1>, C4<1>;
L_000000000185ccd0 .functor AND 1, L_000000000185cc60, L_0000000001810470, C4<1>, C4<1>;
L_000000000185dc90 .functor OR 1, L_000000000185caa0, L_000000000185ccd0, C4<0>, C4<0>;
L_000000000185d520 .functor OR 1, L_0000000001812dd8, L_000000000185dc90, C4<0>, C4<0>;
L_000000000185d830 .functor NOT 1, L_00000000017fcaa0, C4<0>, C4<0>, C4<0>;
v00000000017c8a40_0 .net "D0", 0 0, L_00000000017fc960;  1 drivers
v00000000017c8f40_0 .net "D0n", 0 0, L_0000000001810470;  1 drivers
v00000000017cab60_0 .net "D1", 0 0, L_00000000017fcfa0;  1 drivers
v00000000017cae80_0 .net "D1n", 0 0, L_0000000001810550;  1 drivers
v00000000017ca980_0 .net "D2", 0 0, L_00000000017fd680;  1 drivers
v00000000017cb380_0 .net "D2n", 0 0, L_0000000001810780;  1 drivers
v00000000017c9d00_0 .net "D3", 0 0, L_00000000017fbd80;  1 drivers
v00000000017cb100_0 .net "D3n", 0 0, L_00000000018101d0;  1 drivers
v00000000017c9ee0_0 .net "LE", 0 0, L_0000000001812dd8;  alias, 1 drivers
v00000000017ca5c0_0 .net *"_s10", 0 0, L_00000000018105c0;  1 drivers
v00000000017c9b20_0 .net *"_s100", 0 0, L_000000000185c6b0;  1 drivers
v00000000017cb420_0 .net *"_s102", 0 0, L_000000000185d050;  1 drivers
v00000000017cc000_0 .net *"_s104", 0 0, L_000000000185c2c0;  1 drivers
v00000000017ca200_0 .net *"_s106", 0 0, L_000000000185c950;  1 drivers
v00000000017cb4c0_0 .net *"_s108", 0 0, L_000000000185b610;  1 drivers
v00000000017ca660_0 .net *"_s110", 0 0, L_000000000185cdb0;  1 drivers
v00000000017caca0_0 .net *"_s112", 0 0, L_000000000185bb50;  1 drivers
v00000000017ca0c0_0 .net *"_s116", 0 0, L_000000000185b7d0;  1 drivers
v00000000017cb6a0_0 .net *"_s118", 0 0, L_000000000185b760;  1 drivers
v00000000017cb240_0 .net *"_s12", 0 0, L_0000000001320140;  1 drivers
v00000000017c9bc0_0 .net *"_s120", 0 0, L_000000000185b990;  1 drivers
v00000000017cade0_0 .net *"_s122", 0 0, L_000000000185b840;  1 drivers
v00000000017cb9c0_0 .net *"_s124", 0 0, L_000000000185bbc0;  1 drivers
v00000000017caa20_0 .net *"_s126", 0 0, L_000000000185c170;  1 drivers
v00000000017cbd80_0 .net *"_s128", 0 0, L_000000000185ce20;  1 drivers
v00000000017cb2e0_0 .net *"_s132", 0 0, L_000000000185c090;  1 drivers
v00000000017cb060_0 .net *"_s134", 0 0, L_000000000185b8b0;  1 drivers
v00000000017cb560_0 .net *"_s136", 0 0, L_000000000185cf70;  1 drivers
v00000000017c9c60_0 .net *"_s138", 0 0, L_000000000185cd40;  1 drivers
v00000000017c9f80_0 .net *"_s14", 0 0, L_000000000185f190;  1 drivers
v00000000017ca2a0_0 .net *"_s140", 0 0, L_000000000185c3a0;  1 drivers
v00000000017c98a0_0 .net *"_s142", 0 0, L_000000000185c100;  1 drivers
v00000000017cad40_0 .net *"_s144", 0 0, L_000000000185ce90;  1 drivers
v00000000017caf20_0 .net *"_s146", 0 0, L_000000000185c790;  1 drivers
v00000000017ca700_0 .net *"_s148", 0 0, L_000000000185c410;  1 drivers
v00000000017caac0_0 .net *"_s150", 0 0, L_000000000185c4f0;  1 drivers
v00000000017cb600_0 .net *"_s152", 0 0, L_000000000185c560;  1 drivers
v00000000017c9da0_0 .net *"_s154", 0 0, L_000000000185c5d0;  1 drivers
v00000000017ca340_0 .net *"_s158", 0 0, L_000000000185bc30;  1 drivers
v00000000017ca480_0 .net *"_s16", 0 0, L_000000000185efd0;  1 drivers
v00000000017ca520_0 .net *"_s160", 0 0, L_000000000185c800;  1 drivers
v00000000017c9940_0 .net *"_s162", 0 0, L_000000000185c9c0;  1 drivers
v00000000017ca7a0_0 .net *"_s164", 0 0, L_000000000185bd10;  1 drivers
v00000000017cba60_0 .net *"_s166", 0 0, L_000000000185bdf0;  1 drivers
v00000000017cb1a0_0 .net *"_s168", 0 0, L_000000000185caa0;  1 drivers
v00000000017cbe20_0 .net *"_s170", 0 0, L_000000000185cb10;  1 drivers
v00000000017ca020_0 .net *"_s172", 0 0, L_000000000185cc60;  1 drivers
v00000000017cbb00_0 .net *"_s174", 0 0, L_000000000185ccd0;  1 drivers
v00000000017cb7e0_0 .net *"_s176", 0 0, L_000000000185dc90;  1 drivers
v00000000017c9a80_0 .net *"_s18", 0 0, L_000000000185f270;  1 drivers
v00000000017c99e0_0 .net *"_s20", 0 0, L_000000000185f040;  1 drivers
v00000000017cbba0_0 .net *"_s22", 0 0, L_000000000185f350;  1 drivers
v00000000017cbce0_0 .net *"_s24", 0 0, L_000000000185ee80;  1 drivers
v00000000017ca840_0 .net *"_s26", 0 0, L_000000000185ee10;  1 drivers
v00000000017c9e40_0 .net *"_s28", 0 0, L_000000000185ed30;  1 drivers
v00000000017cb920_0 .net *"_s30", 0 0, L_000000000185f200;  1 drivers
v00000000017ca160_0 .net *"_s32", 0 0, L_000000000185f2e0;  1 drivers
v00000000017cb740_0 .net *"_s34", 0 0, L_000000000185eef0;  1 drivers
v00000000017cafc0_0 .net *"_s36", 0 0, L_000000000185ef60;  1 drivers
v00000000017ca3e0_0 .net *"_s40", 0 0, L_000000000185f0b0;  1 drivers
v00000000017ca8e0_0 .net *"_s42", 0 0, L_000000000185f3c0;  1 drivers
v00000000017cac00_0 .net *"_s44", 0 0, L_000000000185f430;  1 drivers
v00000000017cb880_0 .net *"_s46", 0 0, L_000000000185eda0;  1 drivers
v00000000017cbc40_0 .net *"_s48", 0 0, L_000000000185cbf0;  1 drivers
v00000000017cbec0_0 .net *"_s50", 0 0, L_000000000185bd80;  1 drivers
v00000000017cbf60_0 .net *"_s52", 0 0, L_000000000185c870;  1 drivers
v00000000017cdd60_0 .net *"_s54", 0 0, L_000000000185b6f0;  1 drivers
v00000000017cdb80_0 .net *"_s56", 0 0, L_000000000185bfb0;  1 drivers
v00000000017ccf00_0 .net *"_s58", 0 0, L_000000000185c250;  1 drivers
v00000000017ccbe0_0 .net *"_s60", 0 0, L_000000000185ca30;  1 drivers
v00000000017ce300_0 .net *"_s62", 0 0, L_000000000185b680;  1 drivers
v00000000017ccc80_0 .net *"_s66", 0 0, L_000000000185ba00;  1 drivers
v00000000017cdcc0_0 .net *"_s68", 0 0, L_000000000185ba70;  1 drivers
v00000000017ce800_0 .net *"_s70", 0 0, L_000000000185be60;  1 drivers
v00000000017cdfe0_0 .net *"_s72", 0 0, L_000000000185b530;  1 drivers
v00000000017cc460_0 .net *"_s74", 0 0, L_000000000185c640;  1 drivers
v00000000017cd2c0_0 .net *"_s76", 0 0, L_000000000185cf00;  1 drivers
v00000000017ce260_0 .net *"_s78", 0 0, L_000000000185bca0;  1 drivers
v00000000017cdea0_0 .net *"_s8", 0 0, L_0000000001810240;  1 drivers
v00000000017cd220_0 .net *"_s80", 0 0, L_000000000185d0c0;  1 drivers
v00000000017ccfa0_0 .net *"_s82", 0 0, L_000000000185c1e0;  1 drivers
v00000000017cd9a0_0 .net *"_s86", 0 0, L_000000000185bed0;  1 drivers
v00000000017ce3a0_0 .net *"_s88", 0 0, L_000000000185c720;  1 drivers
v00000000017ccaa0_0 .net *"_s90", 0 0, L_000000000185bf40;  1 drivers
v00000000017cd400_0 .net *"_s92", 0 0, L_000000000185cfe0;  1 drivers
v00000000017cd720_0 .net *"_s94", 0 0, L_000000000185cb80;  1 drivers
v00000000017cd180_0 .net *"_s96", 0 0, L_000000000185c020;  1 drivers
v00000000017cdc20_0 .net *"_s98", 0 0, L_000000000185b5a0;  1 drivers
v00000000017cc1e0_0 .net "a", 0 0, L_000000000185f120;  1 drivers
v00000000017cca00_0 .net "b", 0 0, L_000000000185c8e0;  1 drivers
v00000000017ccd20_0 .net "c", 0 0, L_000000000185bae0;  1 drivers
v00000000017ccdc0_0 .net "d", 0 0, L_000000000185c480;  1 drivers
v00000000017cc280_0 .net "e", 0 0, L_000000000185c330;  1 drivers
v00000000017ce1c0_0 .net "f", 0 0, L_000000000185b920;  1 drivers
v00000000017cde00_0 .net "g", 0 0, L_000000000185d520;  1 drivers
v00000000017cc320_0 .net "p", 0 0, L_000000000185d830;  1 drivers
v00000000017cda40_0 .net "point", 0 0, L_00000000017fcaa0;  1 drivers
S_0000000001299f70 .scope module, "MyMc1" "MyMC14495" 5 38, 6 1 0, S_00000000012bb820;
 .timescale 0 0;
    .port_info 0 /INPUT 1 "D0";
    .port_info 1 /INPUT 1 "D1";
    .port_info 2 /INPUT 1 "D2";
    .port_info 3 /INPUT 1 "D3";
    .port_info 4 /INPUT 1 "LE";
    .port_info 5 /INPUT 1 "point";
    .port_info 6 /OUTPUT 1 "a";
    .port_info 7 /OUTPUT 1 "b";
    .port_info 8 /OUTPUT 1 "c";
    .port_info 9 /OUTPUT 1 "d";
    .port_info 10 /OUTPUT 1 "e";
    .port_info 11 /OUTPUT 1 "f";
    .port_info 12 /OUTPUT 1 "g";
    .port_info 13 /OUTPUT 1 "p";
L_000000000185dc20 .functor NOT 1, L_00000000017fbc40, C4<0>, C4<0>, C4<0>;
L_000000000185e630 .functor NOT 1, L_00000000017fcb40, C4<0>, C4<0>, C4<0>;
L_000000000185e390 .functor NOT 1, L_00000000017fc1e0, C4<0>, C4<0>, C4<0>;
L_000000000185e8d0 .functor NOT 1, L_00000000017fb6a0, C4<0>, C4<0>, C4<0>;
L_000000000185e710 .functor AND 1, L_000000000185e8d0, L_000000000185e390, C4<1>, C4<1>;
L_000000000185dd00 .functor AND 1, L_000000000185e710, L_000000000185e630, C4<1>, C4<1>;
L_000000000185e4e0 .functor AND 1, L_000000000185dd00, L_00000000017fbc40, C4<1>, C4<1>;
L_000000000185d910 .functor AND 1, L_000000000185e8d0, L_00000000017fc1e0, C4<1>, C4<1>;
L_000000000185e6a0 .functor AND 1, L_000000000185d910, L_000000000185e630, C4<1>, C4<1>;
L_000000000185d590 .functor AND 1, L_000000000185e6a0, L_000000000185dc20, C4<1>, C4<1>;
L_000000000185d8a0 .functor OR 1, L_000000000185e4e0, L_000000000185d590, C4<0>, C4<0>;
L_000000000185e470 .functor AND 1, L_00000000017fb6a0, L_000000000185e390, C4<1>, C4<1>;
L_000000000185ebe0 .functor AND 1, L_000000000185e470, L_00000000017fcb40, C4<1>, C4<1>;
L_000000000185ecc0 .functor AND 1, L_000000000185ebe0, L_00000000017fbc40, C4<1>, C4<1>;
L_000000000185e940 .functor OR 1, L_000000000185d8a0, L_000000000185ecc0, C4<0>, C4<0>;
L_000000000185d280 .functor AND 1, L_00000000017fb6a0, L_00000000017fc1e0, C4<1>, C4<1>;
L_000000000185dd70 .functor AND 1, L_000000000185d280, L_000000000185e630, C4<1>, C4<1>;
L_000000000185db40 .functor AND 1, L_000000000185dd70, L_00000000017fbc40, C4<1>, C4<1>;
L_000000000185e400 .functor OR 1, L_000000000185e940, L_000000000185db40, C4<0>, C4<0>;
L_000000000185ea90 .functor OR 1, L_0000000001812dd8, L_000000000185e400, C4<0>, C4<0>;
L_000000000185e550 .functor AND 1, L_000000000185e8d0, L_00000000017fc1e0, C4<1>, C4<1>;
L_000000000185dad0 .functor AND 1, L_000000000185e550, L_000000000185e630, C4<1>, C4<1>;
L_000000000185e010 .functor AND 1, L_000000000185dad0, L_00000000017fbc40, C4<1>, C4<1>;
L_000000000185d670 .functor AND 1, L_00000000017fc1e0, L_00000000017fcb40, C4<1>, C4<1>;
L_000000000185d2f0 .functor AND 1, L_000000000185d670, L_000000000185dc20, C4<1>, C4<1>;
L_000000000185d600 .functor OR 1, L_000000000185e010, L_000000000185d2f0, C4<0>, C4<0>;
L_000000000185e5c0 .functor AND 1, L_00000000017fb6a0, L_00000000017fc1e0, C4<1>, C4<1>;
L_000000000185e780 .functor AND 1, L_000000000185e5c0, L_000000000185dc20, C4<1>, C4<1>;
L_000000000185d980 .functor OR 1, L_000000000185d600, L_000000000185e780, C4<0>, C4<0>;
L_000000000185d6e0 .functor AND 1, L_00000000017fb6a0, L_00000000017fcb40, C4<1>, C4<1>;
L_000000000185e7f0 .functor AND 1, L_000000000185d6e0, L_00000000017fbc40, C4<1>, C4<1>;
L_000000000185d9f0 .functor OR 1, L_000000000185d980, L_000000000185e7f0, C4<0>, C4<0>;
L_000000000185da60 .functor OR 1, L_0000000001812dd8, L_000000000185d9f0, C4<0>, C4<0>;
L_000000000185d130 .functor AND 1, L_000000000185e8d0, L_000000000185e390, C4<1>, C4<1>;
L_000000000185d750 .functor AND 1, L_000000000185d130, L_00000000017fcb40, C4<1>, C4<1>;
L_000000000185e860 .functor AND 1, L_000000000185d750, L_000000000185dc20, C4<1>, C4<1>;
L_000000000185eb70 .functor AND 1, L_00000000017fb6a0, L_00000000017fc1e0, C4<1>, C4<1>;
L_000000000185d7c0 .functor AND 1, L_000000000185eb70, L_000000000185dc20, C4<1>, C4<1>;
L_000000000185dbb0 .functor OR 1, L_000000000185e860, L_000000000185d7c0, C4<0>, C4<0>;
L_000000000185d360 .functor AND 1, L_00000000017fb6a0, L_00000000017fc1e0, C4<1>, C4<1>;
L_000000000185dde0 .functor AND 1, L_000000000185d360, L_00000000017fcb40, C4<1>, C4<1>;
L_000000000185de50 .functor OR 1, L_000000000185dbb0, L_000000000185dde0, C4<0>, C4<0>;
L_000000000185dec0 .functor OR 1, L_0000000001812dd8, L_000000000185de50, C4<0>, C4<0>;
L_000000000185df30 .functor AND 1, L_000000000185e8d0, L_000000000185e390, C4<1>, C4<1>;
L_000000000185ea20 .functor AND 1, L_000000000185df30, L_000000000185e630, C4<1>, C4<1>;
L_000000000185e240 .functor AND 1, L_000000000185ea20, L_00000000017fbc40, C4<1>, C4<1>;
L_000000000185eb00 .functor AND 1, L_000000000185e8d0, L_00000000017fc1e0, C4<1>, C4<1>;
L_000000000185dfa0 .functor AND 1, L_000000000185eb00, L_000000000185e630, C4<1>, C4<1>;
L_000000000185e080 .functor AND 1, L_000000000185dfa0, L_000000000185dc20, C4<1>, C4<1>;
L_000000000185e0f0 .functor OR 1, L_000000000185e240, L_000000000185e080, C4<0>, C4<0>;
L_000000000185e9b0 .functor AND 1, L_00000000017fc1e0, L_00000000017fcb40, C4<1>, C4<1>;
L_000000000185d3d0 .functor AND 1, L_000000000185e9b0, L_00000000017fbc40, C4<1>, C4<1>;
L_000000000185e160 .functor OR 1, L_000000000185e0f0, L_000000000185d3d0, C4<0>, C4<0>;
L_000000000185e1d0 .functor AND 1, L_00000000017fb6a0, L_000000000185e390, C4<1>, C4<1>;
L_000000000185ec50 .functor AND 1, L_000000000185e1d0, L_00000000017fcb40, C4<1>, C4<1>;
L_000000000185e2b0 .functor AND 1, L_000000000185ec50, L_000000000185dc20, C4<1>, C4<1>;
L_000000000185d440 .functor OR 1, L_000000000185e160, L_000000000185e2b0, C4<0>, C4<0>;
L_000000000185d1a0 .functor OR 1, L_0000000001812dd8, L_000000000185d440, C4<0>, C4<0>;
L_000000000185d210 .functor AND 1, L_000000000185e8d0, L_00000000017fbc40, C4<1>, C4<1>;
L_000000000185d4b0 .functor AND 1, L_000000000185e8d0, L_00000000017fc1e0, C4<1>, C4<1>;
L_000000000185e320 .functor AND 1, L_000000000185d4b0, L_000000000185e630, C4<1>, C4<1>;
L_000000000185fc20 .functor OR 1, L_000000000185d210, L_000000000185e320, C4<0>, C4<0>;
L_000000000185fad0 .functor AND 1, L_000000000185e390, L_000000000185e630, C4<1>, C4<1>;
L_000000000185fd00 .functor AND 1, L_000000000185fad0, L_00000000017fbc40, C4<1>, C4<1>;
L_00000000018605c0 .functor OR 1, L_000000000185fc20, L_000000000185fd00, C4<0>, C4<0>;
L_0000000001860b70 .functor OR 1, L_0000000001812dd8, L_00000000018605c0, C4<0>, C4<0>;
L_0000000001860b00 .functor AND 1, L_000000000185e8d0, L_000000000185e390, C4<1>, C4<1>;
L_0000000001860940 .functor AND 1, L_0000000001860b00, L_00000000017fbc40, C4<1>, C4<1>;
L_000000000185fd70 .functor AND 1, L_000000000185e8d0, L_000000000185e390, C4<1>, C4<1>;
L_000000000185f910 .functor AND 1, L_000000000185fd70, L_00000000017fcb40, C4<1>, C4<1>;
L_0000000001860a90 .functor OR 1, L_0000000001860940, L_000000000185f910, C4<0>, C4<0>;
L_0000000001860390 .functor AND 1, L_000000000185e8d0, L_00000000017fcb40, C4<1>, C4<1>;
L_00000000018610b0 .functor AND 1, L_0000000001860390, L_00000000017fbc40, C4<1>, C4<1>;
L_000000000185fc90 .functor OR 1, L_0000000001860a90, L_00000000018610b0, C4<0>, C4<0>;
L_0000000001860400 .functor AND 1, L_00000000017fb6a0, L_00000000017fc1e0, C4<1>, C4<1>;
L_00000000018608d0 .functor AND 1, L_0000000001860400, L_000000000185e630, C4<1>, C4<1>;
L_0000000001861120 .functor AND 1, L_00000000018608d0, L_00000000017fbc40, C4<1>, C4<1>;
L_0000000001861040 .functor OR 1, L_000000000185fc90, L_0000000001861120, C4<0>, C4<0>;
L_0000000001860470 .functor OR 1, L_0000000001812dd8, L_0000000001861040, C4<0>, C4<0>;
L_00000000018604e0 .functor AND 1, L_000000000185e8d0, L_000000000185e390, C4<1>, C4<1>;
L_0000000001861350 .functor AND 1, L_00000000018604e0, L_000000000185e630, C4<1>, C4<1>;
L_0000000001860e10 .functor AND 1, L_000000000185e8d0, L_00000000017fc1e0, C4<1>, C4<1>;
L_000000000185fb40 .functor AND 1, L_0000000001860e10, L_00000000017fcb40, C4<1>, C4<1>;
L_000000000185ffa0 .functor AND 1, L_000000000185fb40, L_00000000017fbc40, C4<1>, C4<1>;
L_0000000001860be0 .functor OR 1, L_0000000001861350, L_000000000185ffa0, C4<0>, C4<0>;
L_0000000001860fd0 .functor AND 1, L_00000000017fb6a0, L_00000000017fc1e0, C4<1>, C4<1>;
L_0000000001860c50 .functor AND 1, L_0000000001860fd0, L_000000000185e630, C4<1>, C4<1>;
L_000000000185fde0 .functor AND 1, L_0000000001860c50, L_000000000185dc20, C4<1>, C4<1>;
L_0000000001860550 .functor OR 1, L_0000000001860be0, L_000000000185fde0, C4<0>, C4<0>;
L_0000000001860630 .functor OR 1, L_0000000001812dd8, L_0000000001860550, C4<0>, C4<0>;
L_00000000018606a0 .functor NOT 1, L_00000000017fb740, C4<0>, C4<0>, C4<0>;
v00000000017cdae0_0 .net "D0", 0 0, L_00000000017fbc40;  1 drivers
v00000000017cc3c0_0 .net "D0n", 0 0, L_000000000185dc20;  1 drivers
v00000000017cd5e0_0 .net "D1", 0 0, L_00000000017fcb40;  1 drivers
v00000000017ce440_0 .net "D1n", 0 0, L_000000000185e630;  1 drivers
v00000000017cd4a0_0 .net "D2", 0 0, L_00000000017fc1e0;  1 drivers
v00000000017cc500_0 .net "D2n", 0 0, L_000000000185e390;  1 drivers
v00000000017ce6c0_0 .net "D3", 0 0, L_00000000017fb6a0;  1 drivers
v00000000017cc5a0_0 .net "D3n", 0 0, L_000000000185e8d0;  1 drivers
v00000000017cd040_0 .net "LE", 0 0, L_0000000001812dd8;  alias, 1 drivers
v00000000017cc0a0_0 .net *"_s10", 0 0, L_000000000185dd00;  1 drivers
v00000000017ccb40_0 .net *"_s100", 0 0, L_000000000185e9b0;  1 drivers
v00000000017cc640_0 .net *"_s102", 0 0, L_000000000185d3d0;  1 drivers
v00000000017cc6e0_0 .net *"_s104", 0 0, L_000000000185e160;  1 drivers
v00000000017cce60_0 .net *"_s106", 0 0, L_000000000185e1d0;  1 drivers
v00000000017ce4e0_0 .net *"_s108", 0 0, L_000000000185ec50;  1 drivers
v00000000017cc780_0 .net *"_s110", 0 0, L_000000000185e2b0;  1 drivers
v00000000017cd540_0 .net *"_s112", 0 0, L_000000000185d440;  1 drivers
v00000000017cc140_0 .net *"_s116", 0 0, L_000000000185d210;  1 drivers
v00000000017cd0e0_0 .net *"_s118", 0 0, L_000000000185d4b0;  1 drivers
v00000000017cdf40_0 .net *"_s12", 0 0, L_000000000185e4e0;  1 drivers
v00000000017cd360_0 .net *"_s120", 0 0, L_000000000185e320;  1 drivers
v00000000017cd680_0 .net *"_s122", 0 0, L_000000000185fc20;  1 drivers
v00000000017cc820_0 .net *"_s124", 0 0, L_000000000185fad0;  1 drivers
v00000000017cc8c0_0 .net *"_s126", 0 0, L_000000000185fd00;  1 drivers
v00000000017ce580_0 .net *"_s128", 0 0, L_00000000018605c0;  1 drivers
v00000000017cc960_0 .net *"_s132", 0 0, L_0000000001860b00;  1 drivers
v00000000017ce620_0 .net *"_s134", 0 0, L_0000000001860940;  1 drivers
v00000000017cd7c0_0 .net *"_s136", 0 0, L_000000000185fd70;  1 drivers
v00000000017cd860_0 .net *"_s138", 0 0, L_000000000185f910;  1 drivers
v00000000017cd900_0 .net *"_s14", 0 0, L_000000000185d910;  1 drivers
v00000000017ce080_0 .net *"_s140", 0 0, L_0000000001860a90;  1 drivers
v00000000017ce120_0 .net *"_s142", 0 0, L_0000000001860390;  1 drivers
v00000000017ce760_0 .net *"_s144", 0 0, L_00000000018610b0;  1 drivers
v00000000017cea80_0 .net *"_s146", 0 0, L_000000000185fc90;  1 drivers
v00000000017cec60_0 .net *"_s148", 0 0, L_0000000001860400;  1 drivers
v00000000017ceb20_0 .net *"_s150", 0 0, L_00000000018608d0;  1 drivers
v00000000017cebc0_0 .net *"_s152", 0 0, L_0000000001861120;  1 drivers
v00000000017ced00_0 .net *"_s154", 0 0, L_0000000001861040;  1 drivers
v00000000017ce8a0_0 .net *"_s158", 0 0, L_00000000018604e0;  1 drivers
v00000000017cee40_0 .net *"_s16", 0 0, L_000000000185e6a0;  1 drivers
v00000000017ceda0_0 .net *"_s160", 0 0, L_0000000001861350;  1 drivers
v00000000017ce940_0 .net *"_s162", 0 0, L_0000000001860e10;  1 drivers
v00000000017cef80_0 .net *"_s164", 0 0, L_000000000185fb40;  1 drivers
v00000000017ceee0_0 .net *"_s166", 0 0, L_000000000185ffa0;  1 drivers
v00000000017ce9e0_0 .net *"_s168", 0 0, L_0000000001860be0;  1 drivers
v00000000017d0f50_0 .net *"_s170", 0 0, L_0000000001860fd0;  1 drivers
v00000000017cf5b0_0 .net *"_s172", 0 0, L_0000000001860c50;  1 drivers
v00000000017cfb50_0 .net *"_s174", 0 0, L_000000000185fde0;  1 drivers
v00000000017cfc90_0 .net *"_s176", 0 0, L_0000000001860550;  1 drivers
v00000000017cfd30_0 .net *"_s18", 0 0, L_000000000185d590;  1 drivers
v00000000017cf0b0_0 .net *"_s20", 0 0, L_000000000185d8a0;  1 drivers
v00000000017cff10_0 .net *"_s22", 0 0, L_000000000185e470;  1 drivers
v00000000017d1270_0 .net *"_s24", 0 0, L_000000000185ebe0;  1 drivers
v00000000017d09b0_0 .net *"_s26", 0 0, L_000000000185ecc0;  1 drivers
v00000000017d1630_0 .net *"_s28", 0 0, L_000000000185e940;  1 drivers
v00000000017cf830_0 .net *"_s30", 0 0, L_000000000185d280;  1 drivers
v00000000017d1310_0 .net *"_s32", 0 0, L_000000000185dd70;  1 drivers
v00000000017d0ff0_0 .net *"_s34", 0 0, L_000000000185db40;  1 drivers
v00000000017cf290_0 .net *"_s36", 0 0, L_000000000185e400;  1 drivers
v00000000017cf150_0 .net *"_s40", 0 0, L_000000000185e550;  1 drivers
v00000000017d13b0_0 .net *"_s42", 0 0, L_000000000185dad0;  1 drivers
v00000000017d14f0_0 .net *"_s44", 0 0, L_000000000185e010;  1 drivers
v00000000017cfdd0_0 .net *"_s46", 0 0, L_000000000185d670;  1 drivers
v00000000017d1810_0 .net *"_s48", 0 0, L_000000000185d2f0;  1 drivers
v00000000017d1130_0 .net *"_s50", 0 0, L_000000000185d600;  1 drivers
v00000000017cf1f0_0 .net *"_s52", 0 0, L_000000000185e5c0;  1 drivers
v00000000017d0910_0 .net *"_s54", 0 0, L_000000000185e780;  1 drivers
v00000000017d04b0_0 .net *"_s56", 0 0, L_000000000185d980;  1 drivers
v00000000017cfa10_0 .net *"_s58", 0 0, L_000000000185d6e0;  1 drivers
v00000000017cfbf0_0 .net *"_s60", 0 0, L_000000000185e7f0;  1 drivers
v00000000017d0230_0 .net *"_s62", 0 0, L_000000000185d9f0;  1 drivers
v00000000017cf8d0_0 .net *"_s66", 0 0, L_000000000185d130;  1 drivers
v00000000017cf330_0 .net *"_s68", 0 0, L_000000000185d750;  1 drivers
v00000000017d1090_0 .net *"_s70", 0 0, L_000000000185e860;  1 drivers
v00000000017d11d0_0 .net *"_s72", 0 0, L_000000000185eb70;  1 drivers
v00000000017d0d70_0 .net *"_s74", 0 0, L_000000000185d7c0;  1 drivers
v00000000017d0b90_0 .net *"_s76", 0 0, L_000000000185dbb0;  1 drivers
v00000000017cffb0_0 .net *"_s78", 0 0, L_000000000185d360;  1 drivers
v00000000017cfe70_0 .net *"_s8", 0 0, L_000000000185e710;  1 drivers
v00000000017d1450_0 .net *"_s80", 0 0, L_000000000185dde0;  1 drivers
v00000000017d0050_0 .net *"_s82", 0 0, L_000000000185de50;  1 drivers
v00000000017d0cd0_0 .net *"_s86", 0 0, L_000000000185df30;  1 drivers
v00000000017cf3d0_0 .net *"_s88", 0 0, L_000000000185ea20;  1 drivers
v00000000017d1590_0 .net *"_s90", 0 0, L_000000000185e240;  1 drivers
v00000000017cf470_0 .net *"_s92", 0 0, L_000000000185eb00;  1 drivers
v00000000017d02d0_0 .net *"_s94", 0 0, L_000000000185dfa0;  1 drivers
v00000000017d16d0_0 .net *"_s96", 0 0, L_000000000185e080;  1 drivers
v00000000017d0eb0_0 .net *"_s98", 0 0, L_000000000185e0f0;  1 drivers
v00000000017d0370_0 .net "a", 0 0, L_000000000185ea90;  1 drivers
v00000000017d00f0_0 .net "b", 0 0, L_000000000185da60;  1 drivers
v00000000017d1770_0 .net "c", 0 0, L_000000000185dec0;  1 drivers
v00000000017d0a50_0 .net "d", 0 0, L_000000000185d1a0;  1 drivers
v00000000017cf510_0 .net "e", 0 0, L_0000000001860b70;  1 drivers
v00000000017cf650_0 .net "f", 0 0, L_0000000001860470;  1 drivers
v00000000017cfab0_0 .net "g", 0 0, L_0000000001860630;  1 drivers
v00000000017cf970_0 .net "p", 0 0, L_00000000018606a0;  1 drivers
v00000000017d0410_0 .net "point", 0 0, L_00000000017fb740;  1 drivers
S_000000000129a100 .scope module, "MyMc2" "MyMC14495" 5 40, 6 1 0, S_00000000012bb820;
 .timescale 0 0;
    .port_info 0 /INPUT 1 "D0";
    .port_info 1 /INPUT 1 "D1";
    .port_info 2 /INPUT 1 "D2";
    .port_info 3 /INPUT 1 "D3";
    .port_info 4 /INPUT 1 "LE";
    .port_info 5 /INPUT 1 "point";
    .port_info 6 /OUTPUT 1 "a";
    .port_info 7 /OUTPUT 1 "b";
    .port_info 8 /OUTPUT 1 "c";
    .port_info 9 /OUTPUT 1 "d";
    .port_info 10 /OUTPUT 1 "e";
    .port_info 11 /OUTPUT 1 "f";
    .port_info 12 /OUTPUT 1 "g";
    .port_info 13 /OUTPUT 1 "p";
L_0000000001861190 .functor NOT 1, L_00000000017fd540, C4<0>, C4<0>, C4<0>;
L_000000000185f9f0 .functor NOT 1, L_00000000017fd720, C4<0>, C4<0>, C4<0>;
L_00000000018602b0 .functor NOT 1, L_00000000017fbe20, C4<0>, C4<0>, C4<0>;
L_0000000001860710 .functor NOT 1, L_00000000017fd400, C4<0>, C4<0>, C4<0>;
L_0000000001860e80 .functor AND 1, L_0000000001860710, L_00000000018602b0, C4<1>, C4<1>;
L_00000000018600f0 .functor AND 1, L_0000000001860e80, L_000000000185f9f0, C4<1>, C4<1>;
L_000000000185fe50 .functor AND 1, L_00000000018600f0, L_00000000017fd540, C4<1>, C4<1>;
L_00000000018613c0 .functor AND 1, L_0000000001860710, L_00000000017fbe20, C4<1>, C4<1>;
L_0000000001861200 .functor AND 1, L_00000000018613c0, L_000000000185f9f0, C4<1>, C4<1>;
L_0000000001861270 .functor AND 1, L_0000000001861200, L_0000000001861190, C4<1>, C4<1>;
L_00000000018601d0 .functor OR 1, L_000000000185fe50, L_0000000001861270, C4<0>, C4<0>;
L_000000000185f830 .functor AND 1, L_00000000017fd400, L_00000000018602b0, C4<1>, C4<1>;
L_000000000185fa60 .functor AND 1, L_000000000185f830, L_00000000017fd720, C4<1>, C4<1>;
L_0000000001860ef0 .functor AND 1, L_000000000185fa60, L_00000000017fd540, C4<1>, C4<1>;
L_0000000001860a20 .functor OR 1, L_00000000018601d0, L_0000000001860ef0, C4<0>, C4<0>;
L_0000000001860f60 .functor AND 1, L_00000000017fd400, L_00000000017fbe20, C4<1>, C4<1>;
L_00000000018612e0 .functor AND 1, L_0000000001860f60, L_000000000185f9f0, C4<1>, C4<1>;
L_0000000001860cc0 .functor AND 1, L_00000000018612e0, L_00000000017fd540, C4<1>, C4<1>;
L_0000000001860780 .functor OR 1, L_0000000001860a20, L_0000000001860cc0, C4<0>, C4<0>;
L_00000000018607f0 .functor OR 1, L_0000000001812dd8, L_0000000001860780, C4<0>, C4<0>;
L_0000000001860860 .functor AND 1, L_0000000001860710, L_00000000017fbe20, C4<1>, C4<1>;
L_0000000001860160 .functor AND 1, L_0000000001860860, L_000000000185f9f0, C4<1>, C4<1>;
L_000000000185fec0 .functor AND 1, L_0000000001860160, L_00000000017fd540, C4<1>, C4<1>;
L_000000000185fbb0 .functor AND 1, L_00000000017fbe20, L_00000000017fd720, C4<1>, C4<1>;
L_000000000185ff30 .functor AND 1, L_000000000185fbb0, L_0000000001861190, C4<1>, C4<1>;
L_00000000018609b0 .functor OR 1, L_000000000185fec0, L_000000000185ff30, C4<0>, C4<0>;
L_0000000001860d30 .functor AND 1, L_00000000017fd400, L_00000000017fbe20, C4<1>, C4<1>;
L_0000000001860da0 .functor AND 1, L_0000000001860d30, L_0000000001861190, C4<1>, C4<1>;
L_0000000001860010 .functor OR 1, L_00000000018609b0, L_0000000001860da0, C4<0>, C4<0>;
L_000000000185f8a0 .functor AND 1, L_00000000017fd400, L_00000000017fd720, C4<1>, C4<1>;
L_0000000001860080 .functor AND 1, L_000000000185f8a0, L_00000000017fd540, C4<1>, C4<1>;
L_000000000185f980 .functor OR 1, L_0000000001860010, L_0000000001860080, C4<0>, C4<0>;
L_0000000001860240 .functor OR 1, L_0000000001812dd8, L_000000000185f980, C4<0>, C4<0>;
L_0000000001860320 .functor AND 1, L_0000000001860710, L_00000000018602b0, C4<1>, C4<1>;
L_0000000001861f90 .functor AND 1, L_0000000001860320, L_00000000017fd720, C4<1>, C4<1>;
L_0000000001861660 .functor AND 1, L_0000000001861f90, L_0000000001861190, C4<1>, C4<1>;
L_0000000001862e00 .functor AND 1, L_00000000017fd400, L_00000000017fbe20, C4<1>, C4<1>;
L_0000000001862c40 .functor AND 1, L_0000000001862e00, L_0000000001861190, C4<1>, C4<1>;
L_0000000001862070 .functor OR 1, L_0000000001861660, L_0000000001862c40, C4<0>, C4<0>;
L_0000000001862000 .functor AND 1, L_00000000017fd400, L_00000000017fbe20, C4<1>, C4<1>;
L_0000000001862ee0 .functor AND 1, L_0000000001862000, L_00000000017fd720, C4<1>, C4<1>;
L_0000000001861f20 .functor OR 1, L_0000000001862070, L_0000000001862ee0, C4<0>, C4<0>;
L_0000000001862930 .functor OR 1, L_0000000001812dd8, L_0000000001861f20, C4<0>, C4<0>;
L_0000000001862310 .functor AND 1, L_0000000001860710, L_00000000018602b0, C4<1>, C4<1>;
L_0000000001861890 .functor AND 1, L_0000000001862310, L_000000000185f9f0, C4<1>, C4<1>;
L_00000000018624d0 .functor AND 1, L_0000000001861890, L_00000000017fd540, C4<1>, C4<1>;
L_0000000001862a10 .functor AND 1, L_0000000001860710, L_00000000017fbe20, C4<1>, C4<1>;
L_0000000001862cb0 .functor AND 1, L_0000000001862a10, L_000000000185f9f0, C4<1>, C4<1>;
L_0000000001861970 .functor AND 1, L_0000000001862cb0, L_0000000001861190, C4<1>, C4<1>;
L_0000000001862230 .functor OR 1, L_00000000018624d0, L_0000000001861970, C4<0>, C4<0>;
L_00000000018616d0 .functor AND 1, L_00000000017fbe20, L_00000000017fd720, C4<1>, C4<1>;
L_0000000001861ba0 .functor AND 1, L_00000000018616d0, L_00000000017fd540, C4<1>, C4<1>;
L_00000000018620e0 .functor OR 1, L_0000000001862230, L_0000000001861ba0, C4<0>, C4<0>;
L_0000000001862a80 .functor AND 1, L_00000000017fd400, L_00000000018602b0, C4<1>, C4<1>;
L_00000000018622a0 .functor AND 1, L_0000000001862a80, L_00000000017fd720, C4<1>, C4<1>;
L_00000000018621c0 .functor AND 1, L_00000000018622a0, L_0000000001861190, C4<1>, C4<1>;
L_0000000001862d20 .functor OR 1, L_00000000018620e0, L_00000000018621c0, C4<0>, C4<0>;
L_0000000001862700 .functor OR 1, L_0000000001812dd8, L_0000000001862d20, C4<0>, C4<0>;
L_0000000001861430 .functor AND 1, L_0000000001860710, L_00000000017fd540, C4<1>, C4<1>;
L_0000000001862e70 .functor AND 1, L_0000000001860710, L_00000000017fbe20, C4<1>, C4<1>;
L_0000000001862f50 .functor AND 1, L_0000000001862e70, L_000000000185f9f0, C4<1>, C4<1>;
L_0000000001861c10 .functor OR 1, L_0000000001861430, L_0000000001862f50, C4<0>, C4<0>;
L_0000000001861900 .functor AND 1, L_00000000018602b0, L_000000000185f9f0, C4<1>, C4<1>;
L_0000000001862150 .functor AND 1, L_0000000001861900, L_00000000017fd540, C4<1>, C4<1>;
L_0000000001862af0 .functor OR 1, L_0000000001861c10, L_0000000001862150, C4<0>, C4<0>;
L_0000000001861dd0 .functor OR 1, L_0000000001812dd8, L_0000000001862af0, C4<0>, C4<0>;
L_0000000001862770 .functor AND 1, L_0000000001860710, L_00000000018602b0, C4<1>, C4<1>;
L_00000000018614a0 .functor AND 1, L_0000000001862770, L_00000000017fd540, C4<1>, C4<1>;
L_0000000001862380 .functor AND 1, L_0000000001860710, L_00000000018602b0, C4<1>, C4<1>;
L_00000000018619e0 .functor AND 1, L_0000000001862380, L_00000000017fd720, C4<1>, C4<1>;
L_00000000018627e0 .functor OR 1, L_00000000018614a0, L_00000000018619e0, C4<0>, C4<0>;
L_0000000001862fc0 .functor AND 1, L_0000000001860710, L_00000000017fd720, C4<1>, C4<1>;
L_00000000018625b0 .functor AND 1, L_0000000001862fc0, L_00000000017fd540, C4<1>, C4<1>;
L_00000000018623f0 .functor OR 1, L_00000000018627e0, L_00000000018625b0, C4<0>, C4<0>;
L_0000000001861510 .functor AND 1, L_00000000017fd400, L_00000000017fbe20, C4<1>, C4<1>;
L_0000000001862460 .functor AND 1, L_0000000001861510, L_000000000185f9f0, C4<1>, C4<1>;
L_0000000001861820 .functor AND 1, L_0000000001862460, L_00000000017fd540, C4<1>, C4<1>;
L_0000000001861a50 .functor OR 1, L_00000000018623f0, L_0000000001861820, C4<0>, C4<0>;
L_0000000001861b30 .functor OR 1, L_0000000001812dd8, L_0000000001861a50, C4<0>, C4<0>;
L_0000000001862540 .functor AND 1, L_0000000001860710, L_00000000018602b0, C4<1>, C4<1>;
L_0000000001862620 .functor AND 1, L_0000000001862540, L_000000000185f9f0, C4<1>, C4<1>;
L_0000000001861740 .functor AND 1, L_0000000001860710, L_00000000017fbe20, C4<1>, C4<1>;
L_00000000018617b0 .functor AND 1, L_0000000001861740, L_00000000017fd720, C4<1>, C4<1>;
L_0000000001861ac0 .functor AND 1, L_00000000018617b0, L_00000000017fd540, C4<1>, C4<1>;
L_0000000001862690 .functor OR 1, L_0000000001862620, L_0000000001861ac0, C4<0>, C4<0>;
L_0000000001862850 .functor AND 1, L_00000000017fd400, L_00000000017fbe20, C4<1>, C4<1>;
L_0000000001861580 .functor AND 1, L_0000000001862850, L_000000000185f9f0, C4<1>, C4<1>;
L_00000000018628c0 .functor AND 1, L_0000000001861580, L_0000000001861190, C4<1>, C4<1>;
L_0000000001861c80 .functor OR 1, L_0000000001862690, L_00000000018628c0, C4<0>, C4<0>;
L_0000000001862d90 .functor OR 1, L_0000000001812dd8, L_0000000001861c80, C4<0>, C4<0>;
L_00000000018629a0 .functor NOT 1, L_00000000017fcd20, C4<0>, C4<0>, C4<0>;
v00000000017d0190_0 .net "D0", 0 0, L_00000000017fd540;  1 drivers
v00000000017cf6f0_0 .net "D0n", 0 0, L_0000000001861190;  1 drivers
v00000000017d0550_0 .net "D1", 0 0, L_00000000017fd720;  1 drivers
v00000000017cf790_0 .net "D1n", 0 0, L_000000000185f9f0;  1 drivers
v00000000017d05f0_0 .net "D2", 0 0, L_00000000017fbe20;  1 drivers
v00000000017d0690_0 .net "D2n", 0 0, L_00000000018602b0;  1 drivers
v00000000017d0730_0 .net "D3", 0 0, L_00000000017fd400;  1 drivers
v00000000017d07d0_0 .net "D3n", 0 0, L_0000000001860710;  1 drivers
v00000000017d0e10_0 .net "LE", 0 0, L_0000000001812dd8;  alias, 1 drivers
v00000000017d0870_0 .net *"_s10", 0 0, L_00000000018600f0;  1 drivers
v00000000017d0af0_0 .net *"_s100", 0 0, L_00000000018616d0;  1 drivers
v00000000017d0c30_0 .net *"_s102", 0 0, L_0000000001861ba0;  1 drivers
v00000000017d3070_0 .net *"_s104", 0 0, L_00000000018620e0;  1 drivers
v00000000017d1d10_0 .net *"_s106", 0 0, L_0000000001862a80;  1 drivers
v00000000017d2710_0 .net *"_s108", 0 0, L_00000000018622a0;  1 drivers
v00000000017d1f90_0 .net *"_s110", 0 0, L_00000000018621c0;  1 drivers
v00000000017d3390_0 .net *"_s112", 0 0, L_0000000001862d20;  1 drivers
v00000000017d3c50_0 .net *"_s116", 0 0, L_0000000001861430;  1 drivers
v00000000017d3a70_0 .net *"_s118", 0 0, L_0000000001862e70;  1 drivers
v00000000017d32f0_0 .net *"_s12", 0 0, L_000000000185fe50;  1 drivers
v00000000017d2fd0_0 .net *"_s120", 0 0, L_0000000001862f50;  1 drivers
v00000000017d3110_0 .net *"_s122", 0 0, L_0000000001861c10;  1 drivers
v00000000017d2df0_0 .net *"_s124", 0 0, L_0000000001861900;  1 drivers
v00000000017d1ef0_0 .net *"_s126", 0 0, L_0000000001862150;  1 drivers
v00000000017d2ad0_0 .net *"_s128", 0 0, L_0000000001862af0;  1 drivers
v00000000017d39d0_0 .net *"_s132", 0 0, L_0000000001862770;  1 drivers
v00000000017d1a90_0 .net *"_s134", 0 0, L_00000000018614a0;  1 drivers
v00000000017d2670_0 .net *"_s136", 0 0, L_0000000001862380;  1 drivers
v00000000017d3250_0 .net *"_s138", 0 0, L_00000000018619e0;  1 drivers
v00000000017d2350_0 .net *"_s14", 0 0, L_00000000018613c0;  1 drivers
v00000000017d37f0_0 .net *"_s140", 0 0, L_00000000018627e0;  1 drivers
v00000000017d2b70_0 .net *"_s142", 0 0, L_0000000001862fc0;  1 drivers
v00000000017d20d0_0 .net *"_s144", 0 0, L_00000000018625b0;  1 drivers
v00000000017d27b0_0 .net *"_s146", 0 0, L_00000000018623f0;  1 drivers
v00000000017d1b30_0 .net *"_s148", 0 0, L_0000000001861510;  1 drivers
v00000000017d2850_0 .net *"_s150", 0 0, L_0000000001862460;  1 drivers
v00000000017d3b10_0 .net *"_s152", 0 0, L_0000000001861820;  1 drivers
v00000000017d3d90_0 .net *"_s154", 0 0, L_0000000001861a50;  1 drivers
v00000000017d3e30_0 .net *"_s158", 0 0, L_0000000001862540;  1 drivers
v00000000017d4010_0 .net *"_s16", 0 0, L_0000000001861200;  1 drivers
v00000000017d2a30_0 .net *"_s160", 0 0, L_0000000001862620;  1 drivers
v00000000017d2530_0 .net *"_s162", 0 0, L_0000000001861740;  1 drivers
v00000000017d2030_0 .net *"_s164", 0 0, L_00000000018617b0;  1 drivers
v00000000017d1c70_0 .net *"_s166", 0 0, L_0000000001861ac0;  1 drivers
v00000000017d2170_0 .net *"_s168", 0 0, L_0000000001862690;  1 drivers
v00000000017d2210_0 .net *"_s170", 0 0, L_0000000001862850;  1 drivers
v00000000017d3f70_0 .net *"_s172", 0 0, L_0000000001861580;  1 drivers
v00000000017d3430_0 .net *"_s174", 0 0, L_00000000018628c0;  1 drivers
v00000000017d1db0_0 .net *"_s176", 0 0, L_0000000001861c80;  1 drivers
v00000000017d1e50_0 .net *"_s18", 0 0, L_0000000001861270;  1 drivers
v00000000017d22b0_0 .net *"_s20", 0 0, L_00000000018601d0;  1 drivers
v00000000017d3bb0_0 .net *"_s22", 0 0, L_000000000185f830;  1 drivers
v00000000017d1bd0_0 .net *"_s24", 0 0, L_000000000185fa60;  1 drivers
v00000000017d2d50_0 .net *"_s26", 0 0, L_0000000001860ef0;  1 drivers
v00000000017d23f0_0 .net *"_s28", 0 0, L_0000000001860a20;  1 drivers
v00000000017d34d0_0 .net *"_s30", 0 0, L_0000000001860f60;  1 drivers
v00000000017d2490_0 .net *"_s32", 0 0, L_00000000018612e0;  1 drivers
v00000000017d25d0_0 .net *"_s34", 0 0, L_0000000001860cc0;  1 drivers
v00000000017d28f0_0 .net *"_s36", 0 0, L_0000000001860780;  1 drivers
v00000000017d2990_0 .net *"_s40", 0 0, L_0000000001860860;  1 drivers
v00000000017d31b0_0 .net *"_s42", 0 0, L_0000000001860160;  1 drivers
v00000000017d2e90_0 .net *"_s44", 0 0, L_000000000185fec0;  1 drivers
v00000000017d2c10_0 .net *"_s46", 0 0, L_000000000185fbb0;  1 drivers
v00000000017d3570_0 .net *"_s48", 0 0, L_000000000185ff30;  1 drivers
v00000000017d2cb0_0 .net *"_s50", 0 0, L_00000000018609b0;  1 drivers
v00000000017d18b0_0 .net *"_s52", 0 0, L_0000000001860d30;  1 drivers
v00000000017d1950_0 .net *"_s54", 0 0, L_0000000001860da0;  1 drivers
v00000000017d3ed0_0 .net *"_s56", 0 0, L_0000000001860010;  1 drivers
v00000000017d3890_0 .net *"_s58", 0 0, L_000000000185f8a0;  1 drivers
v00000000017d2f30_0 .net *"_s60", 0 0, L_0000000001860080;  1 drivers
v00000000017d36b0_0 .net *"_s62", 0 0, L_000000000185f980;  1 drivers
v00000000017d3610_0 .net *"_s66", 0 0, L_0000000001860320;  1 drivers
v00000000017d19f0_0 .net *"_s68", 0 0, L_0000000001861f90;  1 drivers
v00000000017d3750_0 .net *"_s70", 0 0, L_0000000001861660;  1 drivers
v00000000017d3930_0 .net *"_s72", 0 0, L_0000000001862e00;  1 drivers
v00000000017d3cf0_0 .net *"_s74", 0 0, L_0000000001862c40;  1 drivers
v00000000017d63b0_0 .net *"_s76", 0 0, L_0000000001862070;  1 drivers
v00000000017d5190_0 .net *"_s78", 0 0, L_0000000001862000;  1 drivers
v00000000017d6810_0 .net *"_s8", 0 0, L_0000000001860e80;  1 drivers
v00000000017d5cd0_0 .net *"_s80", 0 0, L_0000000001862ee0;  1 drivers
v00000000017d50f0_0 .net *"_s82", 0 0, L_0000000001861f20;  1 drivers
v00000000017d4bf0_0 .net *"_s86", 0 0, L_0000000001862310;  1 drivers
v00000000017d6770_0 .net *"_s88", 0 0, L_0000000001861890;  1 drivers
v00000000017d4330_0 .net *"_s90", 0 0, L_00000000018624d0;  1 drivers
v00000000017d48d0_0 .net *"_s92", 0 0, L_0000000001862a10;  1 drivers
v00000000017d61d0_0 .net *"_s94", 0 0, L_0000000001862cb0;  1 drivers
v00000000017d6590_0 .net *"_s96", 0 0, L_0000000001861970;  1 drivers
v00000000017d5af0_0 .net *"_s98", 0 0, L_0000000001862230;  1 drivers
v00000000017d5870_0 .net "a", 0 0, L_00000000018607f0;  1 drivers
v00000000017d4d30_0 .net "b", 0 0, L_0000000001860240;  1 drivers
v00000000017d66d0_0 .net "c", 0 0, L_0000000001862930;  1 drivers
v00000000017d43d0_0 .net "d", 0 0, L_0000000001862700;  1 drivers
v00000000017d4470_0 .net "e", 0 0, L_0000000001861dd0;  1 drivers
v00000000017d6450_0 .net "f", 0 0, L_0000000001861b30;  1 drivers
v00000000017d4ab0_0 .net "g", 0 0, L_0000000001862d90;  1 drivers
v00000000017d4830_0 .net "p", 0 0, L_00000000018629a0;  1 drivers
v00000000017d40b0_0 .net "point", 0 0, L_00000000017fcd20;  1 drivers
S_000000000117b9c0 .scope module, "MyMc3" "MyMC14495" 5 42, 6 1 0, S_00000000012bb820;
 .timescale 0 0;
    .port_info 0 /INPUT 1 "D0";
    .port_info 1 /INPUT 1 "D1";
    .port_info 2 /INPUT 1 "D2";
    .port_info 3 /INPUT 1 "D3";
    .port_info 4 /INPUT 1 "LE";
    .port_info 5 /INPUT 1 "point";
    .port_info 6 /OUTPUT 1 "a";
    .port_info 7 /OUTPUT 1 "b";
    .port_info 8 /OUTPUT 1 "c";
    .port_info 9 /OUTPUT 1 "d";
    .port_info 10 /OUTPUT 1 "e";
    .port_info 11 /OUTPUT 1 "f";
    .port_info 12 /OUTPUT 1 "g";
    .port_info 13 /OUTPUT 1 "p";
L_0000000001861cf0 .functor NOT 1, L_00000000017fcf00, C4<0>, C4<0>, C4<0>;
L_0000000001861d60 .functor NOT 1, L_00000000017fb240, C4<0>, C4<0>, C4<0>;
L_00000000018615f0 .functor NOT 1, L_00000000017fcdc0, C4<0>, C4<0>, C4<0>;
L_0000000001861e40 .functor NOT 1, L_00000000017fd0e0, C4<0>, C4<0>, C4<0>;
L_0000000001862b60 .functor AND 1, L_0000000001861e40, L_00000000018615f0, C4<1>, C4<1>;
L_0000000001861eb0 .functor AND 1, L_0000000001862b60, L_0000000001861d60, C4<1>, C4<1>;
L_0000000001862bd0 .functor AND 1, L_0000000001861eb0, L_00000000017fcf00, C4<1>, C4<1>;
L_0000000001863340 .functor AND 1, L_0000000001861e40, L_00000000017fcdc0, C4<1>, C4<1>;
L_0000000001863490 .functor AND 1, L_0000000001863340, L_0000000001861d60, C4<1>, C4<1>;
L_00000000018632d0 .functor AND 1, L_0000000001863490, L_0000000001861cf0, C4<1>, C4<1>;
L_00000000018635e0 .functor OR 1, L_0000000001862bd0, L_00000000018632d0, C4<0>, C4<0>;
L_0000000001863570 .functor AND 1, L_00000000017fd0e0, L_00000000018615f0, C4<1>, C4<1>;
L_0000000001863180 .functor AND 1, L_0000000001863570, L_00000000017fb240, C4<1>, C4<1>;
L_0000000001863500 .functor AND 1, L_0000000001863180, L_00000000017fcf00, C4<1>, C4<1>;
L_00000000018631f0 .functor OR 1, L_00000000018635e0, L_0000000001863500, C4<0>, C4<0>;
L_0000000001863650 .functor AND 1, L_00000000017fd0e0, L_00000000017fcdc0, C4<1>, C4<1>;
L_00000000018636c0 .functor AND 1, L_0000000001863650, L_0000000001861d60, C4<1>, C4<1>;
L_0000000001863730 .functor AND 1, L_00000000018636c0, L_00000000017fcf00, C4<1>, C4<1>;
L_0000000001863260 .functor OR 1, L_00000000018631f0, L_0000000001863730, C4<0>, C4<0>;
L_00000000018633b0 .functor OR 1, L_0000000001812dd8, L_0000000001863260, C4<0>, C4<0>;
L_0000000001863110 .functor AND 1, L_0000000001861e40, L_00000000017fcdc0, C4<1>, C4<1>;
L_0000000001863030 .functor AND 1, L_0000000001863110, L_0000000001861d60, C4<1>, C4<1>;
L_00000000018630a0 .functor AND 1, L_0000000001863030, L_00000000017fcf00, C4<1>, C4<1>;
L_0000000001863420 .functor AND 1, L_00000000017fcdc0, L_00000000017fb240, C4<1>, C4<1>;
L_0000000001870660 .functor AND 1, L_0000000001863420, L_0000000001861cf0, C4<1>, C4<1>;
L_000000000186fc50 .functor OR 1, L_00000000018630a0, L_0000000001870660, C4<0>, C4<0>;
L_0000000001870740 .functor AND 1, L_00000000017fd0e0, L_00000000017fcdc0, C4<1>, C4<1>;
L_0000000001871620 .functor AND 1, L_0000000001870740, L_0000000001861cf0, C4<1>, C4<1>;
L_0000000001870120 .functor OR 1, L_000000000186fc50, L_0000000001871620, C4<0>, C4<0>;
L_00000000018702e0 .functor AND 1, L_00000000017fd0e0, L_00000000017fb240, C4<1>, C4<1>;
L_0000000001870dd0 .functor AND 1, L_00000000018702e0, L_00000000017fcf00, C4<1>, C4<1>;
L_0000000001870f20 .functor OR 1, L_0000000001870120, L_0000000001870dd0, C4<0>, C4<0>;
L_0000000001870190 .functor OR 1, L_0000000001812dd8, L_0000000001870f20, C4<0>, C4<0>;
L_00000000018713f0 .functor AND 1, L_0000000001861e40, L_00000000018615f0, C4<1>, C4<1>;
L_00000000018700b0 .functor AND 1, L_00000000018713f0, L_00000000017fb240, C4<1>, C4<1>;
L_0000000001870970 .functor AND 1, L_00000000018700b0, L_0000000001861cf0, C4<1>, C4<1>;
L_00000000018706d0 .functor AND 1, L_00000000017fd0e0, L_00000000017fcdc0, C4<1>, C4<1>;
L_0000000001870350 .functor AND 1, L_00000000018706d0, L_0000000001861cf0, C4<1>, C4<1>;
L_00000000018712a0 .functor OR 1, L_0000000001870970, L_0000000001870350, C4<0>, C4<0>;
L_0000000001870f90 .functor AND 1, L_00000000017fd0e0, L_00000000017fcdc0, C4<1>, C4<1>;
L_0000000001871230 .functor AND 1, L_0000000001870f90, L_00000000017fb240, C4<1>, C4<1>;
L_00000000018703c0 .functor OR 1, L_00000000018712a0, L_0000000001871230, C4<0>, C4<0>;
L_0000000001870eb0 .functor OR 1, L_0000000001812dd8, L_00000000018703c0, C4<0>, C4<0>;
L_000000000186fd30 .functor AND 1, L_0000000001861e40, L_00000000018615f0, C4<1>, C4<1>;
L_0000000001870430 .functor AND 1, L_000000000186fd30, L_0000000001861d60, C4<1>, C4<1>;
L_0000000001871700 .functor AND 1, L_0000000001870430, L_00000000017fcf00, C4<1>, C4<1>;
L_0000000001871000 .functor AND 1, L_0000000001861e40, L_00000000017fcdc0, C4<1>, C4<1>;
L_0000000001871070 .functor AND 1, L_0000000001871000, L_0000000001861d60, C4<1>, C4<1>;
L_000000000186fcc0 .functor AND 1, L_0000000001871070, L_0000000001861cf0, C4<1>, C4<1>;
L_00000000018707b0 .functor OR 1, L_0000000001871700, L_000000000186fcc0, C4<0>, C4<0>;
L_0000000001870040 .functor AND 1, L_00000000017fcdc0, L_00000000017fb240, C4<1>, C4<1>;
L_0000000001871380 .functor AND 1, L_0000000001870040, L_00000000017fcf00, C4<1>, C4<1>;
L_0000000001870e40 .functor OR 1, L_00000000018707b0, L_0000000001871380, C4<0>, C4<0>;
L_00000000018714d0 .functor AND 1, L_00000000017fd0e0, L_00000000018615f0, C4<1>, C4<1>;
L_00000000018710e0 .functor AND 1, L_00000000018714d0, L_00000000017fb240, C4<1>, C4<1>;
L_0000000001870510 .functor AND 1, L_00000000018710e0, L_0000000001861cf0, C4<1>, C4<1>;
L_0000000001870820 .functor OR 1, L_0000000001870e40, L_0000000001870510, C4<0>, C4<0>;
L_0000000001870890 .functor OR 1, L_0000000001812dd8, L_0000000001870820, C4<0>, C4<0>;
L_0000000001871150 .functor AND 1, L_0000000001861e40, L_00000000017fcf00, C4<1>, C4<1>;
L_00000000018705f0 .functor AND 1, L_0000000001861e40, L_00000000017fcdc0, C4<1>, C4<1>;
L_0000000001870900 .functor AND 1, L_00000000018705f0, L_0000000001861d60, C4<1>, C4<1>;
L_0000000001870580 .functor OR 1, L_0000000001871150, L_0000000001870900, C4<0>, C4<0>;
L_00000000018709e0 .functor AND 1, L_00000000018615f0, L_0000000001861d60, C4<1>, C4<1>;
L_0000000001870200 .functor AND 1, L_00000000018709e0, L_00000000017fcf00, C4<1>, C4<1>;
L_00000000018711c0 .functor OR 1, L_0000000001870580, L_0000000001870200, C4<0>, C4<0>;
L_00000000018715b0 .functor OR 1, L_0000000001812dd8, L_00000000018711c0, C4<0>, C4<0>;
L_000000000186fe80 .functor AND 1, L_0000000001861e40, L_00000000018615f0, C4<1>, C4<1>;
L_0000000001870a50 .functor AND 1, L_000000000186fe80, L_00000000017fcf00, C4<1>, C4<1>;
L_000000000186fb70 .functor AND 1, L_0000000001861e40, L_00000000018615f0, C4<1>, C4<1>;
L_0000000001870ac0 .functor AND 1, L_000000000186fb70, L_00000000017fb240, C4<1>, C4<1>;
L_000000000186ff60 .functor OR 1, L_0000000001870a50, L_0000000001870ac0, C4<0>, C4<0>;
L_000000000186fe10 .functor AND 1, L_0000000001861e40, L_00000000017fb240, C4<1>, C4<1>;
L_0000000001870270 .functor AND 1, L_000000000186fe10, L_00000000017fcf00, C4<1>, C4<1>;
L_0000000001870b30 .functor OR 1, L_000000000186ff60, L_0000000001870270, C4<0>, C4<0>;
L_000000000186fbe0 .functor AND 1, L_00000000017fd0e0, L_00000000017fcdc0, C4<1>, C4<1>;
L_000000000186fda0 .functor AND 1, L_000000000186fbe0, L_0000000001861d60, C4<1>, C4<1>;
L_000000000186fef0 .functor AND 1, L_000000000186fda0, L_00000000017fcf00, C4<1>, C4<1>;
L_00000000018704a0 .functor OR 1, L_0000000001870b30, L_000000000186fef0, C4<0>, C4<0>;
L_0000000001870ba0 .functor OR 1, L_0000000001812dd8, L_00000000018704a0, C4<0>, C4<0>;
L_0000000001871310 .functor AND 1, L_0000000001861e40, L_00000000018615f0, C4<1>, C4<1>;
L_0000000001871460 .functor AND 1, L_0000000001871310, L_0000000001861d60, C4<1>, C4<1>;
L_0000000001871540 .functor AND 1, L_0000000001861e40, L_00000000017fcdc0, C4<1>, C4<1>;
L_0000000001871690 .functor AND 1, L_0000000001871540, L_00000000017fb240, C4<1>, C4<1>;
L_000000000186ffd0 .functor AND 1, L_0000000001871690, L_00000000017fcf00, C4<1>, C4<1>;
L_0000000001870c10 .functor OR 1, L_0000000001871460, L_000000000186ffd0, C4<0>, C4<0>;
L_0000000001870c80 .functor AND 1, L_00000000017fd0e0, L_00000000017fcdc0, C4<1>, C4<1>;
L_0000000001870cf0 .functor AND 1, L_0000000001870c80, L_0000000001861d60, C4<1>, C4<1>;
L_0000000001870d60 .functor AND 1, L_0000000001870cf0, L_0000000001861cf0, C4<1>, C4<1>;
L_0000000001872260 .functor OR 1, L_0000000001870c10, L_0000000001870d60, C4<0>, C4<0>;
L_0000000001871ee0 .functor OR 1, L_0000000001812dd8, L_0000000001872260, C4<0>, C4<0>;
L_0000000001871c40 .functor NOT 1, L_00000000017fb880, C4<0>, C4<0>, C4<0>;
v00000000017d6090_0 .net "D0", 0 0, L_00000000017fcf00;  1 drivers
v00000000017d4790_0 .net "D0n", 0 0, L_0000000001861cf0;  1 drivers
v00000000017d5550_0 .net "D1", 0 0, L_00000000017fb240;  1 drivers
v00000000017d64f0_0 .net "D1n", 0 0, L_0000000001861d60;  1 drivers
v00000000017d4f10_0 .net "D2", 0 0, L_00000000017fcdc0;  1 drivers
v00000000017d6270_0 .net "D2n", 0 0, L_00000000018615f0;  1 drivers
v00000000017d4150_0 .net "D3", 0 0, L_00000000017fd0e0;  1 drivers
v00000000017d5a50_0 .net "D3n", 0 0, L_0000000001861e40;  1 drivers
v00000000017d6630_0 .net "LE", 0 0, L_0000000001812dd8;  alias, 1 drivers
v00000000017d4970_0 .net *"_s10", 0 0, L_0000000001861eb0;  1 drivers
v00000000017d6310_0 .net *"_s100", 0 0, L_0000000001870040;  1 drivers
v00000000017d5ff0_0 .net *"_s102", 0 0, L_0000000001871380;  1 drivers
v00000000017d4290_0 .net *"_s104", 0 0, L_0000000001870e40;  1 drivers
v00000000017d41f0_0 .net *"_s106", 0 0, L_00000000018714d0;  1 drivers
v00000000017d4510_0 .net *"_s108", 0 0, L_00000000018710e0;  1 drivers
v00000000017d45b0_0 .net *"_s110", 0 0, L_0000000001870510;  1 drivers
v00000000017d4c90_0 .net *"_s112", 0 0, L_0000000001870820;  1 drivers
v00000000017d5b90_0 .net *"_s116", 0 0, L_0000000001871150;  1 drivers
v00000000017d5d70_0 .net *"_s118", 0 0, L_00000000018705f0;  1 drivers
v00000000017d4650_0 .net *"_s12", 0 0, L_0000000001862bd0;  1 drivers
v00000000017d46f0_0 .net *"_s120", 0 0, L_0000000001870900;  1 drivers
v00000000017d4a10_0 .net *"_s122", 0 0, L_0000000001870580;  1 drivers
v00000000017d4e70_0 .net *"_s124", 0 0, L_00000000018709e0;  1 drivers
v00000000017d5c30_0 .net *"_s126", 0 0, L_0000000001870200;  1 drivers
v00000000017d4b50_0 .net *"_s128", 0 0, L_00000000018711c0;  1 drivers
v00000000017d4dd0_0 .net *"_s132", 0 0, L_000000000186fe80;  1 drivers
v00000000017d5230_0 .net *"_s134", 0 0, L_0000000001870a50;  1 drivers
v00000000017d4fb0_0 .net *"_s136", 0 0, L_000000000186fb70;  1 drivers
v00000000017d5050_0 .net *"_s138", 0 0, L_0000000001870ac0;  1 drivers
v00000000017d52d0_0 .net *"_s14", 0 0, L_0000000001863340;  1 drivers
v00000000017d5e10_0 .net *"_s140", 0 0, L_000000000186ff60;  1 drivers
v00000000017d5370_0 .net *"_s142", 0 0, L_000000000186fe10;  1 drivers
v00000000017d5410_0 .net *"_s144", 0 0, L_0000000001870270;  1 drivers
v00000000017d6130_0 .net *"_s146", 0 0, L_0000000001870b30;  1 drivers
v00000000017d54b0_0 .net *"_s148", 0 0, L_000000000186fbe0;  1 drivers
v00000000017d55f0_0 .net *"_s150", 0 0, L_000000000186fda0;  1 drivers
v00000000017d5690_0 .net *"_s152", 0 0, L_000000000186fef0;  1 drivers
v00000000017d5730_0 .net *"_s154", 0 0, L_00000000018704a0;  1 drivers
v00000000017d57d0_0 .net *"_s158", 0 0, L_0000000001871310;  1 drivers
v00000000017d5910_0 .net *"_s16", 0 0, L_0000000001863490;  1 drivers
v00000000017d59b0_0 .net *"_s160", 0 0, L_0000000001871460;  1 drivers
v00000000017d5eb0_0 .net *"_s162", 0 0, L_0000000001871540;  1 drivers
v00000000017d5f50_0 .net *"_s164", 0 0, L_0000000001871690;  1 drivers
v00000000017d6e50_0 .net *"_s166", 0 0, L_000000000186ffd0;  1 drivers
v00000000017d6950_0 .net *"_s168", 0 0, L_0000000001870c10;  1 drivers
v00000000017d6f90_0 .net *"_s170", 0 0, L_0000000001870c80;  1 drivers
v00000000017d6db0_0 .net *"_s172", 0 0, L_0000000001870cf0;  1 drivers
v00000000017d6bd0_0 .net *"_s174", 0 0, L_0000000001870d60;  1 drivers
v00000000017d6c70_0 .net *"_s176", 0 0, L_0000000001872260;  1 drivers
v00000000017d6ef0_0 .net *"_s18", 0 0, L_00000000018632d0;  1 drivers
v00000000017d6d10_0 .net *"_s20", 0 0, L_00000000018635e0;  1 drivers
v00000000017d68b0_0 .net *"_s22", 0 0, L_0000000001863570;  1 drivers
v00000000017d69f0_0 .net *"_s24", 0 0, L_0000000001863180;  1 drivers
v00000000017d6a90_0 .net *"_s26", 0 0, L_0000000001863500;  1 drivers
v00000000017d6b30_0 .net *"_s28", 0 0, L_00000000018631f0;  1 drivers
v00000000017dd490_0 .net *"_s30", 0 0, L_0000000001863650;  1 drivers
v00000000017dd530_0 .net *"_s32", 0 0, L_00000000018636c0;  1 drivers
v00000000017de7f0_0 .net *"_s34", 0 0, L_0000000001863730;  1 drivers
v00000000017dc8b0_0 .net *"_s36", 0 0, L_0000000001863260;  1 drivers
v00000000017dd030_0 .net *"_s40", 0 0, L_0000000001863110;  1 drivers
v00000000017dd5d0_0 .net *"_s42", 0 0, L_0000000001863030;  1 drivers
v00000000017ddcb0_0 .net *"_s44", 0 0, L_00000000018630a0;  1 drivers
v00000000017ddad0_0 .net *"_s46", 0 0, L_0000000001863420;  1 drivers
v00000000017dd170_0 .net *"_s48", 0 0, L_0000000001870660;  1 drivers
v00000000017de070_0 .net *"_s50", 0 0, L_000000000186fc50;  1 drivers
v00000000017dd670_0 .net *"_s52", 0 0, L_0000000001870740;  1 drivers
v00000000017dec50_0 .net *"_s54", 0 0, L_0000000001871620;  1 drivers
v00000000017dc4f0_0 .net *"_s56", 0 0, L_0000000001870120;  1 drivers
v00000000017dde90_0 .net *"_s58", 0 0, L_00000000018702e0;  1 drivers
v00000000017dcf90_0 .net *"_s60", 0 0, L_0000000001870dd0;  1 drivers
v00000000017de430_0 .net *"_s62", 0 0, L_0000000001870f20;  1 drivers
v00000000017dd710_0 .net *"_s66", 0 0, L_00000000018713f0;  1 drivers
v00000000017dcd10_0 .net *"_s68", 0 0, L_00000000018700b0;  1 drivers
v00000000017dd3f0_0 .net *"_s70", 0 0, L_0000000001870970;  1 drivers
v00000000017dc6d0_0 .net *"_s72", 0 0, L_00000000018706d0;  1 drivers
v00000000017dd7b0_0 .net *"_s74", 0 0, L_0000000001870350;  1 drivers
v00000000017de750_0 .net *"_s76", 0 0, L_00000000018712a0;  1 drivers
v00000000017de9d0_0 .net *"_s78", 0 0, L_0000000001870f90;  1 drivers
v00000000017dea70_0 .net *"_s8", 0 0, L_0000000001862b60;  1 drivers
v00000000017dc590_0 .net *"_s80", 0 0, L_0000000001871230;  1 drivers
v00000000017dd850_0 .net *"_s82", 0 0, L_00000000018703c0;  1 drivers
v00000000017dd210_0 .net *"_s86", 0 0, L_000000000186fd30;  1 drivers
v00000000017dcbd0_0 .net *"_s88", 0 0, L_0000000001870430;  1 drivers
v00000000017dc950_0 .net *"_s90", 0 0, L_0000000001871700;  1 drivers
v00000000017dcc70_0 .net *"_s92", 0 0, L_0000000001871000;  1 drivers
v00000000017dcdb0_0 .net *"_s94", 0 0, L_0000000001871070;  1 drivers
v00000000017debb0_0 .net *"_s96", 0 0, L_000000000186fcc0;  1 drivers
v00000000017de110_0 .net *"_s98", 0 0, L_00000000018707b0;  1 drivers
v00000000017dc9f0_0 .net "a", 0 0, L_00000000018633b0;  1 drivers
v00000000017dd8f0_0 .net "b", 0 0, L_0000000001870190;  1 drivers
v00000000017dc630_0 .net "c", 0 0, L_0000000001870eb0;  1 drivers
v00000000017dce50_0 .net "d", 0 0, L_0000000001870890;  1 drivers
v00000000017dd2b0_0 .net "e", 0 0, L_00000000018715b0;  1 drivers
v00000000017dd350_0 .net "f", 0 0, L_0000000001870ba0;  1 drivers
v00000000017dc770_0 .net "g", 0 0, L_0000000001871ee0;  1 drivers
v00000000017de610_0 .net "p", 0 0, L_0000000001871c40;  1 drivers
v00000000017de1b0_0 .net "point", 0 0, L_00000000017fb880;  1 drivers
S_000000000117bb50 .scope module, "MyMc4" "MyMC14495" 5 44, 6 1 0, S_00000000012bb820;
 .timescale 0 0;
    .port_info 0 /INPUT 1 "D0";
    .port_info 1 /INPUT 1 "D1";
    .port_info 2 /INPUT 1 "D2";
    .port_info 3 /INPUT 1 "D3";
    .port_info 4 /INPUT 1 "LE";
    .port_info 5 /INPUT 1 "point";
    .port_info 6 /OUTPUT 1 "a";
    .port_info 7 /OUTPUT 1 "b";
    .port_info 8 /OUTPUT 1 "c";
    .port_info 9 /OUTPUT 1 "d";
    .port_info 10 /OUTPUT 1 "e";
    .port_info 11 /OUTPUT 1 "f";
    .port_info 12 /OUTPUT 1 "g";
    .port_info 13 /OUTPUT 1 "p";
L_0000000001872b90 .functor NOT 1, L_00000000017fc320, C4<0>, C4<0>, C4<0>;
L_0000000001872650 .functor NOT 1, L_00000000017fb560, C4<0>, C4<0>, C4<0>;
L_0000000001872030 .functor NOT 1, L_00000000017fbce0, C4<0>, C4<0>, C4<0>;
L_0000000001872340 .functor NOT 1, L_00000000017fbec0, C4<0>, C4<0>, C4<0>;
L_00000000018723b0 .functor AND 1, L_0000000001872340, L_0000000001872030, C4<1>, C4<1>;
L_0000000001872c00 .functor AND 1, L_00000000018723b0, L_0000000001872650, C4<1>, C4<1>;
L_0000000001873140 .functor AND 1, L_0000000001872c00, L_00000000017fc320, C4<1>, C4<1>;
L_0000000001872110 .functor AND 1, L_0000000001872340, L_00000000017fbce0, C4<1>, C4<1>;
L_0000000001872420 .functor AND 1, L_0000000001872110, L_0000000001872650, C4<1>, C4<1>;
L_0000000001872490 .functor AND 1, L_0000000001872420, L_0000000001872b90, C4<1>, C4<1>;
L_00000000018718c0 .functor OR 1, L_0000000001873140, L_0000000001872490, C4<0>, C4<0>;
L_0000000001872960 .functor AND 1, L_00000000017fbec0, L_0000000001872030, C4<1>, C4<1>;
L_00000000018717e0 .functor AND 1, L_0000000001872960, L_00000000017fb560, C4<1>, C4<1>;
L_0000000001872dc0 .functor AND 1, L_00000000018717e0, L_00000000017fc320, C4<1>, C4<1>;
L_0000000001872b20 .functor OR 1, L_00000000018718c0, L_0000000001872dc0, C4<0>, C4<0>;
L_0000000001872500 .functor AND 1, L_00000000017fbec0, L_00000000017fbce0, C4<1>, C4<1>;
L_0000000001871d20 .functor AND 1, L_0000000001872500, L_0000000001872650, C4<1>, C4<1>;
L_0000000001872570 .functor AND 1, L_0000000001871d20, L_00000000017fc320, C4<1>, C4<1>;
L_0000000001871850 .functor OR 1, L_0000000001872b20, L_0000000001872570, C4<0>, C4<0>;
L_0000000001871cb0 .functor OR 1, L_0000000001812dd8, L_0000000001871850, C4<0>, C4<0>;
L_0000000001871d90 .functor AND 1, L_0000000001872340, L_00000000017fbce0, C4<1>, C4<1>;
L_00000000018725e0 .functor AND 1, L_0000000001871d90, L_0000000001872650, C4<1>, C4<1>;
L_0000000001872ab0 .functor AND 1, L_00000000018725e0, L_00000000017fc320, C4<1>, C4<1>;
L_0000000001872a40 .functor AND 1, L_00000000017fbce0, L_00000000017fb560, C4<1>, C4<1>;
L_0000000001871930 .functor AND 1, L_0000000001872a40, L_0000000001872b90, C4<1>, C4<1>;
L_00000000018720a0 .functor OR 1, L_0000000001872ab0, L_0000000001871930, C4<0>, C4<0>;
L_0000000001872730 .functor AND 1, L_00000000017fbec0, L_00000000017fbce0, C4<1>, C4<1>;
L_0000000001871e00 .functor AND 1, L_0000000001872730, L_0000000001872b90, C4<1>, C4<1>;
L_0000000001872e30 .functor OR 1, L_00000000018720a0, L_0000000001871e00, C4<0>, C4<0>;
L_0000000001871b60 .functor AND 1, L_00000000017fbec0, L_00000000017fb560, C4<1>, C4<1>;
L_0000000001872ea0 .functor AND 1, L_0000000001871b60, L_00000000017fc320, C4<1>, C4<1>;
L_0000000001871e70 .functor OR 1, L_0000000001872e30, L_0000000001872ea0, C4<0>, C4<0>;
L_0000000001873060 .functor OR 1, L_0000000001812dd8, L_0000000001871e70, C4<0>, C4<0>;
L_00000000018722d0 .functor AND 1, L_0000000001872340, L_0000000001872030, C4<1>, C4<1>;
L_00000000018719a0 .functor AND 1, L_00000000018722d0, L_00000000017fb560, C4<1>, C4<1>;
L_0000000001871bd0 .functor AND 1, L_00000000018719a0, L_0000000001872b90, C4<1>, C4<1>;
L_0000000001871f50 .functor AND 1, L_00000000017fbec0, L_00000000017fbce0, C4<1>, C4<1>;
L_00000000018731b0 .functor AND 1, L_0000000001871f50, L_0000000001872b90, C4<1>, C4<1>;
L_00000000018726c0 .functor OR 1, L_0000000001871bd0, L_00000000018731b0, C4<0>, C4<0>;
L_0000000001872d50 .functor AND 1, L_00000000017fbec0, L_00000000017fbce0, C4<1>, C4<1>;
L_00000000018727a0 .functor AND 1, L_0000000001872d50, L_00000000017fb560, C4<1>, C4<1>;
L_0000000001872c70 .functor OR 1, L_00000000018726c0, L_00000000018727a0, C4<0>, C4<0>;
L_00000000018730d0 .functor OR 1, L_0000000001812dd8, L_0000000001872c70, C4<0>, C4<0>;
L_0000000001871a80 .functor AND 1, L_0000000001872340, L_0000000001872030, C4<1>, C4<1>;
L_0000000001872ce0 .functor AND 1, L_0000000001871a80, L_0000000001872650, C4<1>, C4<1>;
L_0000000001871770 .functor AND 1, L_0000000001872ce0, L_00000000017fc320, C4<1>, C4<1>;
L_0000000001873220 .functor AND 1, L_0000000001872340, L_00000000017fbce0, C4<1>, C4<1>;
L_0000000001873290 .functor AND 1, L_0000000001873220, L_0000000001872650, C4<1>, C4<1>;
L_0000000001872810 .functor AND 1, L_0000000001873290, L_0000000001872b90, C4<1>, C4<1>;
L_0000000001872880 .functor OR 1, L_0000000001871770, L_0000000001872810, C4<0>, C4<0>;
L_00000000018728f0 .functor AND 1, L_00000000017fbce0, L_00000000017fb560, C4<1>, C4<1>;
L_0000000001872f10 .functor AND 1, L_00000000018728f0, L_00000000017fc320, C4<1>, C4<1>;
L_00000000018721f0 .functor OR 1, L_0000000001872880, L_0000000001872f10, C4<0>, C4<0>;
L_0000000001872f80 .functor AND 1, L_00000000017fbec0, L_0000000001872030, C4<1>, C4<1>;
L_0000000001871a10 .functor AND 1, L_0000000001872f80, L_00000000017fb560, C4<1>, C4<1>;
L_0000000001872ff0 .functor AND 1, L_0000000001871a10, L_0000000001872b90, C4<1>, C4<1>;
L_00000000018729d0 .functor OR 1, L_00000000018721f0, L_0000000001872ff0, C4<0>, C4<0>;
L_0000000001873300 .functor OR 1, L_0000000001812dd8, L_00000000018729d0, C4<0>, C4<0>;
L_0000000001871af0 .functor AND 1, L_0000000001872340, L_00000000017fc320, C4<1>, C4<1>;
L_0000000001871fc0 .functor AND 1, L_0000000001872340, L_00000000017fbce0, C4<1>, C4<1>;
L_0000000001872180 .functor AND 1, L_0000000001871fc0, L_0000000001872650, C4<1>, C4<1>;
L_0000000001873fb0 .functor OR 1, L_0000000001871af0, L_0000000001872180, C4<0>, C4<0>;
L_0000000001873920 .functor AND 1, L_0000000001872030, L_0000000001872650, C4<1>, C4<1>;
L_0000000001873840 .functor AND 1, L_0000000001873920, L_00000000017fc320, C4<1>, C4<1>;
L_00000000018738b0 .functor OR 1, L_0000000001873fb0, L_0000000001873840, C4<0>, C4<0>;
L_0000000001874090 .functor OR 1, L_0000000001812dd8, L_00000000018738b0, C4<0>, C4<0>;
L_00000000018746b0 .functor AND 1, L_0000000001872340, L_0000000001872030, C4<1>, C4<1>;
L_0000000001874640 .functor AND 1, L_00000000018746b0, L_00000000017fc320, C4<1>, C4<1>;
L_0000000001874480 .functor AND 1, L_0000000001872340, L_0000000001872030, C4<1>, C4<1>;
L_0000000001873c30 .functor AND 1, L_0000000001874480, L_00000000017fb560, C4<1>, C4<1>;
L_0000000001873450 .functor OR 1, L_0000000001874640, L_0000000001873c30, C4<0>, C4<0>;
L_0000000001873a00 .functor AND 1, L_0000000001872340, L_00000000017fb560, C4<1>, C4<1>;
L_0000000001874020 .functor AND 1, L_0000000001873a00, L_00000000017fc320, C4<1>, C4<1>;
L_0000000001874bf0 .functor OR 1, L_0000000001873450, L_0000000001874020, C4<0>, C4<0>;
L_0000000001874cd0 .functor AND 1, L_00000000017fbec0, L_00000000017fbce0, C4<1>, C4<1>;
L_0000000001874d40 .functor AND 1, L_0000000001874cd0, L_0000000001872650, C4<1>, C4<1>;
L_0000000001874410 .functor AND 1, L_0000000001874d40, L_00000000017fc320, C4<1>, C4<1>;
L_0000000001874c60 .functor OR 1, L_0000000001874bf0, L_0000000001874410, C4<0>, C4<0>;
L_0000000001873b50 .functor OR 1, L_0000000001812dd8, L_0000000001874c60, C4<0>, C4<0>;
L_0000000001873f40 .functor AND 1, L_0000000001872340, L_0000000001872030, C4<1>, C4<1>;
L_0000000001874170 .functor AND 1, L_0000000001873f40, L_0000000001872650, C4<1>, C4<1>;
L_0000000001874e90 .functor AND 1, L_0000000001872340, L_00000000017fbce0, C4<1>, C4<1>;
L_0000000001873530 .functor AND 1, L_0000000001874e90, L_00000000017fb560, C4<1>, C4<1>;
L_0000000001873680 .functor AND 1, L_0000000001873530, L_00000000017fc320, C4<1>, C4<1>;
L_0000000001873ae0 .functor OR 1, L_0000000001874170, L_0000000001873680, C4<0>, C4<0>;
L_0000000001874f00 .functor AND 1, L_00000000017fbec0, L_00000000017fbce0, C4<1>, C4<1>;
L_0000000001874720 .functor AND 1, L_0000000001874f00, L_0000000001872650, C4<1>, C4<1>;
L_0000000001874790 .functor AND 1, L_0000000001874720, L_0000000001872b90, C4<1>, C4<1>;
L_00000000018737d0 .functor OR 1, L_0000000001873ae0, L_0000000001874790, C4<0>, C4<0>;
L_0000000001873990 .functor OR 1, L_0000000001812dd8, L_00000000018737d0, C4<0>, C4<0>;
L_00000000018741e0 .functor NOT 1, L_00000000017fd040, C4<0>, C4<0>, C4<0>;
v00000000017ddd50_0 .net "D0", 0 0, L_00000000017fc320;  1 drivers
v00000000017ddb70_0 .net "D0n", 0 0, L_0000000001872b90;  1 drivers
v00000000017dd990_0 .net "D1", 0 0, L_00000000017fb560;  1 drivers
v00000000017de250_0 .net "D1n", 0 0, L_0000000001872650;  1 drivers
v00000000017dda30_0 .net "D2", 0 0, L_00000000017fbce0;  1 drivers
v00000000017de6b0_0 .net "D2n", 0 0, L_0000000001872030;  1 drivers
v00000000017ddc10_0 .net "D3", 0 0, L_00000000017fbec0;  1 drivers
v00000000017dc810_0 .net "D3n", 0 0, L_0000000001872340;  1 drivers
v00000000017dca90_0 .net "LE", 0 0, L_0000000001812dd8;  alias, 1 drivers
v00000000017dcb30_0 .net *"_s10", 0 0, L_0000000001872c00;  1 drivers
v00000000017dddf0_0 .net *"_s100", 0 0, L_00000000018728f0;  1 drivers
v00000000017dcef0_0 .net *"_s102", 0 0, L_0000000001872f10;  1 drivers
v00000000017dd0d0_0 .net *"_s104", 0 0, L_00000000018721f0;  1 drivers
v00000000017ddf30_0 .net *"_s106", 0 0, L_0000000001872f80;  1 drivers
v00000000017ddfd0_0 .net *"_s108", 0 0, L_0000000001871a10;  1 drivers
v00000000017de2f0_0 .net *"_s110", 0 0, L_0000000001872ff0;  1 drivers
v00000000017de390_0 .net *"_s112", 0 0, L_00000000018729d0;  1 drivers
v00000000017de4d0_0 .net *"_s116", 0 0, L_0000000001871af0;  1 drivers
v00000000017de570_0 .net *"_s118", 0 0, L_0000000001871fc0;  1 drivers
v00000000017de890_0 .net *"_s12", 0 0, L_0000000001873140;  1 drivers
v00000000017de930_0 .net *"_s120", 0 0, L_0000000001872180;  1 drivers
v00000000017deb10_0 .net *"_s122", 0 0, L_0000000001873fb0;  1 drivers
v00000000017df3d0_0 .net *"_s124", 0 0, L_0000000001873920;  1 drivers
v00000000017e0550_0 .net *"_s126", 0 0, L_0000000001873840;  1 drivers
v00000000017e0b90_0 .net *"_s128", 0 0, L_00000000018738b0;  1 drivers
v00000000017df1f0_0 .net *"_s132", 0 0, L_00000000018746b0;  1 drivers
v00000000017df790_0 .net *"_s134", 0 0, L_0000000001874640;  1 drivers
v00000000017df8d0_0 .net *"_s136", 0 0, L_0000000001874480;  1 drivers
v00000000017df970_0 .net *"_s138", 0 0, L_0000000001873c30;  1 drivers
v00000000017decf0_0 .net *"_s14", 0 0, L_0000000001872110;  1 drivers
v00000000017dfb50_0 .net *"_s140", 0 0, L_0000000001873450;  1 drivers
v00000000017e0eb0_0 .net *"_s142", 0 0, L_0000000001873a00;  1 drivers
v00000000017e05f0_0 .net *"_s144", 0 0, L_0000000001874020;  1 drivers
v00000000017e1270_0 .net *"_s146", 0 0, L_0000000001874bf0;  1 drivers
v00000000017df470_0 .net *"_s148", 0 0, L_0000000001874cd0;  1 drivers
v00000000017e0f50_0 .net *"_s150", 0 0, L_0000000001874d40;  1 drivers
v00000000017e0c30_0 .net *"_s152", 0 0, L_0000000001874410;  1 drivers
v00000000017deed0_0 .net *"_s154", 0 0, L_0000000001874c60;  1 drivers
v00000000017ded90_0 .net *"_s158", 0 0, L_0000000001873f40;  1 drivers
v00000000017e0ff0_0 .net *"_s16", 0 0, L_0000000001872420;  1 drivers
v00000000017e1130_0 .net *"_s160", 0 0, L_0000000001874170;  1 drivers
v00000000017dfa10_0 .net *"_s162", 0 0, L_0000000001874e90;  1 drivers
v00000000017e1450_0 .net *"_s164", 0 0, L_0000000001873530;  1 drivers
v00000000017e0d70_0 .net *"_s166", 0 0, L_0000000001873680;  1 drivers
v00000000017dee30_0 .net *"_s168", 0 0, L_0000000001873ae0;  1 drivers
v00000000017e0690_0 .net *"_s170", 0 0, L_0000000001874f00;  1 drivers
v00000000017e00f0_0 .net *"_s172", 0 0, L_0000000001874720;  1 drivers
v00000000017df650_0 .net *"_s174", 0 0, L_0000000001874790;  1 drivers
v00000000017df830_0 .net *"_s176", 0 0, L_00000000018737d0;  1 drivers
v00000000017dfe70_0 .net *"_s18", 0 0, L_0000000001872490;  1 drivers
v00000000017df510_0 .net *"_s20", 0 0, L_00000000018718c0;  1 drivers
v00000000017def70_0 .net *"_s22", 0 0, L_0000000001872960;  1 drivers
v00000000017e0cd0_0 .net *"_s24", 0 0, L_00000000018717e0;  1 drivers
v00000000017e0e10_0 .net *"_s26", 0 0, L_0000000001872dc0;  1 drivers
v00000000017e0af0_0 .net *"_s28", 0 0, L_0000000001872b20;  1 drivers
v00000000017df290_0 .net *"_s30", 0 0, L_0000000001872500;  1 drivers
v00000000017e1310_0 .net *"_s32", 0 0, L_0000000001871d20;  1 drivers
v00000000017e0910_0 .net *"_s34", 0 0, L_0000000001872570;  1 drivers
v00000000017dffb0_0 .net *"_s36", 0 0, L_0000000001871850;  1 drivers
v00000000017e02d0_0 .net *"_s40", 0 0, L_0000000001871d90;  1 drivers
v00000000017e1090_0 .net *"_s42", 0 0, L_00000000018725e0;  1 drivers
v00000000017dfdd0_0 .net *"_s44", 0 0, L_0000000001872ab0;  1 drivers
v00000000017e0730_0 .net *"_s46", 0 0, L_0000000001872a40;  1 drivers
v00000000017dfab0_0 .net *"_s48", 0 0, L_0000000001871930;  1 drivers
v00000000017dfbf0_0 .net *"_s50", 0 0, L_00000000018720a0;  1 drivers
v00000000017df6f0_0 .net *"_s52", 0 0, L_0000000001872730;  1 drivers
v00000000017dfc90_0 .net *"_s54", 0 0, L_0000000001871e00;  1 drivers
v00000000017dfd30_0 .net *"_s56", 0 0, L_0000000001872e30;  1 drivers
v00000000017e11d0_0 .net *"_s58", 0 0, L_0000000001871b60;  1 drivers
v00000000017df0b0_0 .net *"_s60", 0 0, L_0000000001872ea0;  1 drivers
v00000000017dff10_0 .net *"_s62", 0 0, L_0000000001871e70;  1 drivers
v00000000017e0050_0 .net *"_s66", 0 0, L_00000000018722d0;  1 drivers
v00000000017e04b0_0 .net *"_s68", 0 0, L_00000000018719a0;  1 drivers
v00000000017e0370_0 .net *"_s70", 0 0, L_0000000001871bd0;  1 drivers
v00000000017e0190_0 .net *"_s72", 0 0, L_0000000001871f50;  1 drivers
v00000000017e0870_0 .net *"_s74", 0 0, L_00000000018731b0;  1 drivers
v00000000017e0230_0 .net *"_s76", 0 0, L_00000000018726c0;  1 drivers
v00000000017df010_0 .net *"_s78", 0 0, L_0000000001872d50;  1 drivers
v00000000017df150_0 .net *"_s8", 0 0, L_00000000018723b0;  1 drivers
v00000000017e13b0_0 .net *"_s80", 0 0, L_00000000018727a0;  1 drivers
v00000000017df330_0 .net *"_s82", 0 0, L_0000000001872c70;  1 drivers
v00000000017df5b0_0 .net *"_s86", 0 0, L_0000000001871a80;  1 drivers
v00000000017e0410_0 .net *"_s88", 0 0, L_0000000001872ce0;  1 drivers
v00000000017e07d0_0 .net *"_s90", 0 0, L_0000000001871770;  1 drivers
v00000000017e09b0_0 .net *"_s92", 0 0, L_0000000001873220;  1 drivers
v00000000017e0a50_0 .net *"_s94", 0 0, L_0000000001873290;  1 drivers
v00000000017e3b10_0 .net *"_s96", 0 0, L_0000000001872810;  1 drivers
v00000000017e3430_0 .net *"_s98", 0 0, L_0000000001872880;  1 drivers
v00000000017e37f0_0 .net "a", 0 0, L_0000000001871cb0;  1 drivers
v00000000017e1ef0_0 .net "b", 0 0, L_0000000001873060;  1 drivers
v00000000017e1c70_0 .net "c", 0 0, L_00000000018730d0;  1 drivers
v00000000017e3c50_0 .net "d", 0 0, L_0000000001873300;  1 drivers
v00000000017e28f0_0 .net "e", 0 0, L_0000000001874090;  1 drivers
v00000000017e3570_0 .net "f", 0 0, L_0000000001873b50;  1 drivers
v00000000017e2530_0 .net "g", 0 0, L_0000000001873990;  1 drivers
v00000000017e1bd0_0 .net "p", 0 0, L_00000000018741e0;  1 drivers
v00000000017e1f90_0 .net "point", 0 0, L_00000000017fd040;  1 drivers
S_00000000017e7890 .scope module, "MyMc5" "MyMC14495" 5 46, 6 1 0, S_00000000012bb820;
 .timescale 0 0;
    .port_info 0 /INPUT 1 "D0";
    .port_info 1 /INPUT 1 "D1";
    .port_info 2 /INPUT 1 "D2";
    .port_info 3 /INPUT 1 "D3";
    .port_info 4 /INPUT 1 "LE";
    .port_info 5 /INPUT 1 "point";
    .port_info 6 /OUTPUT 1 "a";
    .port_info 7 /OUTPUT 1 "b";
    .port_info 8 /OUTPUT 1 "c";
    .port_info 9 /OUTPUT 1 "d";
    .port_info 10 /OUTPUT 1 "e";
    .port_info 11 /OUTPUT 1 "f";
    .port_info 12 /OUTPUT 1 "g";
    .port_info 13 /OUTPUT 1 "p";
L_0000000001873bc0 .functor NOT 1, L_00000000017fd220, C4<0>, C4<0>, C4<0>;
L_0000000001874db0 .functor NOT 1, L_00000000017fc6e0, C4<0>, C4<0>, C4<0>;
L_00000000018742c0 .functor NOT 1, L_00000000017fd900, C4<0>, C4<0>, C4<0>;
L_0000000001873a70 .functor NOT 1, L_00000000017fb920, C4<0>, C4<0>, C4<0>;
L_0000000001874100 .functor AND 1, L_0000000001873a70, L_00000000018742c0, C4<1>, C4<1>;
L_00000000018736f0 .functor AND 1, L_0000000001874100, L_0000000001874db0, C4<1>, C4<1>;
L_0000000001874e20 .functor AND 1, L_00000000018736f0, L_00000000017fd220, C4<1>, C4<1>;
L_0000000001874870 .functor AND 1, L_0000000001873a70, L_00000000017fd900, C4<1>, C4<1>;
L_0000000001874250 .functor AND 1, L_0000000001874870, L_0000000001874db0, C4<1>, C4<1>;
L_00000000018734c0 .functor AND 1, L_0000000001874250, L_0000000001873bc0, C4<1>, C4<1>;
L_0000000001873370 .functor OR 1, L_0000000001874e20, L_00000000018734c0, C4<0>, C4<0>;
L_0000000001874950 .functor AND 1, L_00000000017fb920, L_00000000018742c0, C4<1>, C4<1>;
L_0000000001874aa0 .functor AND 1, L_0000000001874950, L_00000000017fc6e0, C4<1>, C4<1>;
L_00000000018745d0 .functor AND 1, L_0000000001874aa0, L_00000000017fd220, C4<1>, C4<1>;
L_0000000001874b10 .functor OR 1, L_0000000001873370, L_00000000018745d0, C4<0>, C4<0>;
L_00000000018735a0 .functor AND 1, L_00000000017fb920, L_00000000017fd900, C4<1>, C4<1>;
L_0000000001873ca0 .functor AND 1, L_00000000018735a0, L_0000000001874db0, C4<1>, C4<1>;
L_0000000001874330 .functor AND 1, L_0000000001873ca0, L_00000000017fd220, C4<1>, C4<1>;
L_0000000001873d10 .functor OR 1, L_0000000001874b10, L_0000000001874330, C4<0>, C4<0>;
L_00000000018748e0 .functor OR 1, L_0000000001812dd8, L_0000000001873d10, C4<0>, C4<0>;
L_0000000001874800 .functor AND 1, L_0000000001873a70, L_00000000017fd900, C4<1>, C4<1>;
L_0000000001873d80 .functor AND 1, L_0000000001874800, L_0000000001874db0, C4<1>, C4<1>;
L_00000000018743a0 .functor AND 1, L_0000000001873d80, L_00000000017fd220, C4<1>, C4<1>;
L_00000000018749c0 .functor AND 1, L_00000000017fd900, L_00000000017fc6e0, C4<1>, C4<1>;
L_0000000001873df0 .functor AND 1, L_00000000018749c0, L_0000000001873bc0, C4<1>, C4<1>;
L_0000000001873e60 .functor OR 1, L_00000000018743a0, L_0000000001873df0, C4<0>, C4<0>;
L_00000000018733e0 .functor AND 1, L_00000000017fb920, L_00000000017fd900, C4<1>, C4<1>;
L_0000000001874b80 .functor AND 1, L_00000000018733e0, L_0000000001873bc0, C4<1>, C4<1>;
L_00000000018744f0 .functor OR 1, L_0000000001873e60, L_0000000001874b80, C4<0>, C4<0>;
L_0000000001874560 .functor AND 1, L_00000000017fb920, L_00000000017fc6e0, C4<1>, C4<1>;
L_0000000001874a30 .functor AND 1, L_0000000001874560, L_00000000017fd220, C4<1>, C4<1>;
L_0000000001873610 .functor OR 1, L_00000000018744f0, L_0000000001874a30, C4<0>, C4<0>;
L_0000000001873760 .functor OR 1, L_0000000001812dd8, L_0000000001873610, C4<0>, C4<0>;
L_0000000001873ed0 .functor AND 1, L_0000000001873a70, L_00000000018742c0, C4<1>, C4<1>;
L_0000000001875d70 .functor AND 1, L_0000000001873ed0, L_00000000017fc6e0, C4<1>, C4<1>;
L_0000000001875830 .functor AND 1, L_0000000001875d70, L_0000000001873bc0, C4<1>, C4<1>;
L_0000000001875360 .functor AND 1, L_00000000017fb920, L_00000000017fd900, C4<1>, C4<1>;
L_0000000001875600 .functor AND 1, L_0000000001875360, L_0000000001873bc0, C4<1>, C4<1>;
L_00000000018751a0 .functor OR 1, L_0000000001875830, L_0000000001875600, C4<0>, C4<0>;
L_0000000001875b40 .functor AND 1, L_00000000017fb920, L_00000000017fd900, C4<1>, C4<1>;
L_0000000001875520 .functor AND 1, L_0000000001875b40, L_00000000017fc6e0, C4<1>, C4<1>;
L_0000000001875910 .functor OR 1, L_00000000018751a0, L_0000000001875520, C4<0>, C4<0>;
L_0000000001874f70 .functor OR 1, L_0000000001812dd8, L_0000000001875910, C4<0>, C4<0>;
L_00000000018756e0 .functor AND 1, L_0000000001873a70, L_00000000018742c0, C4<1>, C4<1>;
L_00000000018752f0 .functor AND 1, L_00000000018756e0, L_0000000001874db0, C4<1>, C4<1>;
L_0000000001875a60 .functor AND 1, L_00000000018752f0, L_00000000017fd220, C4<1>, C4<1>;
L_0000000001875de0 .functor AND 1, L_0000000001873a70, L_00000000017fd900, C4<1>, C4<1>;
L_0000000001875d00 .functor AND 1, L_0000000001875de0, L_0000000001874db0, C4<1>, C4<1>;
L_0000000001875e50 .functor AND 1, L_0000000001875d00, L_0000000001873bc0, C4<1>, C4<1>;
L_0000000001875c90 .functor OR 1, L_0000000001875a60, L_0000000001875e50, C4<0>, C4<0>;
L_0000000001875670 .functor AND 1, L_00000000017fd900, L_00000000017fc6e0, C4<1>, C4<1>;
L_0000000001875ad0 .functor AND 1, L_0000000001875670, L_00000000017fd220, C4<1>, C4<1>;
L_0000000001875280 .functor OR 1, L_0000000001875c90, L_0000000001875ad0, C4<0>, C4<0>;
L_00000000018753d0 .functor AND 1, L_00000000017fb920, L_00000000018742c0, C4<1>, C4<1>;
L_0000000001875750 .functor AND 1, L_00000000018753d0, L_00000000017fc6e0, C4<1>, C4<1>;
L_00000000018757c0 .functor AND 1, L_0000000001875750, L_0000000001873bc0, C4<1>, C4<1>;
L_0000000001875130 .functor OR 1, L_0000000001875280, L_00000000018757c0, C4<0>, C4<0>;
L_0000000001874fe0 .functor OR 1, L_0000000001812dd8, L_0000000001875130, C4<0>, C4<0>;
L_00000000018754b0 .functor AND 1, L_0000000001873a70, L_00000000017fd220, C4<1>, C4<1>;
L_00000000018758a0 .functor AND 1, L_0000000001873a70, L_00000000017fd900, C4<1>, C4<1>;
L_0000000001875980 .functor AND 1, L_00000000018758a0, L_0000000001874db0, C4<1>, C4<1>;
L_0000000001875050 .functor OR 1, L_00000000018754b0, L_0000000001875980, C4<0>, C4<0>;
L_0000000001875440 .functor AND 1, L_00000000018742c0, L_0000000001874db0, C4<1>, C4<1>;
L_00000000018750c0 .functor AND 1, L_0000000001875440, L_00000000017fd220, C4<1>, C4<1>;
L_0000000001875590 .functor OR 1, L_0000000001875050, L_00000000018750c0, C4<0>, C4<0>;
L_0000000001875210 .functor OR 1, L_0000000001812dd8, L_0000000001875590, C4<0>, C4<0>;
L_00000000018759f0 .functor AND 1, L_0000000001873a70, L_00000000018742c0, C4<1>, C4<1>;
L_0000000001875bb0 .functor AND 1, L_00000000018759f0, L_00000000017fd220, C4<1>, C4<1>;
L_0000000001875c20 .functor AND 1, L_0000000001873a70, L_00000000018742c0, C4<1>, C4<1>;
L_000000000186df70 .functor AND 1, L_0000000001875c20, L_00000000017fc6e0, C4<1>, C4<1>;
L_000000000186f320 .functor OR 1, L_0000000001875bb0, L_000000000186df70, C4<0>, C4<0>;
L_000000000186e440 .functor AND 1, L_0000000001873a70, L_00000000017fc6e0, C4<1>, C4<1>;
L_000000000186f080 .functor AND 1, L_000000000186e440, L_00000000017fd220, C4<1>, C4<1>;
L_000000000186ea60 .functor OR 1, L_000000000186f320, L_000000000186f080, C4<0>, C4<0>;
L_000000000186e6e0 .functor AND 1, L_00000000017fb920, L_00000000017fd900, C4<1>, C4<1>;
L_000000000186e7c0 .functor AND 1, L_000000000186e6e0, L_0000000001874db0, C4<1>, C4<1>;
L_000000000186ede0 .functor AND 1, L_000000000186e7c0, L_00000000017fd220, C4<1>, C4<1>;
L_000000000186f2b0 .functor OR 1, L_000000000186ea60, L_000000000186ede0, C4<0>, C4<0>;
L_000000000186fa20 .functor OR 1, L_0000000001812dd8, L_000000000186f2b0, C4<0>, C4<0>;
L_000000000186e9f0 .functor AND 1, L_0000000001873a70, L_00000000018742c0, C4<1>, C4<1>;
L_000000000186f940 .functor AND 1, L_000000000186e9f0, L_0000000001874db0, C4<1>, C4<1>;
L_000000000186f710 .functor AND 1, L_0000000001873a70, L_00000000017fd900, C4<1>, C4<1>;
L_000000000186f550 .functor AND 1, L_000000000186f710, L_00000000017fc6e0, C4<1>, C4<1>;
L_000000000186ed70 .functor AND 1, L_000000000186f550, L_00000000017fd220, C4<1>, C4<1>;
L_000000000186f390 .functor OR 1, L_000000000186f940, L_000000000186ed70, C4<0>, C4<0>;
L_000000000186f860 .functor AND 1, L_00000000017fb920, L_00000000017fd900, C4<1>, C4<1>;
L_000000000186eb40 .functor AND 1, L_000000000186f860, L_0000000001874db0, C4<1>, C4<1>;
L_000000000186f240 .functor AND 1, L_000000000186eb40, L_0000000001873bc0, C4<1>, C4<1>;
L_000000000186dfe0 .functor OR 1, L_000000000186f390, L_000000000186f240, C4<0>, C4<0>;
L_000000000186f1d0 .functor OR 1, L_0000000001812dd8, L_000000000186dfe0, C4<0>, C4<0>;
L_000000000186e600 .functor NOT 1, L_00000000017fb9c0, C4<0>, C4<0>, C4<0>;
v00000000017e3930_0 .net "D0", 0 0, L_00000000017fd220;  1 drivers
v00000000017e3a70_0 .net "D0n", 0 0, L_0000000001873bc0;  1 drivers
v00000000017e3890_0 .net "D1", 0 0, L_00000000017fc6e0;  1 drivers
v00000000017e2e90_0 .net "D1n", 0 0, L_0000000001874db0;  1 drivers
v00000000017e3bb0_0 .net "D2", 0 0, L_00000000017fd900;  1 drivers
v00000000017e1d10_0 .net "D2n", 0 0, L_00000000018742c0;  1 drivers
v00000000017e31b0_0 .net "D3", 0 0, L_00000000017fb920;  1 drivers
v00000000017e23f0_0 .net "D3n", 0 0, L_0000000001873a70;  1 drivers
v00000000017e34d0_0 .net "LE", 0 0, L_0000000001812dd8;  alias, 1 drivers
v00000000017e2990_0 .net *"_s10", 0 0, L_00000000018736f0;  1 drivers
v00000000017e2490_0 .net *"_s100", 0 0, L_0000000001875670;  1 drivers
v00000000017e25d0_0 .net *"_s102", 0 0, L_0000000001875ad0;  1 drivers
v00000000017e16d0_0 .net *"_s104", 0 0, L_0000000001875280;  1 drivers
v00000000017e3250_0 .net *"_s106", 0 0, L_00000000018753d0;  1 drivers
v00000000017e2df0_0 .net *"_s108", 0 0, L_0000000001875750;  1 drivers
v00000000017e2210_0 .net *"_s110", 0 0, L_00000000018757c0;  1 drivers
v00000000017e39d0_0 .net *"_s112", 0 0, L_0000000001875130;  1 drivers
v00000000017e2d50_0 .net *"_s116", 0 0, L_00000000018754b0;  1 drivers
v00000000017e2a30_0 .net *"_s118", 0 0, L_00000000018758a0;  1 drivers
v00000000017e1e50_0 .net *"_s12", 0 0, L_0000000001874e20;  1 drivers
v00000000017e2030_0 .net *"_s120", 0 0, L_0000000001875980;  1 drivers
v00000000017e2670_0 .net *"_s122", 0 0, L_0000000001875050;  1 drivers
v00000000017e1db0_0 .net *"_s124", 0 0, L_0000000001875440;  1 drivers
v00000000017e1770_0 .net *"_s126", 0 0, L_00000000018750c0;  1 drivers
v00000000017e3610_0 .net *"_s128", 0 0, L_0000000001875590;  1 drivers
v00000000017e36b0_0 .net *"_s132", 0 0, L_00000000018759f0;  1 drivers
v00000000017e32f0_0 .net *"_s134", 0 0, L_0000000001875bb0;  1 drivers
v00000000017e2fd0_0 .net *"_s136", 0 0, L_0000000001875c20;  1 drivers
v00000000017e2350_0 .net *"_s138", 0 0, L_000000000186df70;  1 drivers
v00000000017e20d0_0 .net *"_s14", 0 0, L_0000000001874870;  1 drivers
v00000000017e3750_0 .net *"_s140", 0 0, L_000000000186f320;  1 drivers
v00000000017e2170_0 .net *"_s142", 0 0, L_000000000186e440;  1 drivers
v00000000017e3110_0 .net *"_s144", 0 0, L_000000000186f080;  1 drivers
v00000000017e14f0_0 .net *"_s146", 0 0, L_000000000186ea60;  1 drivers
v00000000017e1590_0 .net *"_s148", 0 0, L_000000000186e6e0;  1 drivers
v00000000017e18b0_0 .net *"_s150", 0 0, L_000000000186e7c0;  1 drivers
v00000000017e2710_0 .net *"_s152", 0 0, L_000000000186ede0;  1 drivers
v00000000017e1630_0 .net *"_s154", 0 0, L_000000000186f2b0;  1 drivers
v00000000017e3390_0 .net *"_s158", 0 0, L_000000000186e9f0;  1 drivers
v00000000017e27b0_0 .net *"_s16", 0 0, L_0000000001874250;  1 drivers
v00000000017e2850_0 .net *"_s160", 0 0, L_000000000186f940;  1 drivers
v00000000017e1810_0 .net *"_s162", 0 0, L_000000000186f710;  1 drivers
v00000000017e22b0_0 .net *"_s164", 0 0, L_000000000186f550;  1 drivers
v00000000017e1950_0 .net *"_s166", 0 0, L_000000000186ed70;  1 drivers
v00000000017e2ad0_0 .net *"_s168", 0 0, L_000000000186f390;  1 drivers
v00000000017e2b70_0 .net *"_s170", 0 0, L_000000000186f860;  1 drivers
v00000000017e2c10_0 .net *"_s172", 0 0, L_000000000186eb40;  1 drivers
v00000000017e2cb0_0 .net *"_s174", 0 0, L_000000000186f240;  1 drivers
v00000000017e1a90_0 .net *"_s176", 0 0, L_000000000186dfe0;  1 drivers
v00000000017e3070_0 .net *"_s18", 0 0, L_00000000018734c0;  1 drivers
v00000000017e19f0_0 .net *"_s20", 0 0, L_0000000001873370;  1 drivers
v00000000017e1b30_0 .net *"_s22", 0 0, L_0000000001874950;  1 drivers
v00000000017e2f30_0 .net *"_s24", 0 0, L_0000000001874aa0;  1 drivers
v00000000017e5910_0 .net *"_s26", 0 0, L_00000000018745d0;  1 drivers
v00000000017e4fb0_0 .net *"_s28", 0 0, L_0000000001874b10;  1 drivers
v00000000017e52d0_0 .net *"_s30", 0 0, L_00000000018735a0;  1 drivers
v00000000017e5ff0_0 .net *"_s32", 0 0, L_0000000001873ca0;  1 drivers
v00000000017e4dd0_0 .net *"_s34", 0 0, L_0000000001874330;  1 drivers
v00000000017e5550_0 .net *"_s36", 0 0, L_0000000001873d10;  1 drivers
v00000000017e4970_0 .net *"_s40", 0 0, L_0000000001874800;  1 drivers
v00000000017e5690_0 .net *"_s42", 0 0, L_0000000001873d80;  1 drivers
v00000000017e6090_0 .net *"_s44", 0 0, L_00000000018743a0;  1 drivers
v00000000017e4650_0 .net *"_s46", 0 0, L_00000000018749c0;  1 drivers
v00000000017e4e70_0 .net *"_s48", 0 0, L_0000000001873df0;  1 drivers
v00000000017e4d30_0 .net *"_s50", 0 0, L_0000000001873e60;  1 drivers
v00000000017e4510_0 .net *"_s52", 0 0, L_00000000018733e0;  1 drivers
v00000000017e4bf0_0 .net *"_s54", 0 0, L_0000000001874b80;  1 drivers
v00000000017e6310_0 .net *"_s56", 0 0, L_00000000018744f0;  1 drivers
v00000000017e45b0_0 .net *"_s58", 0 0, L_0000000001874560;  1 drivers
v00000000017e5af0_0 .net *"_s60", 0 0, L_0000000001874a30;  1 drivers
v00000000017e5730_0 .net *"_s62", 0 0, L_0000000001873610;  1 drivers
v00000000017e4010_0 .net *"_s66", 0 0, L_0000000001873ed0;  1 drivers
v00000000017e5230_0 .net *"_s68", 0 0, L_0000000001875d70;  1 drivers
v00000000017e5e10_0 .net *"_s70", 0 0, L_0000000001875830;  1 drivers
v00000000017e4f10_0 .net *"_s72", 0 0, L_0000000001875360;  1 drivers
v00000000017e63b0_0 .net *"_s74", 0 0, L_0000000001875600;  1 drivers
v00000000017e3f70_0 .net *"_s76", 0 0, L_00000000018751a0;  1 drivers
v00000000017e46f0_0 .net *"_s78", 0 0, L_0000000001875b40;  1 drivers
v00000000017e5eb0_0 .net *"_s8", 0 0, L_0000000001874100;  1 drivers
v00000000017e61d0_0 .net *"_s80", 0 0, L_0000000001875520;  1 drivers
v00000000017e57d0_0 .net *"_s82", 0 0, L_0000000001875910;  1 drivers
v00000000017e54b0_0 .net *"_s86", 0 0, L_00000000018756e0;  1 drivers
v00000000017e5870_0 .net *"_s88", 0 0, L_00000000018752f0;  1 drivers
v00000000017e40b0_0 .net *"_s90", 0 0, L_0000000001875a60;  1 drivers
v00000000017e4330_0 .net *"_s92", 0 0, L_0000000001875de0;  1 drivers
v00000000017e4790_0 .net *"_s94", 0 0, L_0000000001875d00;  1 drivers
v00000000017e3cf0_0 .net *"_s96", 0 0, L_0000000001875e50;  1 drivers
v00000000017e50f0_0 .net *"_s98", 0 0, L_0000000001875c90;  1 drivers
v00000000017e5190_0 .net "a", 0 0, L_00000000018748e0;  1 drivers
v00000000017e4150_0 .net "b", 0 0, L_0000000001873760;  1 drivers
v00000000017e4830_0 .net "c", 0 0, L_0000000001874f70;  1 drivers
v00000000017e55f0_0 .net "d", 0 0, L_0000000001874fe0;  1 drivers
v00000000017e5f50_0 .net "e", 0 0, L_0000000001875210;  1 drivers
v00000000017e4c90_0 .net "f", 0 0, L_000000000186fa20;  1 drivers
v00000000017e41f0_0 .net "g", 0 0, L_000000000186f1d0;  1 drivers
v00000000017e4290_0 .net "p", 0 0, L_000000000186e600;  1 drivers
v00000000017e5cd0_0 .net "point", 0 0, L_00000000017fb9c0;  1 drivers
S_00000000017efec0 .scope module, "MyMc6" "MyMC14495" 5 48, 6 1 0, S_00000000012bb820;
 .timescale 0 0;
    .port_info 0 /INPUT 1 "D0";
    .port_info 1 /INPUT 1 "D1";
    .port_info 2 /INPUT 1 "D2";
    .port_info 3 /INPUT 1 "D3";
    .port_info 4 /INPUT 1 "LE";
    .port_info 5 /INPUT 1 "point";
    .port_info 6 /OUTPUT 1 "a";
    .port_info 7 /OUTPUT 1 "b";
    .port_info 8 /OUTPUT 1 "c";
    .port_info 9 /OUTPUT 1 "d";
    .port_info 10 /OUTPUT 1 "e";
    .port_info 11 /OUTPUT 1 "f";
    .port_info 12 /OUTPUT 1 "g";
    .port_info 13 /OUTPUT 1 "p";
L_000000000186ead0 .functor NOT 1, L_00000000017fd7c0, C4<0>, C4<0>, C4<0>;
L_000000000186e980 .functor NOT 1, L_00000000017fc460, C4<0>, C4<0>, C4<0>;
L_000000000186ec20 .functor NOT 1, L_00000000017fd2c0, C4<0>, C4<0>, C4<0>;
L_000000000186e1a0 .functor NOT 1, L_00000000017fbb00, C4<0>, C4<0>, C4<0>;
L_000000000186fb00 .functor AND 1, L_000000000186e1a0, L_000000000186ec20, C4<1>, C4<1>;
L_000000000186e280 .functor AND 1, L_000000000186fb00, L_000000000186e980, C4<1>, C4<1>;
L_000000000186f780 .functor AND 1, L_000000000186e280, L_00000000017fd7c0, C4<1>, C4<1>;
L_000000000186e830 .functor AND 1, L_000000000186e1a0, L_00000000017fd2c0, C4<1>, C4<1>;
L_000000000186f160 .functor AND 1, L_000000000186e830, L_000000000186e980, C4<1>, C4<1>;
L_000000000186fa90 .functor AND 1, L_000000000186f160, L_000000000186ead0, C4<1>, C4<1>;
L_000000000186ec90 .functor OR 1, L_000000000186f780, L_000000000186fa90, C4<0>, C4<0>;
L_000000000186f7f0 .functor AND 1, L_00000000017fbb00, L_000000000186ec20, C4<1>, C4<1>;
L_000000000186e050 .functor AND 1, L_000000000186f7f0, L_00000000017fc460, C4<1>, C4<1>;
L_000000000186eec0 .functor AND 1, L_000000000186e050, L_00000000017fd7c0, C4<1>, C4<1>;
L_000000000186e670 .functor OR 1, L_000000000186ec90, L_000000000186eec0, C4<0>, C4<0>;
L_000000000186ebb0 .functor AND 1, L_00000000017fbb00, L_00000000017fd2c0, C4<1>, C4<1>;
L_000000000186e750 .functor AND 1, L_000000000186ebb0, L_000000000186e980, C4<1>, C4<1>;
L_000000000186f5c0 .functor AND 1, L_000000000186e750, L_00000000017fd7c0, C4<1>, C4<1>;
L_000000000186e210 .functor OR 1, L_000000000186e670, L_000000000186f5c0, C4<0>, C4<0>;
L_000000000186f400 .functor OR 1, L_0000000001812dd8, L_000000000186e210, C4<0>, C4<0>;
L_000000000186e8a0 .functor AND 1, L_000000000186e1a0, L_00000000017fd2c0, C4<1>, C4<1>;
L_000000000186f9b0 .functor AND 1, L_000000000186e8a0, L_000000000186e980, C4<1>, C4<1>;
L_000000000186f8d0 .functor AND 1, L_000000000186f9b0, L_00000000017fd7c0, C4<1>, C4<1>;
L_000000000186ee50 .functor AND 1, L_00000000017fd2c0, L_00000000017fc460, C4<1>, C4<1>;
L_000000000186ef30 .functor AND 1, L_000000000186ee50, L_000000000186ead0, C4<1>, C4<1>;
L_000000000186f470 .functor OR 1, L_000000000186f8d0, L_000000000186ef30, C4<0>, C4<0>;
L_000000000186e0c0 .functor AND 1, L_00000000017fbb00, L_00000000017fd2c0, C4<1>, C4<1>;
L_000000000186e2f0 .functor AND 1, L_000000000186e0c0, L_000000000186ead0, C4<1>, C4<1>;
L_000000000186f4e0 .functor OR 1, L_000000000186f470, L_000000000186e2f0, C4<0>, C4<0>;
L_000000000186f0f0 .functor AND 1, L_00000000017fbb00, L_00000000017fc460, C4<1>, C4<1>;
L_000000000186e130 .functor AND 1, L_000000000186f0f0, L_00000000017fd7c0, C4<1>, C4<1>;
L_000000000186efa0 .functor OR 1, L_000000000186f4e0, L_000000000186e130, C4<0>, C4<0>;
L_000000000186e360 .functor OR 1, L_0000000001812dd8, L_000000000186efa0, C4<0>, C4<0>;
L_000000000186ed00 .functor AND 1, L_000000000186e1a0, L_000000000186ec20, C4<1>, C4<1>;
L_000000000186f630 .functor AND 1, L_000000000186ed00, L_00000000017fc460, C4<1>, C4<1>;
L_000000000186f010 .functor AND 1, L_000000000186f630, L_000000000186ead0, C4<1>, C4<1>;
L_000000000186f6a0 .functor AND 1, L_00000000017fbb00, L_00000000017fd2c0, C4<1>, C4<1>;
L_000000000186e910 .functor AND 1, L_000000000186f6a0, L_000000000186ead0, C4<1>, C4<1>;
L_000000000186e3d0 .functor OR 1, L_000000000186f010, L_000000000186e910, C4<0>, C4<0>;
L_000000000186e520 .functor AND 1, L_00000000017fbb00, L_00000000017fd2c0, C4<1>, C4<1>;
L_000000000186e4b0 .functor AND 1, L_000000000186e520, L_00000000017fc460, C4<1>, C4<1>;
L_000000000186e590 .functor OR 1, L_000000000186e3d0, L_000000000186e4b0, C4<0>, C4<0>;
L_0000000001879f10 .functor OR 1, L_0000000001812dd8, L_000000000186e590, C4<0>, C4<0>;
L_000000000187b2c0 .functor AND 1, L_000000000186e1a0, L_000000000186ec20, C4<1>, C4<1>;
L_000000000187b020 .functor AND 1, L_000000000187b2c0, L_000000000186e980, C4<1>, C4<1>;
L_0000000001879b90 .functor AND 1, L_000000000187b020, L_00000000017fd7c0, C4<1>, C4<1>;
L_000000000187ad10 .functor AND 1, L_000000000186e1a0, L_00000000017fd2c0, C4<1>, C4<1>;
L_0000000001879dc0 .functor AND 1, L_000000000187ad10, L_000000000186e980, C4<1>, C4<1>;
L_000000000187a220 .functor AND 1, L_0000000001879dc0, L_000000000186ead0, C4<1>, C4<1>;
L_000000000187a840 .functor OR 1, L_0000000001879b90, L_000000000187a220, C4<0>, C4<0>;
L_000000000187a6f0 .functor AND 1, L_00000000017fd2c0, L_00000000017fc460, C4<1>, C4<1>;
L_000000000187adf0 .functor AND 1, L_000000000187a6f0, L_00000000017fd7c0, C4<1>, C4<1>;
L_000000000187a1b0 .functor OR 1, L_000000000187a840, L_000000000187adf0, C4<0>, C4<0>;
L_000000000187ad80 .functor AND 1, L_00000000017fbb00, L_000000000186ec20, C4<1>, C4<1>;
L_000000000187a290 .functor AND 1, L_000000000187ad80, L_00000000017fc460, C4<1>, C4<1>;
L_000000000187a760 .functor AND 1, L_000000000187a290, L_000000000186ead0, C4<1>, C4<1>;
L_000000000187a300 .functor OR 1, L_000000000187a1b0, L_000000000187a760, C4<0>, C4<0>;
L_000000000187a920 .functor OR 1, L_0000000001812dd8, L_000000000187a300, C4<0>, C4<0>;
L_0000000001879ce0 .functor AND 1, L_000000000186e1a0, L_00000000017fd7c0, C4<1>, C4<1>;
L_000000000187b090 .functor AND 1, L_000000000186e1a0, L_00000000017fd2c0, C4<1>, C4<1>;
L_000000000187b640 .functor AND 1, L_000000000187b090, L_000000000186e980, C4<1>, C4<1>;
L_0000000001879e30 .functor OR 1, L_0000000001879ce0, L_000000000187b640, C4<0>, C4<0>;
L_000000000187b6b0 .functor AND 1, L_000000000186ec20, L_000000000186e980, C4<1>, C4<1>;
L_0000000001879b20 .functor AND 1, L_000000000187b6b0, L_00000000017fd7c0, C4<1>, C4<1>;
L_0000000001879ea0 .functor OR 1, L_0000000001879e30, L_0000000001879b20, C4<0>, C4<0>;
L_0000000001879f80 .functor OR 1, L_0000000001812dd8, L_0000000001879ea0, C4<0>, C4<0>;
L_000000000187a370 .functor AND 1, L_000000000186e1a0, L_000000000186ec20, C4<1>, C4<1>;
L_000000000187ae60 .functor AND 1, L_000000000187a370, L_00000000017fd7c0, C4<1>, C4<1>;
L_000000000187aed0 .functor AND 1, L_000000000186e1a0, L_000000000186ec20, C4<1>, C4<1>;
L_000000000187b170 .functor AND 1, L_000000000187aed0, L_00000000017fc460, C4<1>, C4<1>;
L_0000000001879d50 .functor OR 1, L_000000000187ae60, L_000000000187b170, C4<0>, C4<0>;
L_000000000187a7d0 .functor AND 1, L_000000000186e1a0, L_00000000017fc460, C4<1>, C4<1>;
L_0000000001879c00 .functor AND 1, L_000000000187a7d0, L_00000000017fd7c0, C4<1>, C4<1>;
L_000000000187b1e0 .functor OR 1, L_0000000001879d50, L_0000000001879c00, C4<0>, C4<0>;
L_000000000187a3e0 .functor AND 1, L_00000000017fbb00, L_00000000017fd2c0, C4<1>, C4<1>;
L_000000000187aca0 .functor AND 1, L_000000000187a3e0, L_000000000186e980, C4<1>, C4<1>;
L_000000000187a680 .functor AND 1, L_000000000187aca0, L_00000000017fd7c0, C4<1>, C4<1>;
L_000000000187a450 .functor OR 1, L_000000000187b1e0, L_000000000187a680, C4<0>, C4<0>;
L_000000000187a4c0 .functor OR 1, L_0000000001812dd8, L_000000000187a450, C4<0>, C4<0>;
L_0000000001879ff0 .functor AND 1, L_000000000186e1a0, L_000000000186ec20, C4<1>, C4<1>;
L_000000000187af40 .functor AND 1, L_0000000001879ff0, L_000000000186e980, C4<1>, C4<1>;
L_0000000001879c70 .functor AND 1, L_000000000186e1a0, L_00000000017fd2c0, C4<1>, C4<1>;
L_000000000187ac30 .functor AND 1, L_0000000001879c70, L_00000000017fc460, C4<1>, C4<1>;
L_000000000187b4f0 .functor AND 1, L_000000000187ac30, L_00000000017fd7c0, C4<1>, C4<1>;
L_000000000187ab50 .functor OR 1, L_000000000187af40, L_000000000187b4f0, C4<0>, C4<0>;
L_000000000187a060 .functor AND 1, L_00000000017fbb00, L_00000000017fd2c0, C4<1>, C4<1>;
L_000000000187a0d0 .functor AND 1, L_000000000187a060, L_000000000186e980, C4<1>, C4<1>;
L_000000000187b250 .functor AND 1, L_000000000187a0d0, L_000000000186ead0, C4<1>, C4<1>;
L_000000000187b330 .functor OR 1, L_000000000187ab50, L_000000000187b250, C4<0>, C4<0>;
L_000000000187afb0 .functor OR 1, L_0000000001812dd8, L_000000000187b330, C4<0>, C4<0>;
L_000000000187a530 .functor NOT 1, L_00000000017fbba0, C4<0>, C4<0>, C4<0>;
v00000000017e6270_0 .net "D0", 0 0, L_00000000017fd7c0;  1 drivers
v00000000017e4470_0 .net "D0n", 0 0, L_000000000186ead0;  1 drivers
v00000000017e6130_0 .net "D1", 0 0, L_00000000017fc460;  1 drivers
v00000000017e5c30_0 .net "D1n", 0 0, L_000000000186e980;  1 drivers
v00000000017e5370_0 .net "D2", 0 0, L_00000000017fd2c0;  1 drivers
v00000000017e5050_0 .net "D2n", 0 0, L_000000000186ec20;  1 drivers
v00000000017e59b0_0 .net "D3", 0 0, L_00000000017fbb00;  1 drivers
v00000000017e6450_0 .net "D3n", 0 0, L_000000000186e1a0;  1 drivers
v00000000017e3ed0_0 .net "LE", 0 0, L_0000000001812dd8;  alias, 1 drivers
v00000000017e4b50_0 .net *"_s10", 0 0, L_000000000186e280;  1 drivers
v00000000017e43d0_0 .net *"_s100", 0 0, L_000000000187a6f0;  1 drivers
v00000000017e5a50_0 .net *"_s102", 0 0, L_000000000187adf0;  1 drivers
v00000000017e5b90_0 .net *"_s104", 0 0, L_000000000187a1b0;  1 drivers
v00000000017e3d90_0 .net *"_s106", 0 0, L_000000000187ad80;  1 drivers
v00000000017e3e30_0 .net *"_s108", 0 0, L_000000000187a290;  1 drivers
v00000000017e48d0_0 .net *"_s110", 0 0, L_000000000187a760;  1 drivers
v00000000017e4ab0_0 .net *"_s112", 0 0, L_000000000187a300;  1 drivers
v00000000017e5410_0 .net *"_s116", 0 0, L_0000000001879ce0;  1 drivers
v00000000017e4a10_0 .net *"_s118", 0 0, L_000000000187b090;  1 drivers
v00000000017e5d70_0 .net *"_s12", 0 0, L_000000000186f780;  1 drivers
v00000000017e70d0_0 .net *"_s120", 0 0, L_000000000187b640;  1 drivers
v00000000017e6590_0 .net *"_s122", 0 0, L_0000000001879e30;  1 drivers
v00000000017e69f0_0 .net *"_s124", 0 0, L_000000000187b6b0;  1 drivers
v00000000017e6e50_0 .net *"_s126", 0 0, L_0000000001879b20;  1 drivers
v00000000017e68b0_0 .net *"_s128", 0 0, L_0000000001879ea0;  1 drivers
v00000000017e7030_0 .net *"_s132", 0 0, L_000000000187a370;  1 drivers
v00000000017e6bd0_0 .net *"_s134", 0 0, L_000000000187ae60;  1 drivers
v00000000017e6950_0 .net *"_s136", 0 0, L_000000000187aed0;  1 drivers
v00000000017e6b30_0 .net *"_s138", 0 0, L_000000000187b170;  1 drivers
v00000000017e6770_0 .net *"_s14", 0 0, L_000000000186e830;  1 drivers
v00000000017e6630_0 .net *"_s140", 0 0, L_0000000001879d50;  1 drivers
v00000000017e7170_0 .net *"_s142", 0 0, L_000000000187a7d0;  1 drivers
v00000000017e7210_0 .net *"_s144", 0 0, L_0000000001879c00;  1 drivers
v00000000017e6f90_0 .net *"_s146", 0 0, L_000000000187b1e0;  1 drivers
v00000000017e6ef0_0 .net *"_s148", 0 0, L_000000000187a3e0;  1 drivers
v00000000017e6a90_0 .net *"_s150", 0 0, L_000000000187aca0;  1 drivers
v00000000017e6c70_0 .net *"_s152", 0 0, L_000000000187a680;  1 drivers
v00000000017e72b0_0 .net *"_s154", 0 0, L_000000000187a450;  1 drivers
v00000000017e6d10_0 .net *"_s158", 0 0, L_0000000001879ff0;  1 drivers
v00000000017e7350_0 .net *"_s16", 0 0, L_000000000186f160;  1 drivers
v00000000017e64f0_0 .net *"_s160", 0 0, L_000000000187af40;  1 drivers
v00000000017e66d0_0 .net *"_s162", 0 0, L_0000000001879c70;  1 drivers
v00000000017e6db0_0 .net *"_s164", 0 0, L_000000000187ac30;  1 drivers
v00000000017e6810_0 .net *"_s166", 0 0, L_000000000187b4f0;  1 drivers
v00000000017d96b0_0 .net *"_s168", 0 0, L_000000000187ab50;  1 drivers
v00000000017d92f0_0 .net *"_s170", 0 0, L_000000000187a060;  1 drivers
v00000000017d8670_0 .net *"_s172", 0 0, L_000000000187a0d0;  1 drivers
v00000000017d8350_0 .net *"_s174", 0 0, L_000000000187b250;  1 drivers
v00000000017d8df0_0 .net *"_s176", 0 0, L_000000000187b330;  1 drivers
v00000000017d97f0_0 .net *"_s18", 0 0, L_000000000186fa90;  1 drivers
v00000000017d7ef0_0 .net *"_s20", 0 0, L_000000000186ec90;  1 drivers
v00000000017d8850_0 .net *"_s22", 0 0, L_000000000186f7f0;  1 drivers
v00000000017d8b70_0 .net *"_s24", 0 0, L_000000000186e050;  1 drivers
v00000000017d85d0_0 .net *"_s26", 0 0, L_000000000186eec0;  1 drivers
v00000000017d8fd0_0 .net *"_s28", 0 0, L_000000000186e670;  1 drivers
v00000000017d7630_0 .net *"_s30", 0 0, L_000000000186ebb0;  1 drivers
v00000000017d7b30_0 .net *"_s32", 0 0, L_000000000186e750;  1 drivers
v00000000017d8ad0_0 .net *"_s34", 0 0, L_000000000186f5c0;  1 drivers
v00000000017d8c10_0 .net *"_s36", 0 0, L_000000000186e210;  1 drivers
v00000000017d8f30_0 .net *"_s40", 0 0, L_000000000186e8a0;  1 drivers
v00000000017d99d0_0 .net *"_s42", 0 0, L_000000000186f9b0;  1 drivers
v00000000017d9570_0 .net *"_s44", 0 0, L_000000000186f8d0;  1 drivers
v00000000017d9070_0 .net *"_s46", 0 0, L_000000000186ee50;  1 drivers
v00000000017d82b0_0 .net *"_s48", 0 0, L_000000000186ef30;  1 drivers
v00000000017d88f0_0 .net *"_s50", 0 0, L_000000000186f470;  1 drivers
v00000000017d7770_0 .net *"_s52", 0 0, L_000000000186e0c0;  1 drivers
v00000000017d7810_0 .net *"_s54", 0 0, L_000000000186e2f0;  1 drivers
v00000000017d9890_0 .net *"_s56", 0 0, L_000000000186f4e0;  1 drivers
v00000000017d7d10_0 .net *"_s58", 0 0, L_000000000186f0f0;  1 drivers
v00000000017d9a70_0 .net *"_s60", 0 0, L_000000000186e130;  1 drivers
v00000000017d8710_0 .net *"_s62", 0 0, L_000000000186efa0;  1 drivers
v00000000017d8990_0 .net *"_s66", 0 0, L_000000000186ed00;  1 drivers
v00000000017d76d0_0 .net *"_s68", 0 0, L_000000000186f630;  1 drivers
v00000000017d7950_0 .net *"_s70", 0 0, L_000000000186f010;  1 drivers
v00000000017d8490_0 .net *"_s72", 0 0, L_000000000186f6a0;  1 drivers
v00000000017d74f0_0 .net *"_s74", 0 0, L_000000000186e910;  1 drivers
v00000000017d7f90_0 .net *"_s76", 0 0, L_000000000186e3d0;  1 drivers
v00000000017d8a30_0 .net *"_s78", 0 0, L_000000000186e520;  1 drivers
v00000000017d8210_0 .net *"_s8", 0 0, L_000000000186fb00;  1 drivers
v00000000017d8170_0 .net *"_s80", 0 0, L_000000000186e4b0;  1 drivers
v00000000017d9110_0 .net *"_s82", 0 0, L_000000000186e590;  1 drivers
v00000000017d78b0_0 .net *"_s86", 0 0, L_000000000187b2c0;  1 drivers
v00000000017d91b0_0 .net *"_s88", 0 0, L_000000000187b020;  1 drivers
v00000000017d7c70_0 .net *"_s90", 0 0, L_0000000001879b90;  1 drivers
v00000000017d7590_0 .net *"_s92", 0 0, L_000000000187ad10;  1 drivers
v00000000017d9610_0 .net *"_s94", 0 0, L_0000000001879dc0;  1 drivers
v00000000017d79f0_0 .net *"_s96", 0 0, L_000000000187a220;  1 drivers
v00000000017d8030_0 .net *"_s98", 0 0, L_000000000187a840;  1 drivers
v00000000017d9750_0 .net "a", 0 0, L_000000000186f400;  1 drivers
v00000000017d8530_0 .net "b", 0 0, L_000000000186e360;  1 drivers
v00000000017d7a90_0 .net "c", 0 0, L_0000000001879f10;  1 drivers
v00000000017d7bd0_0 .net "d", 0 0, L_000000000187a920;  1 drivers
v00000000017d94d0_0 .net "e", 0 0, L_0000000001879f80;  1 drivers
v00000000017d80d0_0 .net "f", 0 0, L_000000000187a4c0;  1 drivers
v00000000017d83f0_0 .net "g", 0 0, L_000000000187afb0;  1 drivers
v00000000017d8cb0_0 .net "p", 0 0, L_000000000187a530;  1 drivers
v00000000017d7db0_0 .net "point", 0 0, L_00000000017fbba0;  1 drivers
S_00000000017f04e0 .scope module, "MyMc7" "MyMC14495" 5 50, 6 1 0, S_00000000012bb820;
 .timescale 0 0;
    .port_info 0 /INPUT 1 "D0";
    .port_info 1 /INPUT 1 "D1";
    .port_info 2 /INPUT 1 "D2";
    .port_info 3 /INPUT 1 "D3";
    .port_info 4 /INPUT 1 "LE";
    .port_info 5 /INPUT 1 "point";
    .port_info 6 /OUTPUT 1 "a";
    .port_info 7 /OUTPUT 1 "b";
    .port_info 8 /OUTPUT 1 "c";
    .port_info 9 /OUTPUT 1 "d";
    .port_info 10 /OUTPUT 1 "e";
    .port_info 11 /OUTPUT 1 "f";
    .port_info 12 /OUTPUT 1 "g";
    .port_info 13 /OUTPUT 1 "p";
L_000000000187a140 .functor NOT 1, L_00000000017fd5e0, C4<0>, C4<0>, C4<0>;
L_000000000187a8b0 .functor NOT 1, L_00000000017fd360, C4<0>, C4<0>, C4<0>;
L_000000000187a5a0 .functor NOT 1, L_00000000017fd860, C4<0>, C4<0>, C4<0>;
L_000000000187b100 .functor NOT 1, L_00000000017fd4a0, C4<0>, C4<0>, C4<0>;
L_000000000187b5d0 .functor AND 1, L_000000000187b100, L_000000000187a5a0, C4<1>, C4<1>;
L_000000000187a990 .functor AND 1, L_000000000187b5d0, L_000000000187a8b0, C4<1>, C4<1>;
L_000000000187b3a0 .functor AND 1, L_000000000187a990, L_00000000017fd5e0, C4<1>, C4<1>;
L_000000000187b410 .functor AND 1, L_000000000187b100, L_00000000017fd860, C4<1>, C4<1>;
L_000000000187aa70 .functor AND 1, L_000000000187b410, L_000000000187a8b0, C4<1>, C4<1>;
L_000000000187a610 .functor AND 1, L_000000000187aa70, L_000000000187a140, C4<1>, C4<1>;
L_000000000187aa00 .functor OR 1, L_000000000187b3a0, L_000000000187a610, C4<0>, C4<0>;
L_000000000187aae0 .functor AND 1, L_00000000017fd4a0, L_000000000187a5a0, C4<1>, C4<1>;
L_000000000187b560 .functor AND 1, L_000000000187aae0, L_00000000017fd360, C4<1>, C4<1>;
L_000000000187b480 .functor AND 1, L_000000000187b560, L_00000000017fd5e0, C4<1>, C4<1>;
L_000000000187abc0 .functor OR 1, L_000000000187aa00, L_000000000187b480, C4<0>, C4<0>;
L_000000000187c2f0 .functor AND 1, L_00000000017fd4a0, L_00000000017fd860, C4<1>, C4<1>;
L_000000000187c360 .functor AND 1, L_000000000187c2f0, L_000000000187a8b0, C4<1>, C4<1>;
L_000000000187b8e0 .functor AND 1, L_000000000187c360, L_00000000017fd5e0, C4<1>, C4<1>;
L_000000000187ce50 .functor OR 1, L_000000000187abc0, L_000000000187b8e0, C4<0>, C4<0>;
L_000000000187c980 .functor OR 1, L_0000000001812dd8, L_000000000187ce50, C4<0>, C4<0>;
L_000000000187cec0 .functor AND 1, L_000000000187b100, L_00000000017fd860, C4<1>, C4<1>;
L_000000000187b950 .functor AND 1, L_000000000187cec0, L_000000000187a8b0, C4<1>, C4<1>;
L_000000000187ca60 .functor AND 1, L_000000000187b950, L_00000000017fd5e0, C4<1>, C4<1>;
L_000000000187cad0 .functor AND 1, L_00000000017fd860, L_00000000017fd360, C4<1>, C4<1>;
L_000000000187b9c0 .functor AND 1, L_000000000187cad0, L_000000000187a140, C4<1>, C4<1>;
L_000000000187c8a0 .functor OR 1, L_000000000187ca60, L_000000000187b9c0, C4<0>, C4<0>;
L_000000000187baa0 .functor AND 1, L_00000000017fd4a0, L_00000000017fd860, C4<1>, C4<1>;
L_000000000187cd70 .functor AND 1, L_000000000187baa0, L_000000000187a140, C4<1>, C4<1>;
L_000000000187bf70 .functor OR 1, L_000000000187c8a0, L_000000000187cd70, C4<0>, C4<0>;
L_000000000187b870 .functor AND 1, L_00000000017fd4a0, L_00000000017fd360, C4<1>, C4<1>;
L_000000000187cb40 .functor AND 1, L_000000000187b870, L_00000000017fd5e0, C4<1>, C4<1>;
L_000000000187c910 .functor OR 1, L_000000000187bf70, L_000000000187cb40, C4<0>, C4<0>;
L_000000000187bc60 .functor OR 1, L_0000000001812dd8, L_000000000187c910, C4<0>, C4<0>;
L_000000000187c1a0 .functor AND 1, L_000000000187b100, L_000000000187a5a0, C4<1>, C4<1>;
L_000000000187c590 .functor AND 1, L_000000000187c1a0, L_00000000017fd360, C4<1>, C4<1>;
L_000000000187bfe0 .functor AND 1, L_000000000187c590, L_000000000187a140, C4<1>, C4<1>;
L_000000000187c750 .functor AND 1, L_00000000017fd4a0, L_00000000017fd860, C4<1>, C4<1>;
L_000000000187d010 .functor AND 1, L_000000000187c750, L_000000000187a140, C4<1>, C4<1>;
L_000000000187d1d0 .functor OR 1, L_000000000187bfe0, L_000000000187d010, C4<0>, C4<0>;
L_000000000187d080 .functor AND 1, L_00000000017fd4a0, L_00000000017fd860, C4<1>, C4<1>;
L_000000000187d240 .functor AND 1, L_000000000187d080, L_00000000017fd360, C4<1>, C4<1>;
L_000000000187cd00 .functor OR 1, L_000000000187d1d0, L_000000000187d240, C4<0>, C4<0>;
L_000000000187c520 .functor OR 1, L_0000000001812dd8, L_000000000187cd00, C4<0>, C4<0>;
L_000000000187d0f0 .functor AND 1, L_000000000187b100, L_000000000187a5a0, C4<1>, C4<1>;
L_000000000187d2b0 .functor AND 1, L_000000000187d0f0, L_000000000187a8b0, C4<1>, C4<1>;
L_000000000187c050 .functor AND 1, L_000000000187d2b0, L_00000000017fd5e0, C4<1>, C4<1>;
L_000000000187bcd0 .functor AND 1, L_000000000187b100, L_00000000017fd860, C4<1>, C4<1>;
L_000000000187bbf0 .functor AND 1, L_000000000187bcd0, L_000000000187a8b0, C4<1>, C4<1>;
L_000000000187bd40 .functor AND 1, L_000000000187bbf0, L_000000000187a140, C4<1>, C4<1>;
L_000000000187c4b0 .functor OR 1, L_000000000187c050, L_000000000187bd40, C4<0>, C4<0>;
L_000000000187cbb0 .functor AND 1, L_00000000017fd860, L_00000000017fd360, C4<1>, C4<1>;
L_000000000187ba30 .functor AND 1, L_000000000187cbb0, L_00000000017fd5e0, C4<1>, C4<1>;
L_000000000187c830 .functor OR 1, L_000000000187c4b0, L_000000000187ba30, C4<0>, C4<0>;
L_000000000187c670 .functor AND 1, L_00000000017fd4a0, L_000000000187a5a0, C4<1>, C4<1>;
L_000000000187cfa0 .functor AND 1, L_000000000187c670, L_00000000017fd360, C4<1>, C4<1>;
L_000000000187d160 .functor AND 1, L_000000000187cfa0, L_000000000187a140, C4<1>, C4<1>;
L_000000000187b720 .functor OR 1, L_000000000187c830, L_000000000187d160, C4<0>, C4<0>;
L_000000000187b790 .functor OR 1, L_0000000001812dd8, L_000000000187b720, C4<0>, C4<0>;
L_000000000187c280 .functor AND 1, L_000000000187b100, L_00000000017fd5e0, C4<1>, C4<1>;
L_000000000187bb10 .functor AND 1, L_000000000187b100, L_00000000017fd860, C4<1>, C4<1>;
L_000000000187b800 .functor AND 1, L_000000000187bb10, L_000000000187a8b0, C4<1>, C4<1>;
L_000000000187bf00 .functor OR 1, L_000000000187c280, L_000000000187b800, C4<0>, C4<0>;
L_000000000187cf30 .functor AND 1, L_000000000187a5a0, L_000000000187a8b0, C4<1>, C4<1>;
L_000000000187c3d0 .functor AND 1, L_000000000187cf30, L_00000000017fd5e0, C4<1>, C4<1>;
L_000000000187bb80 .functor OR 1, L_000000000187bf00, L_000000000187c3d0, C4<0>, C4<0>;
L_000000000187bdb0 .functor OR 1, L_0000000001812dd8, L_000000000187bb80, C4<0>, C4<0>;
L_000000000187cc20 .functor AND 1, L_000000000187b100, L_000000000187a5a0, C4<1>, C4<1>;
L_000000000187c600 .functor AND 1, L_000000000187cc20, L_00000000017fd5e0, C4<1>, C4<1>;
L_000000000187cc90 .functor AND 1, L_000000000187b100, L_000000000187a5a0, C4<1>, C4<1>;
L_000000000187c7c0 .functor AND 1, L_000000000187cc90, L_00000000017fd360, C4<1>, C4<1>;
L_000000000187c6e0 .functor OR 1, L_000000000187c600, L_000000000187c7c0, C4<0>, C4<0>;
L_000000000187cde0 .functor AND 1, L_000000000187b100, L_00000000017fd360, C4<1>, C4<1>;
L_000000000187be20 .functor AND 1, L_000000000187cde0, L_00000000017fd5e0, C4<1>, C4<1>;
L_000000000187be90 .functor OR 1, L_000000000187c6e0, L_000000000187be20, C4<0>, C4<0>;
L_000000000187c0c0 .functor AND 1, L_00000000017fd4a0, L_00000000017fd860, C4<1>, C4<1>;
L_000000000187c9f0 .functor AND 1, L_000000000187c0c0, L_000000000187a8b0, C4<1>, C4<1>;
L_000000000187c210 .functor AND 1, L_000000000187c9f0, L_00000000017fd5e0, C4<1>, C4<1>;
L_000000000187c130 .functor OR 1, L_000000000187be90, L_000000000187c210, C4<0>, C4<0>;
L_000000000187c440 .functor OR 1, L_0000000001812dd8, L_000000000187c130, C4<0>, C4<0>;
L_000000000187e740 .functor AND 1, L_000000000187b100, L_000000000187a5a0, C4<1>, C4<1>;
L_000000000187d470 .functor AND 1, L_000000000187e740, L_000000000187a8b0, C4<1>, C4<1>;
L_000000000187e6d0 .functor AND 1, L_000000000187b100, L_00000000017fd860, C4<1>, C4<1>;
L_000000000187dbe0 .functor AND 1, L_000000000187e6d0, L_00000000017fd360, C4<1>, C4<1>;
L_000000000187eeb0 .functor AND 1, L_000000000187dbe0, L_00000000017fd5e0, C4<1>, C4<1>;
L_000000000187e7b0 .functor OR 1, L_000000000187d470, L_000000000187eeb0, C4<0>, C4<0>;
L_000000000187e200 .functor AND 1, L_00000000017fd4a0, L_00000000017fd860, C4<1>, C4<1>;
L_000000000187e120 .functor AND 1, L_000000000187e200, L_000000000187a8b0, C4<1>, C4<1>;
L_000000000187e660 .functor AND 1, L_000000000187e120, L_000000000187a140, C4<1>, C4<1>;
L_000000000187d7f0 .functor OR 1, L_000000000187e7b0, L_000000000187e660, C4<0>, C4<0>;
L_000000000187d630 .functor OR 1, L_0000000001812dd8, L_000000000187d7f0, C4<0>, C4<0>;
L_000000000187e9e0 .functor NOT 1, L_00000000017fc5a0, C4<0>, C4<0>, C4<0>;
v00000000017d9430_0 .net "D0", 0 0, L_00000000017fd5e0;  1 drivers
v00000000017d7e50_0 .net "D0n", 0 0, L_000000000187a140;  1 drivers
v00000000017d87b0_0 .net "D1", 0 0, L_00000000017fd360;  1 drivers
v00000000017d9930_0 .net "D1n", 0 0, L_000000000187a8b0;  1 drivers
v00000000017d8d50_0 .net "D2", 0 0, L_00000000017fd860;  1 drivers
v00000000017d9250_0 .net "D2n", 0 0, L_000000000187a5a0;  1 drivers
v00000000017d8e90_0 .net "D3", 0 0, L_00000000017fd4a0;  1 drivers
v00000000017d9c50_0 .net "D3n", 0 0, L_000000000187b100;  1 drivers
v00000000017d9390_0 .net "LE", 0 0, L_0000000001812dd8;  alias, 1 drivers
v00000000017d9b10_0 .net *"_s10", 0 0, L_000000000187a990;  1 drivers
v00000000017d9bb0_0 .net *"_s100", 0 0, L_000000000187cbb0;  1 drivers
v00000000017db730_0 .net *"_s102", 0 0, L_000000000187ba30;  1 drivers
v00000000017db410_0 .net *"_s104", 0 0, L_000000000187c830;  1 drivers
v00000000017db4b0_0 .net *"_s106", 0 0, L_000000000187c670;  1 drivers
v00000000017da3d0_0 .net *"_s108", 0 0, L_000000000187cfa0;  1 drivers
v00000000017db550_0 .net *"_s110", 0 0, L_000000000187d160;  1 drivers
v00000000017dbb90_0 .net *"_s112", 0 0, L_000000000187b720;  1 drivers
v00000000017db9b0_0 .net *"_s116", 0 0, L_000000000187c280;  1 drivers
v00000000017dbcd0_0 .net *"_s118", 0 0, L_000000000187bb10;  1 drivers
v00000000017da470_0 .net *"_s12", 0 0, L_000000000187b3a0;  1 drivers
v00000000017db190_0 .net *"_s120", 0 0, L_000000000187b800;  1 drivers
v00000000017dc130_0 .net *"_s122", 0 0, L_000000000187bf00;  1 drivers
v00000000017dc270_0 .net *"_s124", 0 0, L_000000000187cf30;  1 drivers
v00000000017dbff0_0 .net *"_s126", 0 0, L_000000000187c3d0;  1 drivers
v00000000017db690_0 .net *"_s128", 0 0, L_000000000187bb80;  1 drivers
v00000000017dc450_0 .net *"_s132", 0 0, L_000000000187cc20;  1 drivers
v00000000017dafb0_0 .net *"_s134", 0 0, L_000000000187c600;  1 drivers
v00000000017dabf0_0 .net *"_s136", 0 0, L_000000000187cc90;  1 drivers
v00000000017db230_0 .net *"_s138", 0 0, L_000000000187c7c0;  1 drivers
v00000000017db0f0_0 .net *"_s14", 0 0, L_000000000187b410;  1 drivers
v00000000017db5f0_0 .net *"_s140", 0 0, L_000000000187c6e0;  1 drivers
v00000000017da150_0 .net *"_s142", 0 0, L_000000000187cde0;  1 drivers
v00000000017dab50_0 .net *"_s144", 0 0, L_000000000187be20;  1 drivers
v00000000017da510_0 .net *"_s146", 0 0, L_000000000187be90;  1 drivers
v00000000017db7d0_0 .net *"_s148", 0 0, L_000000000187c0c0;  1 drivers
v00000000017dba50_0 .net *"_s150", 0 0, L_000000000187c9f0;  1 drivers
v00000000017dc1d0_0 .net *"_s152", 0 0, L_000000000187c210;  1 drivers
v00000000017dc310_0 .net *"_s154", 0 0, L_000000000187c130;  1 drivers
v00000000017dc3b0_0 .net *"_s158", 0 0, L_000000000187e740;  1 drivers
v00000000017daab0_0 .net *"_s16", 0 0, L_000000000187aa70;  1 drivers
v00000000017db870_0 .net *"_s160", 0 0, L_000000000187d470;  1 drivers
v00000000017d9cf0_0 .net *"_s162", 0 0, L_000000000187e6d0;  1 drivers
v00000000017da290_0 .net *"_s164", 0 0, L_000000000187dbe0;  1 drivers
v00000000017dad30_0 .net *"_s166", 0 0, L_000000000187eeb0;  1 drivers
v00000000017da5b0_0 .net *"_s168", 0 0, L_000000000187e7b0;  1 drivers
v00000000017dac90_0 .net *"_s170", 0 0, L_000000000187e200;  1 drivers
v00000000017dadd0_0 .net *"_s172", 0 0, L_000000000187e120;  1 drivers
v00000000017db910_0 .net *"_s174", 0 0, L_000000000187e660;  1 drivers
v00000000017d9d90_0 .net *"_s176", 0 0, L_000000000187d7f0;  1 drivers
v00000000017d9e30_0 .net *"_s18", 0 0, L_000000000187a610;  1 drivers
v00000000017dbd70_0 .net *"_s20", 0 0, L_000000000187aa00;  1 drivers
v00000000017da010_0 .net *"_s22", 0 0, L_000000000187aae0;  1 drivers
v00000000017daa10_0 .net *"_s24", 0 0, L_000000000187b560;  1 drivers
v00000000017dc090_0 .net *"_s26", 0 0, L_000000000187b480;  1 drivers
v00000000017db2d0_0 .net *"_s28", 0 0, L_000000000187abc0;  1 drivers
v00000000017dae70_0 .net *"_s30", 0 0, L_000000000187c2f0;  1 drivers
v00000000017daf10_0 .net *"_s32", 0 0, L_000000000187c360;  1 drivers
v00000000017db050_0 .net *"_s34", 0 0, L_000000000187b8e0;  1 drivers
v00000000017da330_0 .net *"_s36", 0 0, L_000000000187ce50;  1 drivers
v00000000017dbaf0_0 .net *"_s40", 0 0, L_000000000187cec0;  1 drivers
v00000000017dbc30_0 .net *"_s42", 0 0, L_000000000187b950;  1 drivers
v00000000017da1f0_0 .net *"_s44", 0 0, L_000000000187ca60;  1 drivers
v00000000017d9ed0_0 .net *"_s46", 0 0, L_000000000187cad0;  1 drivers
v00000000017dbe10_0 .net *"_s48", 0 0, L_000000000187b9c0;  1 drivers
v00000000017db370_0 .net *"_s50", 0 0, L_000000000187c8a0;  1 drivers
v00000000017dbeb0_0 .net *"_s52", 0 0, L_000000000187baa0;  1 drivers
v00000000017d9f70_0 .net *"_s54", 0 0, L_000000000187cd70;  1 drivers
v00000000017dbf50_0 .net *"_s56", 0 0, L_000000000187bf70;  1 drivers
v00000000017da0b0_0 .net *"_s58", 0 0, L_000000000187b870;  1 drivers
v00000000017da970_0 .net *"_s60", 0 0, L_000000000187cb40;  1 drivers
v00000000017da650_0 .net *"_s62", 0 0, L_000000000187c910;  1 drivers
v00000000017da6f0_0 .net *"_s66", 0 0, L_000000000187c1a0;  1 drivers
v00000000017da790_0 .net *"_s68", 0 0, L_000000000187c590;  1 drivers
v00000000017da830_0 .net *"_s70", 0 0, L_000000000187bfe0;  1 drivers
v00000000017da8d0_0 .net *"_s72", 0 0, L_000000000187c750;  1 drivers
v00000000017f1a60_0 .net *"_s74", 0 0, L_000000000187d010;  1 drivers
v00000000017f3540_0 .net *"_s76", 0 0, L_000000000187d1d0;  1 drivers
v00000000017f21e0_0 .net *"_s78", 0 0, L_000000000187d080;  1 drivers
v00000000017f2960_0 .net *"_s8", 0 0, L_000000000187b5d0;  1 drivers
v00000000017f2780_0 .net *"_s80", 0 0, L_000000000187d240;  1 drivers
v00000000017f1e20_0 .net *"_s82", 0 0, L_000000000187cd00;  1 drivers
v00000000017f2d20_0 .net *"_s86", 0 0, L_000000000187d0f0;  1 drivers
v00000000017f2140_0 .net *"_s88", 0 0, L_000000000187d2b0;  1 drivers
v00000000017f3900_0 .net *"_s90", 0 0, L_000000000187c050;  1 drivers
v00000000017f11a0_0 .net *"_s92", 0 0, L_000000000187bcd0;  1 drivers
v00000000017f37c0_0 .net *"_s94", 0 0, L_000000000187bbf0;  1 drivers
v00000000017f30e0_0 .net *"_s96", 0 0, L_000000000187bd40;  1 drivers
v00000000017f1600_0 .net *"_s98", 0 0, L_000000000187c4b0;  1 drivers
v00000000017f2fa0_0 .net "a", 0 0, L_000000000187c980;  1 drivers
v00000000017f3680_0 .net "b", 0 0, L_000000000187bc60;  1 drivers
v00000000017f26e0_0 .net "c", 0 0, L_000000000187c520;  1 drivers
v00000000017f1240_0 .net "d", 0 0, L_000000000187b790;  1 drivers
v00000000017f2a00_0 .net "e", 0 0, L_000000000187bdb0;  1 drivers
v00000000017f1ec0_0 .net "f", 0 0, L_000000000187c440;  1 drivers
v00000000017f3860_0 .net "g", 0 0, L_000000000187d630;  1 drivers
v00000000017f14c0_0 .net "p", 0 0, L_000000000187e9e0;  1 drivers
v00000000017f1560_0 .net "point", 0 0, L_00000000017fc5a0;  1 drivers
S_00000000017f0b00 .scope module, "cd" "clkdiv" 5 28, 7 1 0, S_00000000012bb820;
 .timescale 0 0;
    .port_info 0 /INPUT 1 "clk";
    .port_info 1 /INPUT 1 "rst";
    .port_info 2 /OUTPUT 32 "clkdiv";
v00000000017f2280_0 .net "clk", 0 0, v00000000017f61a0_0;  alias, 1 drivers
v00000000017f2320_0 .var "clkdiv", 31 0;
v00000000017f2820_0 .net "rst", 0 0, L_000000000180cea0;  alias, 1 drivers
E_0000000001744090 .event posedge, v00000000017f2820_0, v00000000017f2280_0;
S_0000000001801130 .scope module, "ctrl1" "LED_ctrl" 5 53, 8 1 0, S_00000000012bb820;
 .timescale 0 0;
    .port_info 0 /INPUT 1 "clk";
    .port_info 1 /INPUT 1 "start";
    .port_info 2 /INPUT 8 "I0";
    .port_info 3 /INPUT 8 "I1";
    .port_info 4 /INPUT 8 "I2";
    .port_info 5 /INPUT 8 "I3";
    .port_info 6 /INPUT 8 "I4";
    .port_info 7 /INPUT 8 "I5";
    .port_info 8 /INPUT 8 "I6";
    .port_info 9 /INPUT 8 "I7";
    .port_info 10 /OUTPUT 1 "clk_LED";
    .port_info 11 /OUTPUT 1 "o_LED";
    .port_info 12 /OUTPUT 1 "clr_LED";
    .port_info 13 /OUTPUT 1 "EN_LED";
L_0000000001813060 .functor BUFT 1, C4<1>, C4<0>, C4<0>, C4<0>;
L_000000000187e900 .functor XNOR 1, L_00000000017fc0a0, L_0000000001813060, C4<0>, C4<0>;
L_00000000018130a8 .functor BUFT 1, C4<0>, C4<0>, C4<0>, C4<0>;
L_000000000187dda0 .functor XNOR 1, v00000000017f2500_0, L_00000000018130a8, C4<0>, C4<0>;
L_000000000187d390 .functor AND 1, L_000000000187e900, L_000000000187dda0, C4<1>, C4<1>;
L_000000000187e2e0 .functor NOT 1, L_00000000017fc000, C4<0>, C4<0>, C4<0>;
L_000000000187d5c0 .functor AND 1, L_000000000187e2e0, v00000000017f2aa0_0, C4<1>, C4<1>;
v00000000017f3040_0 .var "EN_LED", 0 0;
v00000000017f2b40_0 .net "I0", 7 0, L_00000000017fc280;  alias, 1 drivers
v00000000017f2dc0_0 .net "I1", 7 0, L_00000000017fb7e0;  alias, 1 drivers
v00000000017f23c0_0 .net "I2", 7 0, L_00000000017fba60;  alias, 1 drivers
v00000000017f25a0_0 .net "I3", 7 0, L_00000000017fb420;  alias, 1 drivers
v00000000017f12e0_0 .net "I4", 7 0, L_00000000017fd180;  alias, 1 drivers
v00000000017f1420_0 .net "I5", 7 0, L_00000000017fc3c0;  alias, 1 drivers
v00000000017f19c0_0 .net "I6", 7 0, L_00000000017fc500;  alias, 1 drivers
v00000000017f32c0_0 .net "I7", 7 0, L_00000000017fc8c0;  alias, 1 drivers
v00000000017f1880_0 .net *"_s12", 0 0, L_000000000187e2e0;  1 drivers
v00000000017f1380_0 .net/2u *"_s2", 0 0, L_0000000001813060;  1 drivers
v00000000017f20a0_0 .net *"_s4", 0 0, L_000000000187e900;  1 drivers
v00000000017f2c80_0 .net/2u *"_s6", 0 0, L_00000000018130a8;  1 drivers
v00000000017f16a0_0 .net *"_s8", 0 0, L_000000000187dda0;  1 drivers
v00000000017f1740_0 .var "bit_cnt", 5 0;
v00000000017f2e60_0 .net "clk", 0 0, L_00000000017fc000;  1 drivers
v00000000017f2460_0 .net "clk_LED", 0 0, L_000000000187d5c0;  alias, 1 drivers
v00000000017f17e0_0 .var "clr_LED", 0 0;
v00000000017f2640_0 .var "clr_flag", 0 0;
v00000000017f3220_0 .var "data_reg", 63 0;
v00000000017f1920_0 .var "o_LED", 0 0;
v00000000017f1ce0_0 .net "parallel_data", 63 0, L_00000000017fbf60;  1 drivers
v00000000017f2aa0_0 .var "sending", 0 0;
v00000000017f3180_0 .net "start", 0 0, L_00000000017fc0a0;  1 drivers
v00000000017f2500_0 .var "start_d", 0 0;
v00000000017f2f00_0 .net "start_rise", 0 0, L_000000000187d390;  1 drivers
E_0000000001743910 .event posedge, v00000000017f2e60_0;
LS_00000000017fbf60_0_0 .concat [ 8 8 8 8], L_00000000017fc280, L_00000000017fb7e0, L_00000000017fba60, L_00000000017fb420;
LS_00000000017fbf60_0_4 .concat [ 8 8 8 8], L_00000000017fd180, L_00000000017fc3c0, L_00000000017fc500, L_00000000017fc8c0;
L_00000000017fbf60 .concat [ 32 32 0 0], LS_00000000017fbf60_0_0, LS_00000000017fbf60_0_4;
S_0000000001802120 .scope module, "numc0" "create_number" 5 29, 9 18 0, S_00000000012bb820;
 .timescale 0 0;
    .port_info 0 /INPUT 1 "clk";
    .port_info 1 /INPUT 4 "btn";
    .port_info 2 /OUTPUT 4 "n0";
    .port_info 3 /OUTPUT 4 "n1";
    .port_info 4 /OUTPUT 4 "n2";
    .port_info 5 /OUTPUT 4 "n3";
L_0000000001812e20 .functor BUFT 1, C4<0001>, C4<0>, C4<0>, C4<0>;
v00000000017f5b60_0 .net/2u *"_s0", 3 0, L_0000000001812e20;  1 drivers
L_0000000001812ef8 .functor BUFT 1, C4<0001>, C4<0>, C4<0>, C4<0>;
v00000000017f3f40_0 .net/2u *"_s12", 3 0, L_0000000001812ef8;  1 drivers
v00000000017f4620_0 .net *"_s35", 0 0, L_00000000017fa520;  1 drivers
v00000000017f52a0_0 .net *"_s39", 0 0, L_00000000017f8c20;  1 drivers
L_0000000001812e68 .functor BUFT 1, C4<0001>, C4<0>, C4<0>, C4<0>;
v00000000017f5ca0_0 .net/2u *"_s4", 3 0, L_0000000001812e68;  1 drivers
v00000000017f55c0_0 .net *"_s43", 0 0, L_00000000017f9760;  1 drivers
v00000000017f4c60_0 .net *"_s47", 0 0, L_00000000017fb100;  1 drivers
L_0000000001812eb0 .functor BUFT 1, C4<0001>, C4<0>, C4<0>, C4<0>;
v00000000017f4f80_0 .net/2u *"_s8", 3 0, L_0000000001812eb0;  1 drivers
v00000000017f5d40_0 .net "btn", 3 0, L_00000000017fa0c0;  1 drivers
v00000000017f3e00_0 .net "clk", 0 0, L_00000000017fa020;  1 drivers
v00000000017f5200_0 .var "n0", 3 0;
v00000000017f46c0_0 .var "n1", 3 0;
v00000000017f5de0_0 .var "n2", 3 0;
v00000000017f5e80_0 .var "n3", 3 0;
v00000000017f5f20_0 .net "t0", 3 0, L_00000000017f9ee0;  1 drivers
v00000000017f39a0_0 .net "t1", 3 0, L_00000000017fa980;  1 drivers
v00000000017f4b20_0 .net "t2", 3 0, L_00000000017fa840;  1 drivers
v00000000017f4800_0 .net "t3", 3 0, L_00000000017f9da0;  1 drivers
v00000000017f5340_0 .net "tbtn", 3 0, L_00000000017f9620;  1 drivers
E_000000000173c910 .event posedge, L_00000000017fb100;
E_000000000173d1d0 .event posedge, L_00000000017f9760;
E_000000000173ced0 .event posedge, L_00000000017f8c20;
E_000000000173cf10 .event posedge, L_00000000017fa520;
L_00000000017f9ee0 .arith/sum 4, v00000000017f5200_0, L_0000000001812e20;
L_00000000017fa980 .arith/sum 4, v00000000017f46c0_0, L_0000000001812e68;
L_00000000017fa840 .arith/sum 4, v00000000017f5de0_0, L_0000000001812eb0;
L_00000000017f9da0 .arith/sum 4, v00000000017f5e80_0, L_0000000001812ef8;
L_00000000017f9580 .part L_00000000017fa0c0, 0, 1;
L_00000000017fa2a0 .part L_00000000017fa0c0, 1, 1;
L_00000000017f9f80 .part L_00000000017fa0c0, 2, 1;
L_00000000017f8f40 .part L_00000000017fa0c0, 3, 1;
L_00000000017f9620 .concat8 [ 1 1 1 1], v00000000017f2000_0, v00000000017f1f60_0, v00000000017f2be0_0, v00000000017f6100_0;
L_00000000017fa520 .part L_00000000017f9620, 0, 1;
L_00000000017f8c20 .part L_00000000017f9620, 1, 1;
L_00000000017f9760 .part L_00000000017f9620, 2, 1;
L_00000000017fb100 .part L_00000000017f9620, 3, 1;
S_0000000001801ae0 .scope module, "db0" "pbdebounce" 9 38, 9 1 0, S_0000000001802120;
 .timescale 0 0;
    .port_info 0 /INPUT 1 "clk_1ms";
    .port_info 1 /INPUT 1 "I";
    .port_info 2 /OUTPUT 1 "O";
v00000000017f1b00_0 .net "I", 0 0, L_00000000017f9580;  1 drivers
v00000000017f2000_0 .var "O", 0 0;
v00000000017f1ba0_0 .net "clk_1ms", 0 0, L_00000000017fa020;  alias, 1 drivers
v00000000017f3360_0 .var "pbshift", 7 0;
E_000000000173cc90 .event posedge, v00000000017f1ba0_0;
S_0000000001801f90 .scope module, "db1" "pbdebounce" 9 39, 9 1 0, S_0000000001802120;
 .timescale 0 0;
    .port_info 0 /INPUT 1 "clk_1ms";
    .port_info 1 /INPUT 1 "I";
    .port_info 2 /OUTPUT 1 "O";
v00000000017f3720_0 .net "I", 0 0, L_00000000017fa2a0;  1 drivers
v00000000017f1f60_0 .var "O", 0 0;
v00000000017f3400_0 .net "clk_1ms", 0 0, L_00000000017fa020;  alias, 1 drivers
v00000000017f1c40_0 .var "pbshift", 7 0;
S_0000000001801310 .scope module, "db2" "pbdebounce" 9 40, 9 1 0, S_0000000001802120;
 .timescale 0 0;
    .port_info 0 /INPUT 1 "clk_1ms";
    .port_info 1 /INPUT 1 "I";
    .port_info 2 /OUTPUT 1 "O";
v00000000017f28c0_0 .net "I", 0 0, L_00000000017f9f80;  1 drivers
v00000000017f2be0_0 .var "O", 0 0;
v00000000017f34a0_0 .net "clk_1ms", 0 0, L_00000000017fa020;  alias, 1 drivers
v00000000017f1d80_0 .var "pbshift", 7 0;
S_00000000018017c0 .scope module, "db3" "pbdebounce" 9 41, 9 1 0, S_0000000001802120;
 .timescale 0 0;
    .port_info 0 /INPUT 1 "clk_1ms";
    .port_info 1 /INPUT 1 "I";
    .port_info 2 /OUTPUT 1 "O";
v00000000017f35e0_0 .net "I", 0 0, L_00000000017f8f40;  1 drivers
v00000000017f6100_0 .var "O", 0 0;
v00000000017f58e0_0 .net "clk_1ms", 0 0, L_00000000017fa020;  alias, 1 drivers
v00000000017f5c00_0 .var "pbshift", 7 0;
S_0000000001801c70 .scope module, "numc1" "create_number" 5 30, 9 18 0, S_00000000012bb820;
 .timescale 0 0;
    .port_info 0 /INPUT 1 "clk";
    .port_info 1 /INPUT 4 "btn";
    .port_info 2 /OUTPUT 4 "n0";
    .port_info 3 /OUTPUT 4 "n1";
    .port_info 4 /OUTPUT 4 "n2";
    .port_info 5 /OUTPUT 4 "n3";
L_0000000001812f40 .functor BUFT 1, C4<0001>, C4<0>, C4<0>, C4<0>;
v00000000017f5a20_0 .net/2u *"_s0", 3 0, L_0000000001812f40;  1 drivers
L_0000000001813018 .functor BUFT 1, C4<0001>, C4<0>, C4<0>, C4<0>;
v00000000017f4080_0 .net/2u *"_s12", 3 0, L_0000000001813018;  1 drivers
v00000000017f5520_0 .net *"_s35", 0 0, L_00000000017fab60;  1 drivers
v00000000017f4da0_0 .net *"_s39", 0 0, L_00000000017fac00;  1 drivers
L_0000000001812f88 .functor BUFT 1, C4<0001>, C4<0>, C4<0>, C4<0>;
v00000000017f3fe0_0 .net/2u *"_s4", 3 0, L_0000000001812f88;  1 drivers
v00000000017f4580_0 .net *"_s43", 0 0, L_00000000017fafc0;  1 drivers
v00000000017f4760_0 .net *"_s47", 0 0, L_00000000017fb060;  1 drivers
L_0000000001812fd0 .functor BUFT 1, C4<0001>, C4<0>, C4<0>, C4<0>;
v00000000017f3a40_0 .net/2u *"_s8", 3 0, L_0000000001812fd0;  1 drivers
v00000000017f5980_0 .net "btn", 3 0, L_00000000017fc140;  1 drivers
v00000000017f6060_0 .net "clk", 0 0, L_00000000017f8ea0;  1 drivers
v00000000017f44e0_0 .var "n0", 3 0;
v00000000017f3ae0_0 .var "n1", 3 0;
v00000000017f4120_0 .var "n2", 3 0;
v00000000017f3b80_0 .var "n3", 3 0;
v00000000017f3ea0_0 .net "t0", 3 0, L_00000000017fa160;  1 drivers
v00000000017f4260_0 .net "t1", 3 0, L_00000000017fa200;  1 drivers
v00000000017f43a0_0 .net "t2", 3 0, L_00000000017fa3e0;  1 drivers
v00000000017f4e40_0 .net "t3", 3 0, L_00000000017f8a40;  1 drivers
v00000000017f5700_0 .net "tbtn", 3 0, L_00000000017f8cc0;  1 drivers
E_000000000173ce10 .event posedge, L_00000000017fb060;
E_000000000173c4d0 .event posedge, L_00000000017fafc0;
E_000000000173c510 .event posedge, L_00000000017fac00;
E_000000000173c6d0 .event posedge, L_00000000017fab60;
L_00000000017fa160 .arith/sum 4, v00000000017f44e0_0, L_0000000001812f40;
L_00000000017fa200 .arith/sum 4, v00000000017f3ae0_0, L_0000000001812f88;
L_00000000017fa3e0 .arith/sum 4, v00000000017f4120_0, L_0000000001812fd0;
L_00000000017f8a40 .arith/sum 4, v00000000017f3b80_0, L_0000000001813018;
L_00000000017fa480 .part L_00000000017fc140, 0, 1;
L_00000000017f9800 .part L_00000000017fc140, 1, 1;
L_00000000017faa20 .part L_00000000017fc140, 2, 1;
L_00000000017faac0 .part L_00000000017fc140, 3, 1;
L_00000000017f8cc0 .concat8 [ 1 1 1 1], v00000000017f4bc0_0, v00000000017f53e0_0, v00000000017f41c0_0, v00000000017f3d60_0;
L_00000000017fab60 .part L_00000000017f8cc0, 0, 1;
L_00000000017fac00 .part L_00000000017f8cc0, 1, 1;
L_00000000017fafc0 .part L_00000000017f8cc0, 2, 1;
L_00000000017fb060 .part L_00000000017f8cc0, 3, 1;
S_0000000001801630 .scope module, "db0" "pbdebounce" 9 38, 9 1 0, S_0000000001801c70;
 .timescale 0 0;
    .port_info 0 /INPUT 1 "clk_1ms";
    .port_info 1 /INPUT 1 "I";
    .port_info 2 /OUTPUT 1 "O";
v00000000017f4300_0 .net "I", 0 0, L_00000000017fa480;  1 drivers
v00000000017f4bc0_0 .var "O", 0 0;
v00000000017f49e0_0 .net "clk_1ms", 0 0, L_00000000017f8ea0;  alias, 1 drivers
v00000000017f4a80_0 .var "pbshift", 7 0;
E_000000000173d150 .event posedge, v00000000017f49e0_0;
S_0000000001801e00 .scope module, "db1" "pbdebounce" 9 39, 9 1 0, S_0000000001801c70;
 .timescale 0 0;
    .port_info 0 /INPUT 1 "clk_1ms";
    .port_info 1 /INPUT 1 "I";
    .port_info 2 /OUTPUT 1 "O";
v00000000017f57a0_0 .net "I", 0 0, L_00000000017f9800;  1 drivers
v00000000017f53e0_0 .var "O", 0 0;
v00000000017f3cc0_0 .net "clk_1ms", 0 0, L_00000000017f8ea0;  alias, 1 drivers
v00000000017f4ee0_0 .var "pbshift", 7 0;
S_00000000018014a0 .scope module, "db2" "pbdebounce" 9 40, 9 1 0, S_0000000001801c70;
 .timescale 0 0;
    .port_info 0 /INPUT 1 "clk_1ms";
    .port_info 1 /INPUT 1 "I";
    .port_info 2 /OUTPUT 1 "O";
v00000000017f3c20_0 .net "I", 0 0, L_00000000017faa20;  1 drivers
v00000000017f41c0_0 .var "O", 0 0;
v00000000017f5ac0_0 .net "clk_1ms", 0 0, L_00000000017f8ea0;  alias, 1 drivers
v00000000017f5fc0_0 .var "pbshift", 7 0;
S_0000000001801950 .scope module, "db3" "pbdebounce" 9 41, 9 1 0, S_0000000001801c70;
 .timescale 0 0;
    .port_info 0 /INPUT 1 "clk_1ms";
    .port_info 1 /INPUT 1 "I";
    .port_info 2 /OUTPUT 1 "O";
v00000000017f5480_0 .net "I", 0 0, L_00000000017faac0;  1 drivers
v00000000017f3d60_0 .var "O", 0 0;
v00000000017f5660_0 .net "clk_1ms", 0 0, L_00000000017f8ea0;  alias, 1 drivers
v00000000017f4d00_0 .var "pbshift", 7 0;
    .scope S_00000000017f0b00;
T_0 ;
    %pushi/vec4 0, 0, 32;
    %assign/vec4 v00000000017f2320_0, 0;
    %end;
    .thread T_0;
    .scope S_00000000017f0b00;
T_1 ;
    %wait E_0000000001744090;
    %load/vec4 v00000000017f2820_0;
    %flag_set/vec4 8;
    %jmp/0xz  T_1.0, 8;
    %pushi/vec4 0, 0, 32;
    %assign/vec4 v00000000017f2320_0, 0;
    %jmp T_1.1;
T_1.0 ;
    %load/vec4 v00000000017f2320_0;
    %addi 1, 0, 32;
    %assign/vec4 v00000000017f2320_0, 0;
T_1.1 ;
    %jmp T_1;
    .thread T_1;
    .scope S_0000000001801ae0;
T_2 ;
    %pushi/vec4 0, 0, 1;
    %store/vec4 v00000000017f2000_0, 0, 1;
    %end;
    .thread T_2;
    .scope S_0000000001801ae0;
T_3 ;
    %wait E_000000000173cc90;
    %load/vec4 v00000000017f3360_0;
    %ix/load 4, 1, 0;
    %flag_set/imm 4, 0;
    %shiftl 4;
    %store/vec4 v00000000017f3360_0, 0, 8;
    %load/vec4 v00000000017f1b00_0;
    %ix/load 4, 0, 0;
    %flag_set/imm 4, 0;
    %store/vec4 v00000000017f3360_0, 4, 1;
    %load/vec4 v00000000017f3360_0;
    %cmpi/e 0, 0, 8;
    %jmp/0xz  T_3.0, 4;
    %pushi/vec4 0, 0, 1;
    %store/vec4 v00000000017f2000_0, 0, 1;
T_3.0 ;
    %load/vec4 v00000000017f3360_0;
    %cmpi/e 255, 0, 8;
    %jmp/0xz  T_3.2, 4;
    %pushi/vec4 1, 0, 1;
    %store/vec4 v00000000017f2000_0, 0, 1;
T_3.2 ;
    %jmp T_3;
    .thread T_3;
    .scope S_0000000001801f90;
T_4 ;
    %pushi/vec4 0, 0, 1;
    %store/vec4 v00000000017f1f60_0, 0, 1;
    %end;
    .thread T_4;
    .scope S_0000000001801f90;
T_5 ;
    %wait E_000000000173cc90;
    %load/vec4 v00000000017f1c40_0;
    %ix/load 4, 1, 0;
    %flag_set/imm 4, 0;
    %shiftl 4;
    %store/vec4 v00000000017f1c40_0, 0, 8;
    %load/vec4 v00000000017f3720_0;
    %ix/load 4, 0, 0;
    %flag_set/imm 4, 0;
    %store/vec4 v00000000017f1c40_0, 4, 1;
    %load/vec4 v00000000017f1c40_0;
    %cmpi/e 0, 0, 8;
    %jmp/0xz  T_5.0, 4;
    %pushi/vec4 0, 0, 1;
    %store/vec4 v00000000017f1f60_0, 0, 1;
T_5.0 ;
    %load/vec4 v00000000017f1c40_0;
    %cmpi/e 255, 0, 8;
    %jmp/0xz  T_5.2, 4;
    %pushi/vec4 1, 0, 1;
    %store/vec4 v00000000017f1f60_0, 0, 1;
T_5.2 ;
    %jmp T_5;
    .thread T_5;
    .scope S_0000000001801310;
T_6 ;
    %pushi/vec4 0, 0, 1;
    %store/vec4 v00000000017f2be0_0, 0, 1;
    %end;
    .thread T_6;
    .scope S_0000000001801310;
T_7 ;
    %wait E_000000000173cc90;
    %load/vec4 v00000000017f1d80_0;
    %ix/load 4, 1, 0;
    %flag_set/imm 4, 0;
    %shiftl 4;
    %store/vec4 v00000000017f1d80_0, 0, 8;
    %load/vec4 v00000000017f28c0_0;
    %ix/load 4, 0, 0;
    %flag_set/imm 4, 0;
    %store/vec4 v00000000017f1d80_0, 4, 1;
    %load/vec4 v00000000017f1d80_0;
    %cmpi/e 0, 0, 8;
    %jmp/0xz  T_7.0, 4;
    %pushi/vec4 0, 0, 1;
    %store/vec4 v00000000017f2be0_0, 0, 1;
T_7.0 ;
    %load/vec4 v00000000017f1d80_0;
    %cmpi/e 255, 0, 8;
    %jmp/0xz  T_7.2, 4;
    %pushi/vec4 1, 0, 1;
    %store/vec4 v00000000017f2be0_0, 0, 1;
T_7.2 ;
    %jmp T_7;
    .thread T_7;
    .scope S_00000000018017c0;
T_8 ;
    %pushi/vec4 0, 0, 1;
    %store/vec4 v00000000017f6100_0, 0, 1;
    %end;
    .thread T_8;
    .scope S_00000000018017c0;
T_9 ;
    %wait E_000000000173cc90;
    %load/vec4 v00000000017f5c00_0;
    %ix/load 4, 1, 0;
    %flag_set/imm 4, 0;
    %shiftl 4;
    %store/vec4 v00000000017f5c00_0, 0, 8;
    %load/vec4 v00000000017f35e0_0;
    %ix/load 4, 0, 0;
    %flag_set/imm 4, 0;
    %store/vec4 v00000000017f5c00_0, 4, 1;
    %load/vec4 v00000000017f5c00_0;
    %cmpi/e 0, 0, 8;
    %jmp/0xz  T_9.0, 4;
    %pushi/vec4 0, 0, 1;
    %store/vec4 v00000000017f6100_0, 0, 1;
T_9.0 ;
    %load/vec4 v00000000017f5c00_0;
    %cmpi/e 255, 0, 8;
    %jmp/0xz  T_9.2, 4;
    %pushi/vec4 1, 0, 1;
    %store/vec4 v00000000017f6100_0, 0, 1;
T_9.2 ;
    %jmp T_9;
    .thread T_9;
    .scope S_0000000001802120;
T_10 ;
    %pushi/vec4 0, 0, 16;
    %split/vec4 4;
    %assign/vec4 v00000000017f5200_0, 0;
    %split/vec4 4;
    %assign/vec4 v00000000017f46c0_0, 0;
    %split/vec4 4;
    %assign/vec4 v00000000017f5de0_0, 0;
    %assign/vec4 v00000000017f5e80_0, 0;
    %end;
    .thread T_10;
    .scope S_0000000001802120;
T_11 ;
    %wait E_000000000173cf10;
    %load/vec4 v00000000017f5f20_0;
    %assign/vec4 v00000000017f5200_0, 0;
    %jmp T_11;
    .thread T_11;
    .scope S_0000000001802120;
T_12 ;
    %wait E_000000000173ced0;
    %load/vec4 v00000000017f39a0_0;
    %assign/vec4 v00000000017f46c0_0, 0;
    %jmp T_12;
    .thread T_12;
    .scope S_0000000001802120;
T_13 ;
    %wait E_000000000173d1d0;
    %load/vec4 v00000000017f4b20_0;
    %assign/vec4 v00000000017f5de0_0, 0;
    %jmp T_13;
    .thread T_13;
    .scope S_0000000001802120;
T_14 ;
    %wait E_000000000173c910;
    %load/vec4 v00000000017f4800_0;
    %assign/vec4 v00000000017f5e80_0, 0;
    %jmp T_14;
    .thread T_14;
    .scope S_0000000001801630;
T_15 ;
    %pushi/vec4 0, 0, 1;
    %store/vec4 v00000000017f4bc0_0, 0, 1;
    %end;
    .thread T_15;
    .scope S_0000000001801630;
T_16 ;
    %wait E_000000000173d150;
    %load/vec4 v00000000017f4a80_0;
    %ix/load 4, 1, 0;
    %flag_set/imm 4, 0;
    %shiftl 4;
    %store/vec4 v00000000017f4a80_0, 0, 8;
    %load/vec4 v00000000017f4300_0;
    %ix/load 4, 0, 0;
    %flag_set/imm 4, 0;
    %store/vec4 v00000000017f4a80_0, 4, 1;
    %load/vec4 v00000000017f4a80_0;
    %cmpi/e 0, 0, 8;
    %jmp/0xz  T_16.0, 4;
    %pushi/vec4 0, 0, 1;
    %store/vec4 v00000000017f4bc0_0, 0, 1;
T_16.0 ;
    %load/vec4 v00000000017f4a80_0;
    %cmpi/e 255, 0, 8;
    %jmp/0xz  T_16.2, 4;
    %pushi/vec4 1, 0, 1;
    %store/vec4 v00000000017f4bc0_0, 0, 1;
T_16.2 ;
    %jmp T_16;
    .thread T_16;
    .scope S_0000000001801e00;
T_17 ;
    %pushi/vec4 0, 0, 1;
    %store/vec4 v00000000017f53e0_0, 0, 1;
    %end;
    .thread T_17;
    .scope S_0000000001801e00;
T_18 ;
    %wait E_000000000173d150;
    %load/vec4 v00000000017f4ee0_0;
    %ix/load 4, 1, 0;
    %flag_set/imm 4, 0;
    %shiftl 4;
    %store/vec4 v00000000017f4ee0_0, 0, 8;
    %load/vec4 v00000000017f57a0_0;
    %ix/load 4, 0, 0;
    %flag_set/imm 4, 0;
    %store/vec4 v00000000017f4ee0_0, 4, 1;
    %load/vec4 v00000000017f4ee0_0;
    %cmpi/e 0, 0, 8;
    %jmp/0xz  T_18.0, 4;
    %pushi/vec4 0, 0, 1;
    %store/vec4 v00000000017f53e0_0, 0, 1;
T_18.0 ;
    %load/vec4 v00000000017f4ee0_0;
    %cmpi/e 255, 0, 8;
    %jmp/0xz  T_18.2, 4;
    %pushi/vec4 1, 0, 1;
    %store/vec4 v00000000017f53e0_0, 0, 1;
T_18.2 ;
    %jmp T_18;
    .thread T_18;
    .scope S_00000000018014a0;
T_19 ;
    %pushi/vec4 0, 0, 1;
    %store/vec4 v00000000017f41c0_0, 0, 1;
    %end;
    .thread T_19;
    .scope S_00000000018014a0;
T_20 ;
    %wait E_000000000173d150;
    %load/vec4 v00000000017f5fc0_0;
    %ix/load 4, 1, 0;
    %flag_set/imm 4, 0;
    %shiftl 4;
    %store/vec4 v00000000017f5fc0_0, 0, 8;
    %load/vec4 v00000000017f3c20_0;
    %ix/load 4, 0, 0;
    %flag_set/imm 4, 0;
    %store/vec4 v00000000017f5fc0_0, 4, 1;
    %load/vec4 v00000000017f5fc0_0;
    %cmpi/e 0, 0, 8;
    %jmp/0xz  T_20.0, 4;
    %pushi/vec4 0, 0, 1;
    %store/vec4 v00000000017f41c0_0, 0, 1;
T_20.0 ;
    %load/vec4 v00000000017f5fc0_0;
    %cmpi/e 255, 0, 8;
    %jmp/0xz  T_20.2, 4;
    %pushi/vec4 1, 0, 1;
    %store/vec4 v00000000017f41c0_0, 0, 1;
T_20.2 ;
    %jmp T_20;
    .thread T_20;
    .scope S_0000000001801950;
T_21 ;
    %pushi/vec4 0, 0, 1;
    %store/vec4 v00000000017f3d60_0, 0, 1;
    %end;
    .thread T_21;
    .scope S_0000000001801950;
T_22 ;
    %wait E_000000000173d150;
    %load/vec4 v00000000017f4d00_0;
    %ix/load 4, 1, 0;
    %flag_set/imm 4, 0;
    %shiftl 4;
    %store/vec4 v00000000017f4d00_0, 0, 8;
    %load/vec4 v00000000017f5480_0;
    %ix/load 4, 0, 0;
    %flag_set/imm 4, 0;
    %store/vec4 v00000000017f4d00_0, 4, 1;
    %load/vec4 v00000000017f4d00_0;
    %cmpi/e 0, 0, 8;
    %jmp/0xz  T_22.0, 4;
    %pushi/vec4 0, 0, 1;
    %store/vec4 v00000000017f3d60_0, 0, 1;
T_22.0 ;
    %load/vec4 v00000000017f4d00_0;
    %cmpi/e 255, 0, 8;
    %jmp/0xz  T_22.2, 4;
    %pushi/vec4 1, 0, 1;
    %store/vec4 v00000000017f3d60_0, 0, 1;
T_22.2 ;
    %jmp T_22;
    .thread T_22;
    .scope S_0000000001801c70;
T_23 ;
    %pushi/vec4 0, 0, 16;
    %split/vec4 4;
    %assign/vec4 v00000000017f44e0_0, 0;
    %split/vec4 4;
    %assign/vec4 v00000000017f3ae0_0, 0;
    %split/vec4 4;
    %assign/vec4 v00000000017f4120_0, 0;
    %assign/vec4 v00000000017f3b80_0, 0;
    %end;
    .thread T_23;
    .scope S_0000000001801c70;
T_24 ;
    %wait E_000000000173c6d0;
    %load/vec4 v00000000017f3ea0_0;
    %assign/vec4 v00000000017f44e0_0, 0;
    %jmp T_24;
    .thread T_24;
    .scope S_0000000001801c70;
T_25 ;
    %wait E_000000000173c510;
    %load/vec4 v00000000017f4260_0;
    %assign/vec4 v00000000017f3ae0_0, 0;
    %jmp T_25;
    .thread T_25;
    .scope S_0000000001801c70;
T_26 ;
    %wait E_000000000173c4d0;
    %load/vec4 v00000000017f43a0_0;
    %assign/vec4 v00000000017f4120_0, 0;
    %jmp T_26;
    .thread T_26;
    .scope S_0000000001801c70;
T_27 ;
    %wait E_000000000173ce10;
    %load/vec4 v00000000017f4e40_0;
    %assign/vec4 v00000000017f3b80_0, 0;
    %jmp T_27;
    .thread T_27;
    .scope S_0000000001801130;
T_28 ;
    %pushi/vec4 0, 0, 64;
    %store/vec4 v00000000017f3220_0, 0, 64;
    %pushi/vec4 0, 0, 6;
    %store/vec4 v00000000017f1740_0, 0, 6;
    %pushi/vec4 0, 0, 1;
    %store/vec4 v00000000017f2aa0_0, 0, 1;
    %pushi/vec4 0, 0, 1;
    %store/vec4 v00000000017f2500_0, 0, 1;
    %pushi/vec4 0, 0, 1;
    %store/vec4 v00000000017f2640_0, 0, 1;
    %pushi/vec4 1, 0, 1;
    %store/vec4 v00000000017f17e0_0, 0, 1;
    %pushi/vec4 1, 0, 1;
    %store/vec4 v00000000017f3040_0, 0, 1;
    %pushi/vec4 0, 0, 1;
    %store/vec4 v00000000017f1920_0, 0, 1;
    %end;
    .thread T_28;
    .scope S_0000000001801130;
T_29 ;
    %wait E_0000000001743910;
    %load/vec4 v00000000017f3180_0;
    %assign/vec4 v00000000017f2500_0, 0;
    %jmp T_29;
    .thread T_29;
    .scope S_0000000001801130;
T_30 ;
    %wait E_0000000001743910;
    %load/vec4 v00000000017f2aa0_0;
    %nor/r;
    %flag_set/vec4 8;
    %jmp/0xz  T_30.0, 8;
    %load/vec4 v00000000017f2f00_0;
    %flag_set/vec4 8;
    %jmp/0xz  T_30.2, 8;
    %pushi/vec4 1, 0, 1;
    %assign/vec4 v00000000017f17e0_0, 0;
    %pushi/vec4 1, 0, 1;
    %assign/vec4 v00000000017f2640_0, 0;
    %load/vec4 v00000000017f1ce0_0;
    %assign/vec4 v00000000017f3220_0, 0;
    %pushi/vec4 0, 0, 6;
    %assign/vec4 v00000000017f1740_0, 0;
    %pushi/vec4 0, 0, 1;
    %assign/vec4 v00000000017f2aa0_0, 0;
    %pushi/vec4 1, 0, 1;
    %assign/vec4 v00000000017f3040_0, 0;
    %pushi/vec4 0, 0, 1;
    %assign/vec4 v00000000017f1920_0, 0;
    %jmp T_30.3;
T_30.2 ;
    %pushi/vec4 1, 0, 1;
    %assign/vec4 v00000000017f17e0_0, 0;
    %pushi/vec4 1, 0, 1;
    %assign/vec4 v00000000017f3040_0, 0;
    %pushi/vec4 0, 0, 1;
    %assign/vec4 v00000000017f1920_0, 0;
T_30.3 ;
    %jmp T_30.1;
T_30.0 ;
    %pushi/vec4 1, 0, 1;
    %assign/vec4 v00000000017f17e0_0, 0;
    %pushi/vec4 1, 0, 1;
    %assign/vec4 v00000000017f3040_0, 0;
    %load/vec4 v00000000017f1740_0;
    %cmpi/u 63, 0, 6;
    %jmp/0xz  T_30.4, 5;
    %load/vec4 v00000000017f3220_0;
    %pushi/vec4 63, 0, 32;
    %load/vec4 v00000000017f1740_0;
    %pad/u 32;
    %sub;
    %subi 1, 0, 32;
    %part/u 1;
    %assign/vec4 v00000000017f1920_0, 0;
    %load/vec4 v00000000017f1740_0;
    %addi 1, 0, 6;
    %assign/vec4 v00000000017f1740_0, 0;
    %jmp T_30.5;
T_30.4 ;
    %pushi/vec4 0, 0, 6;
    %assign/vec4 v00000000017f1740_0, 0;
    %pushi/vec4 0, 0, 1;
    %assign/vec4 v00000000017f2aa0_0, 0;
    %pushi/vec4 1, 0, 1;
    %assign/vec4 v00000000017f3040_0, 0;
T_30.5 ;
T_30.1 ;
    %load/vec4 v00000000017f2640_0;
    %flag_set/vec4 8;
    %jmp/0xz  T_30.6, 8;
    %pushi/vec4 0, 0, 1;
    %assign/vec4 v00000000017f2640_0, 0;
    %pushi/vec4 1, 0, 1;
    %assign/vec4 v00000000017f2aa0_0, 0;
    %load/vec4 v00000000017f3220_0;
    %parti/s 1, 63, 7;
    %assign/vec4 v00000000017f1920_0, 0;
T_30.6 ;
    %jmp T_30;
    .thread T_30;
    .scope S_00000000012bb820;
T_31 ;
    %pushi/vec4 0, 0, 1;
    %assign/vec4 v00000000017f5020_0, 0;
    %end;
    .thread T_31;
    .scope S_00000000012d49f0;
T_32 ;
    %pushi/vec4 0, 0, 8;
    %store/vec4 v00000000017f7320_0, 0, 8;
    %pushi/vec4 0, 0, 9;
    %store/vec4 v00000000017f7c80_0, 0, 9;
    %pushi/vec4 0, 0, 1;
    %store/vec4 v00000000017f61a0_0, 0, 1;
    %end;
    .thread T_32;
    .scope S_00000000012d49f0;
T_33 ;
    %delay 5, 0;
    %load/vec4 v00000000017f61a0_0;
    %inv;
    %store/vec4 v00000000017f61a0_0, 0, 1;
    %jmp T_33;
    .thread T_33;
    .scope S_00000000012d49f0;
T_34 ;
    %delay 5000, 0;
    %pushi/vec4 17, 0, 8;
    %ix/load 4, 0, 0;
    %flag_set/imm 4, 0;
    %store/vec4 v00000000017f7c80_0, 4, 8;
    %delay 10000, 0;
    %pushi/vec4 0, 0, 8;
    %ix/load 4, 0, 0;
    %flag_set/imm 4, 0;
    %store/vec4 v00000000017f7c80_0, 4, 8;
    %delay 5000, 0;
    %pushi/vec4 17, 0, 8;
    %ix/load 4, 0, 0;
    %flag_set/imm 4, 0;
    %store/vec4 v00000000017f7c80_0, 4, 8;
    %delay 10000, 0;
    %pushi/vec4 0, 0, 8;
    %ix/load 4, 0, 0;
    %flag_set/imm 4, 0;
    %store/vec4 v00000000017f7c80_0, 4, 8;
    %delay 5000, 0;
    %pushi/vec4 66, 0, 8;
    %ix/load 4, 0, 0;
    %flag_set/imm 4, 0;
    %store/vec4 v00000000017f7c80_0, 4, 8;
    %delay 10000, 0;
    %pushi/vec4 0, 0, 8;
    %ix/load 4, 0, 0;
    %flag_set/imm 4, 0;
    %store/vec4 v00000000017f7c80_0, 4, 8;
    %delay 5000, 0;
    %pushi/vec4 36, 0, 8;
    %ix/load 4, 0, 0;
    %flag_set/imm 4, 0;
    %store/vec4 v00000000017f7c80_0, 4, 8;
    %delay 10000, 0;
    %pushi/vec4 0, 0, 8;
    %ix/load 4, 0, 0;
    %flag_set/imm 4, 0;
    %store/vec4 v00000000017f7c80_0, 4, 8;
    %delay 5000, 0;
    %pushi/vec4 1, 0, 1;
    %ix/load 4, 8, 0;
    %flag_set/imm 4, 0;
    %store/vec4 v00000000017f7c80_0, 4, 1;
    %delay 5000, 0;
    %pushi/vec4 0, 0, 1;
    %ix/load 4, 8, 0;
    %flag_set/imm 4, 0;
    %store/vec4 v00000000017f7c80_0, 4, 1;
    %end;
    .thread T_34;
    .scope S_00000000012d49f0;
T_35 ;
    %vpi_call 4 38 "$dumpfile", ".\134build\134wave.vcd" {0 0 0};
    %vpi_call 4 39 "$dumpvars", 32'sb00000000000000000000000000000000, S_00000000012d49f0 {0 0 0};
    %delay 200000, 0;
    %vpi_call 4 40 "$finish" {0 0 0};
    %end;
    .thread T_35;
# The file index is used to find the file name in the following table.
:file_names 10;
    "N/A";
    "<interactive>";
    ".\src\display.v";
    ".\src\MUX41.v";
    ".\src\testbench_top.v";
    ".\src\top.v";
    ".\src\MyMC14495.v";
    ".\src\clkdiv.v";
    ".\src\LED.v";
    ".\src\createnumber.v";
